csv_line,case_num,modality,reference,status,resolved_path,decode_error
2,1,derm,NEL/Nel026.jpg,exact,NEL/Nel026.jpg,
2,1,clinic,NEL/NEL025.JPG,exact,NEL/NEL025.JPG,
3,2,derm,NEL/Nel028.jpg,exact,NEL/Nel028.jpg,
3,2,clinic,NEL/NEL027.JPG,exact,NEL/NEL027.JPG,
4,3,derm,NEL/Nel033.jpg,exact,NEL/Nel033.jpg,
4,3,clinic,NEL/Nel032.jpg,exact,NEL/Nel032.jpg,
5,4,derm,NEL/Nel035.jpg,exact,NEL/Nel035.jpg,
5,4,clinic,NEL/NEL034.JPG,exact,NEL/NEL034.JPG,
6,5,derm,NEL/Nel037.jpg,exact,NEL/Nel037.jpg,
6,5,clinic,NEL/NEL036.JPG,exact,NEL/NEL036.JPG,
7,6,derm,NEL/Nel039.jpg,exact,NEL/Nel039.jpg,
7,6,clinic,NEL/Nel038.jpg,exact,NEL/Nel038.jpg,
8,7,derm,NEL/Nel041.jpg,exact,NEL/Nel041.jpg,
8,7,clinic,NEL/Nel040.jpg,exact,NEL/Nel040.jpg,
9,8,derm,NEL/Nel085.jpg,exact,NEL/Nel085.jpg,
9,8,clinic,NEL/Nel084.jpg,exact,NEL/Nel084.jpg,
10,9,derm,NEL/Nel087.jpg,exact,NEL/Nel087.jpg,
10,9,clinic,NEL/Nel086.jpg,exact,NEL/Nel086.jpg,
11,10,derm,NEL/Nel089.jpg,exact,NEL/Nel089.jpg,
11,10,clinic,NEL/NEL088.JPG,exact,NEL/NEL088.JPG,
12,11,derm,NEL/Nel091.jpg,exact,NEL/Nel091.jpg,
12,11,clinic,NEL/NEL090.JPG,exact,NEL/NEL090.JPG,
13,12,derm,NEL/Nel092.jpg,exact,NEL/Nel092.jpg,
13,12,clinic,NEL/NEL093.JPG,exact,NEL/NEL093.JPG,
14,13,derm,NEL/Nel095.jpg,exact,NEL/Nel095.jpg,
14,13,clinic,NEL/Nel094.jpg,exact,NEL/Nel094.jpg,
15,14,derm,NEL/Nel097.jpg,exact,NEL/Nel097.jpg,
15,14,clinic,NEL/NEL096.JPG,exact,NEL/NEL096.JPG,
16,15,derm,NEL/Nel098.jpg,exact,NEL/Nel098.jpg,
16,15,clinic,NEL/NEL099.JPG,exact,NEL/NEL099.JPG,
17,16,derm,NEL/Nel100.jpg,exact,NEL/Nel100.jpg,
17,16,clinic,NEL/Nel101.jpg,exact,NEL/Nel101.jpg,
18,17,derm,NFL/Nfl068.jpg,exact,NFL/Nfl068.jpg,
18,17,clinic,NFL/Nfl067.jpg,exact,NFL/Nfl067.jpg,
19,18,derm,NGL/Ngl047.jpg,exact,NGL/Ngl047.jpg,
19,18,clinic,NGL/NGL046.JPG,exact,NGL/NGL046.JPG,
20,19,derm,NHL/Nhl011.jpg,exact,NHL/Nhl011.jpg,
20,19,clinic,NHL/Nhl010.jpg,exact,NHL/Nhl010.jpg,
21,20,derm,NML/Nml098.jpg,exact,NML/Nml098.jpg,
21,20,clinic,NML/NML097.JPG,exact,NML/NML097.JPG,
22,21,derm,NML/Nml102.jpg,exact,NML/Nml102.jpg,
22,21,clinic,NML/Nml101.jpg,exact,NML/Nml101.jpg,
23,22,derm,NML/Nml104.jpg,exact,NML/Nml104.jpg,
23,22,clinic,NML/Nml103.jpg,exact,NML/Nml103.jpg,
24,23,derm,NML/Nml106.jpg,exact,NML/Nml106.jpg,
24,23,clinic,NML/Nml105.jpg,exact,NML/Nml105.jpg,
25,24,derm,Adl/Adl379.jpg,exact,Adl/Adl379.jpg,
25,24,clinic,Adl/Adl378.jpg,exact,Adl/Adl378.jpg,
26,25,derm,Ael/Ael455.jpg,exact,Ael/Ael455.jpg,
26,25,clinic,Ael/Ael454.jpg,exact,Ael/Ael454.jpg,
27,26,derm,Ael/Ael469.jpg,exact,Ael/Ael469.jpg,
27,26,clinic,Ael/Ael468.jpg,exact,Ael/Ael468.jpg,
28,27,derm,Ael/Ael502.jpg,exact,Ael/Ael502.jpg,
28,27,clinic,Ael/Ael501.jpg,exact,Ael/Ael501.jpg,
29,28,derm,Ael/Ael505.jpg,exact,Ael/Ael505.jpg,
29,28,clinic,Ael/Ael505bis.jpg,exact,Ael/Ael505bis.jpg,
30,29,derm,Gzl/gzl02.jpg,exact,Gzl/gzl02.jpg,
30,29,clinic,Gzl/gzl01.jpg,exact,Gzl/gzl01.jpg,
31,30,derm,Gzl/gzl06.jpg,exact,Gzl/gzl06.jpg,
31,30,clinic,Gzl/gzl05.jpg,exact,Gzl/gzl05.jpg,
32,31,derm,Gzl/gzl38.jpg,exact,Gzl/gzl38.jpg,
32,31,clinic,Gzl/gzl37.jpg,exact,Gzl/gzl37.jpg,
33,32,derm,Gal/Gal098.jpg,exact,Gal/Gal098.jpg,
33,32,clinic,Gal/Gal097.jpg,exact,Gal/Gal097.jpg,
34,33,derm,FAL/Fal096.jpg,exact,FAL/Fal096.jpg,
34,33,clinic,FAL/Fal095.jpg,exact,FAL/Fal095.jpg,
35,34,derm,FCL/Fcl062.jpg,exact,FCL/Fcl062.jpg,
35,34,clinic,FCL/Fcl061.jpg,exact,FCL/Fcl061.jpg,
36,35,derm,FDL/Fdl070.jpg,exact,FDL/Fdl070.jpg,
36,35,clinic,FDL/Fdl069.jpg,exact,FDL/Fdl069.jpg,
37,36,derm,Ggl/Ggl028.jpg,exact,Ggl/Ggl028.jpg,
37,36,clinic,Ggl/Ggl027.jpg,exact,Ggl/Ggl027.jpg,
38,37,derm,Ggl/Ggl030.jpg,exact,Ggl/Ggl030.jpg,
38,37,clinic,Ggl/Ggl029.jpg,exact,Ggl/Ggl029.jpg,
39,38,derm,Ggl/Ggl082.jpg,exact,Ggl/Ggl082.jpg,
39,38,clinic,Ggl/Ggl081.jpg,exact,Ggl/Ggl081.jpg,
40,39,derm,Fgl/Fgl088.jpg,exact,Fgl/Fgl088.jpg,
40,39,clinic,Fgl/Fgl080.jpg,exact,Fgl/Fgl080.jpg,
41,40,derm,Fgl/Fgl053.jpg,exact,Fgl/Fgl053.jpg,
41,40,clinic,Fgl/Fgl052.jpg,exact,Fgl/Fgl052.jpg,
42,41,derm,Fhl/Fhl050.jpg,exact,Fhl/Fhl050.jpg,
42,41,clinic,Fhl/Fhl049.jpg,exact,Fhl/Fhl049.jpg,
43,42,derm,Fhl/Fhl052.jpg,exact,Fhl/Fhl052.jpg,
43,42,clinic,Fhl/Fhl051.jpg,exact,Fhl/Fhl051.jpg,
44,43,derm,NFL/Nfl040.jpg,exact,NFL/Nfl040.jpg,
44,43,clinic,NFL/Nfl039.jpg,exact,NFL/Nfl039.jpg,
45,44,derm,NFL/Nfl046.jpg,exact,NFL/Nfl046.jpg,
45,44,clinic,NFL/Nfl045.jpg,exact,NFL/Nfl045.jpg,
46,45,derm,NFL/Nfl048.jpg,exact,NFL/Nfl048.jpg,
46,45,clinic,NFL/Nfl047.jpg,exact,NFL/Nfl047.jpg,
47,46,derm,NFL/Nfl050.jpg,exact,NFL/Nfl050.jpg,
47,46,clinic,NFL/Nfl049.jpg,exact,NFL/Nfl049.jpg,
48,47,derm,NGL/Ngl072.jpg,exact,NGL/Ngl072.jpg,
48,47,clinic,NGL/Ngl071.jpg,exact,NGL/Ngl071.jpg,
49,48,derm,NGL/Ngl090.jpg,exact,NGL/Ngl090.jpg,
49,48,clinic,NGL/Ngl089.jpg,exact,NGL/Ngl089.jpg,
50,49,derm,NML/Nml043.jpg,exact,NML/Nml043.jpg,
50,49,clinic,NML/Nml042.jpg,exact,NML/Nml042.jpg,
51,50,derm,NML/Nml087.jpg,exact,NML/Nml087.jpg,
51,50,clinic,NML/Nml086.jpg,exact,NML/Nml086.jpg,
52,51,derm,NML/Nml089.jpg,exact,NML/Nml089.jpg,
52,51,clinic,NML/Nml088.jpg,exact,NML/Nml088.jpg,
53,52,derm,A1l/Aal068.jpg,exact,A1l/Aal068.jpg,
53,52,clinic,A1l/Aal067.jpg,exact,A1l/Aal067.jpg,
54,53,derm,Adl/Adl325.jpg,exact,Adl/Adl325.jpg,
54,53,clinic,Adl/Adl324.jpg,exact,Adl/Adl324.jpg,
55,54,derm,Ael/Ael442.jpg,exact,Ael/Ael442.jpg,
55,54,clinic,Ael/Ael441.jpg,exact,Ael/Ael441.jpg,
56,55,derm,Ael/Ael444.jpg,exact,Ael/Ael444.jpg,
56,55,clinic,Ael/Ael443.jpg,exact,Ael/Ael443.jpg,
57,56,derm,Ael/Ael446.jpg,exact,Ael/Ael446.jpg,
57,56,clinic,Ael/Ael445.jpg,exact,Ael/Ael445.jpg,
58,57,derm,Ael/Ael508.jpg,exact,Ael/Ael508.jpg,
58,57,clinic,Ael/Ael507.jpg,exact,Ael/Ael507.jpg,
59,58,derm,Ael/Ael510.jpg,exact,Ael/Ael510.jpg,
59,58,clinic,Ael/Ael509.jpg,exact,Ael/Ael509.jpg,
60,59,derm,Ael/Ael512.jpg,exact,Ael/Ael512.jpg,
60,59,clinic,Ael/Ael511.jpg,exact,Ael/Ael511.jpg,
61,60,derm,Gzl/gzl24.jpg,exact,Gzl/gzl24.jpg,
61,60,clinic,Gzl/gzl23.jpg,exact,Gzl/gzl23.jpg,
62,61,derm,Gzl/gzl88.jpg,exact,Gzl/gzl88.jpg,
62,61,clinic,Gzl/gzl87.jpg,exact,Gzl/gzl87.jpg,
63,62,derm,Gzl/gzl42.jpg,exact,Gzl/gzl42.jpg,
63,62,clinic,Gzl/gzl41.jpg,exact,Gzl/gzl41.jpg,
64,63,derm,FAL/Fal012.jpg,exact,FAL/Fal012.jpg,
64,63,clinic,FAL/Fal010.jpg,exact,FAL/Fal010.jpg,
65,64,derm,FBL/FBL032.JPG,exact,FBL/FBL032.JPG,
65,64,clinic,FBL/FBL031.JPG,exact,FBL/FBL031.JPG,
66,65,derm,FCL/Fcl088.jpg,exact,FCL/Fcl088.jpg,
66,65,clinic,FCL/FCL087.JPG,exact,FCL/FCL087.JPG,
67,66,derm,FDL/FDL026.JPG,exact,FDL/FDL026.JPG,
67,66,clinic,FDL/Fdl025.jpg,exact,FDL/Fdl025.jpg,
68,67,derm,Ggl/Ggl004.jpg,exact,Ggl/Ggl004.jpg,
68,67,clinic,Ggl/Ggl003.jpg,exact,Ggl/Ggl003.jpg,
69,68,derm,Ggl/Ggl006.jpg,exact,Ggl/Ggl006.jpg,
69,68,clinic,Ggl/Ggl005.jpg,exact,Ggl/Ggl005.jpg,
70,69,derm,Fgl/Fgl063.jpg,exact,Fgl/Fgl063.jpg,
70,69,clinic,Fgl/Fgl062.jpg,exact,Fgl/Fgl062.jpg,
71,70,derm,Fgl/Fgl090.jpg,exact,Fgl/Fgl090.jpg,
71,70,clinic,Fgl/Fgl049.jpg,exact,Fgl/Fgl049.jpg,
72,71,derm,NDL/Ndl005.jpg,exact,NDL/Ndl005.jpg,
72,71,clinic,NDL/Ndl006.jpg,exact,NDL/Ndl006.jpg,
73,72,derm,NBL/Nbl076.jpg,exact,NBL/Nbl076.jpg,
73,72,clinic,NBL/Nbl075.jpg,exact,NBL/Nbl075.jpg,
74,73,derm,NBL/Nbl081.jpg,exact,NBL/Nbl081.jpg,
74,73,clinic,NBL/Nbl082.jpg,exact,NBL/Nbl082.jpg,
75,74,derm,NBL/Nbl086.jpg,exact,NBL/Nbl086.jpg,
75,74,clinic,NBL/Nbl085.jpg,exact,NBL/Nbl085.jpg,
76,75,derm,NBL/Nbl095.jpg,exact,NBL/Nbl095.jpg,
76,75,clinic,NBL/Nbl096.jpg,exact,NBL/Nbl096.jpg,
77,76,derm,NBL/Nbl098.jpg,exact,NBL/Nbl098.jpg,
77,76,clinic,NBL/Nbl097.jpg,exact,NBL/Nbl097.jpg,
78,77,derm,NCL/Ncl004.jpg,exact,NCL/Ncl004.jpg,
78,77,clinic,NCL/Ncl003.jpg,exact,NCL/Ncl003.jpg,
79,78,derm,NCL/Ncl006.jpg,exact,NCL/Ncl006.jpg,
79,78,clinic,NCL/Ncl005.jpg,exact,NCL/Ncl005.jpg,
80,79,derm,NCL/Ncl008.jpg,exact,NCL/Ncl008.jpg,
80,79,clinic,NCL/Ncl007.jpg,exact,NCL/Ncl007.jpg,
81,80,derm,NCL/Ncl010.jpg,exact,NCL/Ncl010.jpg,
81,80,clinic,NCL/Ncl009.jpg,exact,NCL/Ncl009.jpg,
82,81,derm,NCL/Ncl012.jpg,exact,NCL/Ncl012.jpg,
82,81,clinic,NCL/Ncl011.jpg,exact,NCL/Ncl011.jpg,
83,82,derm,NCL/Ncl014.jpg,exact,NCL/Ncl014.jpg,
83,82,clinic,NCL/Ncl013.jpg,exact,NCL/Ncl013.jpg,
84,83,derm,NCL/Ncl022.jpg,exact,NCL/Ncl022.jpg,
84,83,clinic,NCL/Ncl021.jpg,exact,NCL/Ncl021.jpg,
85,84,derm,NCL/Ncl030.jpg,exact,NCL/Ncl030.jpg,
85,84,clinic,NCL/Ncl031.jpg,exact,NCL/Ncl031.jpg,
86,85,derm,NCL/Ncl035.jpg,exact,NCL/Ncl035.jpg,
86,85,clinic,NCL/Ncl036.jpg,exact,NCL/Ncl036.jpg,
87,86,derm,NCL/Ncl044.jpg,exact,NCL/Ncl044.jpg,
87,86,clinic,NCL/Ncl043.jpg,exact,NCL/Ncl043.jpg,
88,87,derm,NCL/Ncl048.jpg,exact,NCL/Ncl048.jpg,
88,87,clinic,NCL/Ncl047.jpg,exact,NCL/Ncl047.jpg,
89,88,derm,NCL/Ncl050.jpg,exact,NCL/Ncl050.jpg,
89,88,clinic,NCL/Ncl049.jpg,exact,NCL/Ncl049.jpg,
90,89,derm,NCL/Ncl051.jpg,exact,NCL/Ncl051.jpg,
90,89,clinic,NCL/Ncl052.jpg,exact,NCL/Ncl052.jpg,
91,90,derm,NCL/Ncl053.jpg,exact,NCL/Ncl053.jpg,
91,90,clinic,NCL/Ncl054.jpg,exact,NCL/Ncl054.jpg,
92,91,derm,NCL/Ncl056.jpg,exact,NCL/Ncl056.jpg,
92,91,clinic,NCL/Ncl055.jpg,exact,NCL/Ncl055.jpg,
93,92,derm,NCL/Ncl063.jpg,exact,NCL/Ncl063.jpg,
93,92,clinic,NCL/Ncl062.jpg,exact,NCL/Ncl062.jpg,
94,93,derm,NCL/Ncl064.jpg,exact,NCL/Ncl064.jpg,
94,93,clinic,NCL/Ncl065.jpg,exact,NCL/Ncl065.jpg,
95,94,derm,NCL/Ncl069.jpg,exact,NCL/Ncl069.jpg,
95,94,clinic,NCL/NCL070.JPG,exact,NCL/NCL070.JPG,
96,95,derm,NCL/Ncl076.jpg,exact,NCL/Ncl076.jpg,
96,95,clinic,NCL/Ncl075.jpg,exact,NCL/Ncl075.jpg,
97,96,derm,NCL/Ncl079.jpg,exact,NCL/Ncl079.jpg,
97,96,clinic,NCL/Ncl080.jpg,exact,NCL/Ncl080.jpg,
98,97,derm,NCL/Ncl083.jpg,exact,NCL/Ncl083.jpg,
98,97,clinic,NCL/Ncl084.jpg,exact,NCL/Ncl084.jpg,
99,98,derm,NCL/Ncl085.jpg,exact,NCL/Ncl085.jpg,
99,98,clinic,NCL/Ncl086.jpg,exact,NCL/Ncl086.jpg,
100,99,derm,NDL/Ndl009.jpg,exact,NDL/Ndl009.jpg,
100,99,clinic,NDL/Ndl010.jpg,exact,NDL/Ndl010.jpg,
101,100,derm,NDL/Ndl012.jpg,exact,NDL/Ndl012.jpg,
101,100,clinic,NDL/Ndl011.jpg,exact,NDL/Ndl011.jpg,
102,101,derm,NDL/ndl013.jpg,exact,NDL/ndl013.jpg,
102,101,clinic,NDL/ndl014.jpg,exact,NDL/ndl014.jpg,
103,102,derm,NDL/Ndl018.jpg,exact,NDL/Ndl018.jpg,
103,102,clinic,NDL/Ndl017.jpg,exact,NDL/Ndl017.jpg,
104,103,derm,NDL/Ndl021.jpg,exact,NDL/Ndl021.jpg,
104,103,clinic,NDL/Ndl020.jpg,exact,NDL/Ndl020.jpg,
105,104,derm,NDL/Ndl022.jpg,exact,NDL/Ndl022.jpg,
105,104,clinic,NDL/Ndl023.jpg,exact,NDL/Ndl023.jpg,
106,105,derm,NDL/Ndl025.jpg,exact,NDL/Ndl025.jpg,
106,105,clinic,NDL/Ndl024.jpg,exact,NDL/Ndl024.jpg,
107,106,derm,NDL/Ndl027.jpg,exact,NDL/Ndl027.jpg,
107,106,clinic,NDL/Ndl026.jpg,exact,NDL/Ndl026.jpg,
108,107,derm,NDL/Ndl028.jpg,exact,NDL/Ndl028.jpg,
108,107,clinic,NDL/Ndl029.jpg,exact,NDL/Ndl029.jpg,
109,108,derm,NDL/Ndl031.jpg,exact,NDL/Ndl031.jpg,
109,108,clinic,NDL/Ndl030.jpg,exact,NDL/Ndl030.jpg,
110,109,derm,NDL/Ndl033.jpg,exact,NDL/Ndl033.jpg,
110,109,clinic,NDL/Ndl032.jpg,exact,NDL/Ndl032.jpg,
111,110,derm,NDL/Ndl035.jpg,exact,NDL/Ndl035.jpg,
111,110,clinic,NDL/NDL034.JPG,exact,NDL/NDL034.JPG,
112,111,derm,NDL/Ndl037.jpg,exact,NDL/Ndl037.jpg,
112,111,clinic,NDL/Ndl036.jpg,exact,NDL/Ndl036.jpg,
113,112,derm,NDL/Ndl039.jpg,exact,NDL/Ndl039.jpg,
113,112,clinic,NDL/Ndl038.jpg,exact,NDL/Ndl038.jpg,
114,113,derm,NDL/Ndl040.jpg,exact,NDL/Ndl040.jpg,
114,113,clinic,NDL/Ndl041.jpg,exact,NDL/Ndl041.jpg,
115,114,derm,NFL/Nfl032.jpg,exact,NFL/Nfl032.jpg,
115,114,clinic,NFL/Nfl031.jpg,exact,NFL/Nfl031.jpg,
116,115,derm,NFL/Nfl052.jpg,exact,NFL/Nfl052.jpg,
116,115,clinic,NFL/NFL051.JPG,exact,NFL/NFL051.JPG,
117,116,derm,NGL/Ngl023.jpg,exact,NGL/Ngl023.jpg,
117,116,clinic,NGL/Ngl022.jpg,exact,NGL/Ngl022.jpg,
118,117,derm,NGL/Ngl043.jpg,exact,NGL/Ngl043.jpg,
118,117,clinic,NGL/Ngl042.jpg,exact,NGL/Ngl042.jpg,
119,118,derm,NGL/Ngl049.jpg,exact,NGL/Ngl049.jpg,
119,118,clinic,NGL/NGL048.JPG,exact,NGL/NGL048.JPG,
120,119,derm,NGL/Ngl053.jpg,exact,NGL/Ngl053.jpg,
120,119,clinic,NGL/Ngl052.jpg,exact,NGL/Ngl052.jpg,
121,120,derm,NGL/Ngl074.jpg,exact,NGL/Ngl074.jpg,
121,120,clinic,NGL/Ngl073.jpg,exact,NGL/Ngl073.jpg,
122,121,derm,NGL/Ngl076.jpg,exact,NGL/Ngl076.jpg,
122,121,clinic,NGL/Ngl075.jpg,exact,NGL/Ngl075.jpg,
123,122,derm,NGL/Ngl092.jpg,exact,NGL/Ngl092.jpg,
123,122,clinic,NGL/Ngl091.jpg,exact,NGL/Ngl091.jpg,
124,123,derm,NGL/Ngl094.jpg,exact,NGL/Ngl094.jpg,
124,123,clinic,NGL/Ngl093.jpg,exact,NGL/Ngl093.jpg,
125,124,derm,NGL/Ngl096.jpg,exact,NGL/Ngl096.jpg,
125,124,clinic,NGL/Ngl095.jpg,exact,NGL/Ngl095.jpg,
126,125,derm,NHL/Nhl013.jpg,exact,NHL/Nhl013.jpg,
126,125,clinic,NHL/Nhl012.jpg,exact,NHL/Nhl012.jpg,
127,126,derm,NHL/Nhl015.jpg,exact,NHL/Nhl015.jpg,
127,126,clinic,NHL/Nhl014.jpg,exact,NHL/Nhl014.jpg,
128,127,derm,NIL/Nil002.jpg,exact,NIL/Nil002.jpg,
128,127,clinic,NIL/Nil001.jpg,exact,NIL/Nil001.jpg,
129,128,derm,NIL/Nil006.jpg,exact,NIL/Nil006.jpg,
129,128,clinic,NIL/Nil005.jpg,exact,NIL/Nil005.jpg,
130,129,derm,NIL/Nil008.jpg,exact,NIL/Nil008.jpg,
130,129,clinic,NIL/Nil007.jpg,exact,NIL/Nil007.jpg,
131,130,derm,NIL/Nil010.jpg,exact,NIL/Nil010.jpg,
131,130,clinic,NIL/Nil009.jpg,exact,NIL/Nil009.jpg,
132,131,derm,NIL/Nil021.jpg,exact,NIL/Nil021.jpg,
132,131,clinic,NIL/Nil020.jpg,exact,NIL/Nil020.jpg,
133,132,derm,NIL/Nil025.jpg,exact,NIL/Nil025.jpg,
133,132,clinic,NIL/Nil024.jpg,exact,NIL/Nil024.jpg,
134,133,derm,NIL/Nil027.jpg,exact,NIL/Nil027.jpg,
134,133,clinic,NIL/Nil026.jpg,exact,NIL/Nil026.jpg,
135,134,derm,NIL/Nil033.jpg,exact,NIL/Nil033.jpg,
135,134,clinic,NIL/Nil032.jpg,exact,NIL/Nil032.jpg,
136,135,derm,NIL/Nil035.jpg,exact,NIL/Nil035.jpg,
136,135,clinic,NIL/Nil034.jpg,exact,NIL/Nil034.jpg,
137,136,derm,NIL/Nil037.jpg,exact,NIL/Nil037.jpg,
137,136,clinic,NIL/Nil036.jpg,exact,NIL/Nil036.jpg,
138,137,derm,NIL/Nil043.jpg,exact,NIL/Nil043.jpg,
138,137,clinic,NIL/Nil042.jpg,exact,NIL/Nil042.jpg,
139,138,derm,NIL/Nil045.jpg,exact,NIL/Nil045.jpg,
139,138,clinic,NIL/Nil044.jpg,exact,NIL/Nil044.jpg,
140,139,derm,NIL/Nil048.jpg,exact,NIL/Nil048.jpg,
140,139,clinic,NIL/Nil047.jpg,exact,NIL/Nil047.jpg,
141,140,derm,NIL/Nil052.jpg,exact,NIL/Nil052.jpg,
141,140,clinic,NIL/Nil051.jpg,exact,NIL/Nil051.jpg,
142,141,derm,NIL/Nil054.jpg,exact,NIL/Nil054.jpg,
142,141,clinic,NIL/Nil053.jpg,exact,NIL/Nil053.jpg,
143,142,derm,NIL/Nil056.jpg,exact,NIL/Nil056.jpg,
143,142,clinic,NIL/NIL055.JPG,exact,NIL/NIL055.JPG,
144,143,derm,NIL/Nil060.jpg,exact,NIL/Nil060.jpg,
144,143,clinic,NIL/Nil059.jpg,exact,NIL/Nil059.jpg,
145,144,derm,NLL/Nll016.jpg,exact,NLL/Nll016.jpg,
145,144,clinic,NLL/Nll015.jpg,exact,NLL/Nll015.jpg,
146,145,derm,NLL/Nll018.jpg,exact,NLL/Nll018.jpg,
146,145,clinic,NLL/Nll017.jpg,exact,NLL/Nll017.jpg,
147,146,derm,NLL/Nll020.jpg,exact,NLL/Nll020.jpg,
147,146,clinic,NLL/Nll019.jpg,exact,NLL/Nll019.jpg,
148,147,derm,NLL/nll022.jpg,exact,NLL/nll022.jpg,
148,147,clinic,NLL/Nll021.jpg,exact,NLL/Nll021.jpg,
149,148,derm,NLL/nll026.jpg,exact,NLL/nll026.jpg,
149,148,clinic,NLL/Nll025.jpg,exact,NLL/Nll025.jpg,
150,149,derm,NLL/Nll030.jpg,exact,NLL/Nll030.jpg,
150,149,clinic,NLL/nll029.jpg,exact,NLL/nll029.jpg,
151,150,derm,NLL/nll032.jpg,exact,NLL/nll032.jpg,
151,150,clinic,NLL/nll031.jpg,exact,NLL/nll031.jpg,
152,151,derm,NLL/NLL034.JPG,exact,NLL/NLL034.JPG,
152,151,clinic,NLL/nll033.jpg,exact,NLL/nll033.jpg,
153,152,derm,NLL/Nll042.jpg,exact,NLL/Nll042.jpg,
153,152,clinic,NLL/Nll041.jpg,exact,NLL/Nll041.jpg,
154,153,derm,NLL/Nll046.jpg,exact,NLL/Nll046.jpg,
154,153,clinic,NLL/NLL045.JPG,exact,NLL/NLL045.JPG,
155,154,derm,NLL/Nll060.jpg,exact,NLL/Nll060.jpg,
155,154,clinic,NLL/Nll059.jpg,exact,NLL/Nll059.jpg,
156,155,derm,NLL/Nll062.jpg,exact,NLL/Nll062.jpg,
156,155,clinic,NLL/Nll061.jpg,exact,NLL/Nll061.jpg,
157,156,derm,NLL/NLL067.JPG,exact,NLL/NLL067.JPG,
157,156,clinic,NLL/NLL065.JPG,exact,NLL/NLL065.JPG,
158,157,derm,NLL/Nll069.jpg,exact,NLL/Nll069.jpg,
158,157,clinic,NLL/Nll068.jpg,exact,NLL/Nll068.jpg,
159,158,derm,NLL/Nll072.jpg,exact,NLL/Nll072.jpg,
159,158,clinic,NLL/Nll071.jpg,exact,NLL/Nll071.jpg,
160,159,derm,NLL/Nll076.jpg,exact,NLL/Nll076.jpg,
160,159,clinic,NLL/Nll075.jpg,exact,NLL/Nll075.jpg,
161,160,derm,NLL/Nll084.jpg,exact,NLL/Nll084.jpg,
161,160,clinic,NLL/Nll083.jpg,exact,NLL/Nll083.jpg,
162,161,derm,NLL/Nll094.jpg,exact,NLL/Nll094.jpg,
162,161,clinic,NLL/Nll093.jpg,exact,NLL/Nll093.jpg,
163,162,derm,NLL/Nll098.jpg,exact,NLL/Nll098.jpg,
163,162,clinic,NLL/Nll097.jpg,exact,NLL/Nll097.jpg,
164,163,derm,NLL/Nll102.jpg,exact,NLL/Nll102.jpg,
164,163,clinic,NLL/Nll101.jpg,exact,NLL/Nll101.jpg,
165,164,derm,NLL/Nll104.jpg,exact,NLL/Nll104.jpg,
165,164,clinic,NLL/Nll103.jpg,exact,NLL/Nll103.jpg,
166,165,derm,NLL/Nll106.jpg,exact,NLL/Nll106.jpg,
166,165,clinic,NLL/Nll105.jpg,exact,NLL/Nll105.jpg,
167,166,derm,NML/Nml002.jpg,exact,NML/Nml002.jpg,
167,166,clinic,NML/NML001.JPG,exact,NML/NML001.JPG,
168,167,derm,NML/Nml006.jpg,exact,NML/Nml006.jpg,
168,167,clinic,NML/NML005.JPG,exact,NML/NML005.JPG,
169,168,derm,NML/Nml008.jpg,exact,NML/Nml008.jpg,
169,168,clinic,NML/Nml007.jpg,exact,NML/Nml007.jpg,
170,169,derm,NML/Nml014.jpg,exact,NML/Nml014.jpg,
170,169,clinic,NML/Nml013.jpg,exact,NML/Nml013.jpg,
171,170,derm,NML/Nml018.jpg,exact,NML/Nml018.jpg,
171,170,clinic,NML/NML017.jpg,exact,NML/NML017.jpg,
172,171,derm,NML/Nml030.jpg,exact,NML/Nml030.jpg,
172,171,clinic,NML/Nml029.jpg,exact,NML/Nml029.jpg,
173,172,derm,NML/Nml034.jpg,exact,NML/Nml034.jpg,
173,172,clinic,NML/Nml033.jpg,exact,NML/Nml033.jpg,
174,173,derm,NML/Nml085.jpg,exact,NML/Nml085.jpg,
174,173,clinic,NML/Nml084.jpg,exact,NML/Nml084.jpg,
175,174,derm,Adl/Adl381.jpg,exact,Adl/Adl381.jpg,
175,174,clinic,Adl/Adl380.jpg,exact,Adl/Adl380.jpg,
176,175,derm,Adl/Adl387.jpg,exact,Adl/Adl387.jpg,
176,175,clinic,Adl/Adl386.jpg,exact,Adl/Adl386.jpg,
177,176,derm,A2l/Abl101.jpg,exact,A2l/Abl101.jpg,
177,176,clinic,A2l/Abl100.jpg,exact,A2l/Abl100.jpg,
178,177,derm,A2l/Abl108.jpg,exact,A2l/Abl108.jpg,
178,177,clinic,A2l/Abl107.jpg,exact,A2l/Abl107.jpg,
179,178,derm,A2l/Abl112.jpg,exact,A2l/Abl112.jpg,
179,178,clinic,A2l/Abl111.jpg,exact,A2l/Abl111.jpg,
180,179,derm,A2l/Abl116.jpg,exact,A2l/Abl116.jpg,
180,179,clinic,A2l/Abl115.jpg,exact,A2l/Abl115.jpg,
181,180,derm,A2l/Abl118.jpg,exact,A2l/Abl118.jpg,
181,180,clinic,A2l/Abl117.jpg,exact,A2l/Abl117.jpg,
182,181,derm,A2l/Abl121.jpg,exact,A2l/Abl121.jpg,
182,181,clinic,A2l/Abl120.jpg,exact,A2l/Abl120.jpg,
183,182,derm,A2l/Abl123.jpg,exact,A2l/Abl123.jpg,
183,182,clinic,A2l/Abl122.jpg,exact,A2l/Abl122.jpg,
184,183,derm,A2l/Abl127.jpg,exact,A2l/Abl127.jpg,
184,183,clinic,A2l/Abl126.jpg,exact,A2l/Abl126.jpg,
185,184,derm,A2l/Abl129.jpg,exact,A2l/Abl129.jpg,
185,184,clinic,A2l/Abl128.jpg,exact,A2l/Abl128.jpg,
186,185,derm,A3l/Acl201.jpg,exact,A3l/Acl201.jpg,
186,185,clinic,A3l/Acl200.jpg,exact,A3l/Acl200.jpg,
187,186,derm,A3l/Acl243.jpg,exact,A3l/Acl243.jpg,
187,186,clinic,A3l/Acl242.jpg,exact,A3l/Acl242.jpg,
188,187,derm,A3l/Acl245.jpg,exact,A3l/Acl245.jpg,
188,187,clinic,A3l/Acl244.jpg,exact,A3l/Acl244.jpg,
189,188,derm,A3l/Acl247.jpg,exact,A3l/Acl247.jpg,
189,188,clinic,A3l/Acl246.jpg,exact,A3l/Acl246.jpg,
190,189,derm,A3l/Acl249.jpg,exact,A3l/Acl249.jpg,
190,189,clinic,A3l/Acl248.jpg,exact,A3l/Acl248.jpg,
191,190,derm,A3l/Acl251.jpg,exact,A3l/Acl251.jpg,
191,190,clinic,A3l/Acl250.jpg,exact,A3l/Acl250.jpg,
192,191,derm,A3l/Acl253.jpg,exact,A3l/Acl253.jpg,
192,191,clinic,A3l/Acl252.jpg,exact,A3l/Acl252.jpg,
193,192,derm,A3l/Acl264.jpg,exact,A3l/Acl264.jpg,
193,192,clinic,A3l/Acl265.jpg,exact,A3l/Acl265.jpg,
194,193,derm,Adl/Adl333.jpg,exact,Adl/Adl333.jpg,
194,193,clinic,Adl/Adl332.jpg,exact,Adl/Adl332.jpg,
195,194,derm,Adl/Adl344.jpg,exact,Adl/Adl344.jpg,
195,194,clinic,Adl/Adl343.jpg,exact,Adl/Adl343.jpg,
196,195,derm,Adl/Adl375.jpg,exact,Adl/Adl375.jpg,
196,195,clinic,Adl/Adl374.jpg,exact,Adl/Adl374.jpg,
197,196,derm,A1l/Aal044.jpg,exact,A1l/Aal044.jpg,
197,196,clinic,A1l/Aal043.jpg,exact,A1l/Aal043.jpg,
198,197,derm,A1l/Aal046.jpg,exact,A1l/Aal046.jpg,
198,197,clinic,A1l/Aal045.jpg,exact,A1l/Aal045.jpg,
199,198,derm,A1l/Aal048.jpg,exact,A1l/Aal048.jpg,
199,198,clinic,A1l/Aal047.jpg,exact,A1l/Aal047.jpg,
200,199,derm,A1l/Aal052.jpg,exact,A1l/Aal052.jpg,
200,199,clinic,A1l/Aal051.jpg,exact,A1l/Aal051.jpg,
201,200,derm,A1l/Aal056.jpg,exact,A1l/Aal056.jpg,
201,200,clinic,A1l/Aal055.jpg,exact,A1l/Aal055.jpg,
202,201,derm,A1l/Aal062.jpg,exact,A1l/Aal062.jpg,
202,201,clinic,A1l/Aal061.jpg,exact,A1l/Aal061.jpg,
203,202,derm,A1l/Aal064.jpg,exact,A1l/Aal064.jpg,
203,202,clinic,A1l/Aal063.jpg,exact,A1l/Aal063.jpg,
204,203,derm,A1l/Aal066.jpg,exact,A1l/Aal066.jpg,
204,203,clinic,A1l/Aal065.jpg,exact,A1l/Aal065.jpg,
205,204,derm,A1l/Aal078.jpg,exact,A1l/Aal078.jpg,
205,204,clinic,A1l/Aal077.jpg,exact,A1l/Aal077.jpg,
206,205,derm,A1l/Aal086.jpg,exact,A1l/Aal086.jpg,
206,205,clinic,A1l/Aal085.jpg,exact,A1l/Aal085.jpg,
207,206,derm,A1l/Aal088.jpg,exact,A1l/Aal088.jpg,
207,206,clinic,A1l/Aal087.jpg,exact,A1l/Aal087.jpg,
208,207,derm,A1l/Aal090.jpg,exact,A1l/Aal090.jpg,
208,207,clinic,A1l/Aal089.jpg,exact,A1l/Aal089.jpg,
209,208,derm,A1l/Aal094.jpg,exact,A1l/Aal094.jpg,
209,208,clinic,A1l/Aal093.jpg,exact,A1l/Aal093.jpg,
210,209,derm,A1l/Aal096.jpg,exact,A1l/Aal096.jpg,
210,209,clinic,A1l/Aal095.jpg,exact,A1l/Aal095.jpg,
211,210,derm,A1l/Aal099bis.jpg,exact,A1l/Aal099bis.jpg,
211,210,clinic,A1l/Aal099.jpg,exact,A1l/Aal099.jpg,
212,211,derm,Ael/Ael477.jpg,exact,Ael/Ael477.jpg,
212,211,clinic,Ael/Ael476.jpg,exact,Ael/Ael476.jpg,
213,212,derm,A2l/Abl135.jpg,exact,A2l/Abl135.jpg,
213,212,clinic,A2l/Abl134.jpg,exact,A2l/Abl134.jpg,
214,213,derm,A2l/Abl137.jpg,exact,A2l/Abl137.jpg,
214,213,clinic,A2l/Abl136.jpg,exact,A2l/Abl136.jpg,
215,214,derm,A2l/Abl139.jpg,exact,A2l/Abl139.jpg,
215,214,clinic,A2l/Abl138.jpg,exact,A2l/Abl138.jpg,
216,215,derm,A2l/Abl141.jpg,exact,A2l/Abl141.jpg,
216,215,clinic,A2l/Abl140.jpg,exact,A2l/Abl140.jpg,
217,216,derm,A2l/Abl191.jpg,exact,A2l/Abl191.jpg,
217,216,clinic,A2l/Abl190.jpg,exact,A2l/Abl190.jpg,
218,217,derm,A3l/Acl219.jpg,exact,A3l/Acl219.jpg,
218,217,clinic,A3l/Acl218.jpg,exact,A3l/Acl218.jpg,
219,218,derm,A3l/Acl223.jpg,exact,A3l/Acl223.jpg,
219,218,clinic,A3l/Acl222.jpg,exact,A3l/Acl222.jpg,
220,219,derm,A3l/Acl281.jpg,exact,A3l/Acl281.jpg,
220,219,clinic,A3l/Acl280.jpg,exact,A3l/Acl280.jpg,
221,220,derm,A3l/Acl283.jpg,exact,A3l/Acl283.jpg,
221,220,clinic,A3l/Acl282.jpg,exact,A3l/Acl282.jpg,
222,221,derm,A3l/Acl287.jpg,exact,A3l/Acl287.jpg,
222,221,clinic,A3l/Acl286.jpg,exact,A3l/Acl286.jpg,
223,222,derm,Adl/Adl319.jpg,exact,Adl/Adl319.jpg,
223,222,clinic,Adl/Adl318.jpg,exact,Adl/Adl318.jpg,
224,223,derm,Adl/Adl391.jpg,exact,Adl/Adl391.jpg,
224,223,clinic,Adl/Adl390.jpg,exact,Adl/Adl390.jpg,
225,224,derm,Ael/Ael435.jpg,exact,Ael/Ael435.jpg,
225,224,clinic,Ael/Ael434.jpg,exact,Ael/Ael434.jpg,
226,225,derm,Ael/Ael448.jpg,exact,Ael/Ael448.jpg,
226,225,clinic,Ael/Ael447.jpg,exact,Ael/Ael447.jpg,
227,226,derm,Ael/Ael481.jpg,exact,Ael/Ael481.jpg,
227,226,clinic,Ael/Ael480.jpg,exact,Ael/Ael480.jpg,
228,227,derm,Adl/Adl362.jpg,exact,Adl/Adl362.jpg,
228,227,clinic,Adl/Adl361.jpg,exact,Adl/Adl361.jpg,
229,228,derm,A1l/Aal010.jpg,exact,A1l/Aal010.jpg,
229,228,clinic,A1l/Aal009.jpg,exact,A1l/Aal009.jpg,
230,229,derm,A1l/Aal012.jpg,exact,A1l/Aal012.jpg,
230,229,clinic,A1l/Aal011.jpg,exact,A1l/Aal011.jpg,
231,230,derm,A2l/Abl143.jpg,exact,A2l/Abl143.jpg,
231,230,clinic,A2l/Abl142.jpg,exact,A2l/Abl142.jpg,
232,231,derm,A2l/Abl145.jpg,exact,A2l/Abl145.jpg,
232,231,clinic,A2l/Abl144.jpg,exact,A2l/Abl144.jpg,
233,232,derm,A2l/Abl151.jpg,exact,A2l/Abl151.jpg,
233,232,clinic,A2l/Abl150.jpg,exact,A2l/Abl150.jpg,
234,233,derm,A2l/Abl153.jpg,exact,A2l/Abl153.jpg,
234,233,clinic,A2l/Abl152.jpg,exact,A2l/Abl152.jpg,
235,234,derm,A2l/Abl155.jpg,exact,A2l/Abl155.jpg,
235,234,clinic,A2l/Abl154.jpg,exact,A2l/Abl154.jpg,
236,235,derm,A2l/Abl147.jpg,exact,A2l/Abl147.jpg,
236,235,clinic,A2l/Abl146.jpg,exact,A2l/Abl146.jpg,
237,236,derm,A2l/Abl157.jpg,exact,A2l/Abl157.jpg,
237,236,clinic,A2l/Abl156.jpg,exact,A2l/Abl156.jpg,
238,237,derm,A2l/Abl161.jpg,exact,A2l/Abl161.jpg,
238,237,clinic,A2l/Abl160.jpg,exact,A2l/Abl160.jpg,
239,238,derm,A2l/Abl163.jpg,exact,A2l/Abl163.jpg,
239,238,clinic,A2l/Abl162.jpg,exact,A2l/Abl162.jpg,
240,239,derm,A2l/Abl165.jpg,exact,A2l/Abl165.jpg,
240,239,clinic,A2l/Abl164.jpg,exact,A2l/Abl164.jpg,
241,240,derm,A2l/Abl167.jpg,exact,A2l/Abl167.jpg,
241,240,clinic,A2l/Abl166.jpg,exact,A2l/Abl166.jpg,
242,241,derm,A2l/Abl168.jpg,exact,A2l/Abl168.jpg,
242,241,clinic,A2l/Abl169.jpg,exact,A2l/Abl169.jpg,
243,242,derm,A2l/Abl171.jpg,exact,A2l/Abl171.jpg,
243,242,clinic,A2l/Abl170.jpg,exact,A2l/Abl170.jpg,
244,243,derm,A2l/Abl175.jpg,exact,A2l/Abl175.jpg,
244,243,clinic,A2l/Abl174.jpg,exact,A2l/Abl174.jpg,
245,244,derm,A2l/Abl177.jpg,exact,A2l/Abl177.jpg,
245,244,clinic,A2l/Abl176.jpg,exact,A2l/Abl176.jpg,
246,245,derm,A2l/Abl179.jpg,exact,A2l/Abl179.jpg,
246,245,clinic,A2l/Abl178.jpg,exact,A2l/Abl178.jpg,
247,246,derm,A2l/Abl185.jpg,exact,A2l/Abl185.jpg,
247,246,clinic,A2l/Abl184.jpg,exact,A2l/Abl184.jpg,
248,247,derm,A2l/Abl195.jpg,exact,A2l/Abl195.jpg,
248,247,clinic,A2l/Abl194.jpg,exact,A2l/Abl194.jpg,
249,248,derm,A3l/Acl215.jpg,exact,A3l/Acl215.jpg,
249,248,clinic,A3l/Acl214.jpg,exact,A3l/Acl214.jpg,
250,249,derm,A3l/Acl217.jpg,exact,A3l/Acl217.jpg,
250,249,clinic,A3l/Acl216.jpg,exact,A3l/Acl216.jpg,
251,250,derm,A3l/Acl221.jpg,exact,A3l/Acl221.jpg,
251,250,clinic,A3l/Acl220.jpg,exact,A3l/Acl220.jpg,
252,251,derm,A3l/Acl235.jpg,exact,A3l/Acl235.jpg,
252,251,clinic,A3l/Acl234.jpg,exact,A3l/Acl234.jpg,
253,252,derm,A3l/Acl239.jpg,exact,A3l/Acl239.jpg,
253,252,clinic,A3l/Acl238.jpg,exact,A3l/Acl238.jpg,
254,253,derm,A3l/Acl241.jpg,exact,A3l/Acl241.jpg,
254,253,clinic,A3l/Acl240.jpg,exact,A3l/Acl240.jpg,
255,254,derm,A3l/Acl259.jpg,exact,A3l/Acl259.jpg,
255,254,clinic,A3l/Acl258.jpg,exact,A3l/Acl258.jpg,
256,255,derm,A3l/Acl271.jpg,exact,A3l/Acl271.jpg,
256,255,clinic,A3l/Acl270.jpg,exact,A3l/Acl270.jpg,
257,256,derm,A3l/Acl279.jpg,exact,A3l/Acl279.jpg,
257,256,clinic,A3l/Acl278.jpg,exact,A3l/Acl278.jpg,
258,257,derm,A3l/Acl299.jpg,exact,A3l/Acl299.jpg,
258,257,clinic,A3l/Acl298.jpg,exact,A3l/Acl298.jpg,
259,258,derm,A1l/Aal004.jpg,exact,A1l/Aal004.jpg,
259,258,clinic,A1l/Aal003.jpg,exact,A1l/Aal003.jpg,
260,259,derm,Adl/Adl311.jpg,exact,Adl/Adl311.jpg,
260,259,clinic,Adl/Adl310.jpg,exact,Adl/Adl310.jpg,
261,260,derm,Adl/Adl321.jpg,exact,Adl/Adl321.jpg,
261,260,clinic,Adl/Adl320.jpg,exact,Adl/Adl320.jpg,
262,261,derm,Adl/Adl329.jpg,exact,Adl/Adl329.jpg,
262,261,clinic,Adl/Adl328.jpg,exact,Adl/Adl328.jpg,
263,262,derm,Adl/Adl335.jpg,exact,Adl/Adl335.jpg,
263,262,clinic,Adl/Adl334.jpg,exact,Adl/Adl334.jpg,
264,263,derm,Adl/Adl340.jpg,exact,Adl/Adl340.jpg,
264,263,clinic,Adl/Adl339.jpg,exact,Adl/Adl339.jpg,
265,264,derm,Adl/Adl346.jpg,exact,Adl/Adl346.jpg,
265,264,clinic,Adl/Adl345.jpg,exact,Adl/Adl345.jpg,
266,265,derm,Adl/Adl348.jpg,exact,Adl/Adl348.jpg,
266,265,clinic,Adl/Adl347.jpg,exact,Adl/Adl347.jpg,
267,266,derm,Adl/Adl350.jpg,exact,Adl/Adl350.jpg,
267,266,clinic,Adl/Adl349.jpg,exact,Adl/Adl349.jpg,
268,267,derm,Adl/Adl356.jpg,exact,Adl/Adl356.jpg,
268,267,clinic,Adl/Adl355.jpg,exact,Adl/Adl355.jpg,
269,268,derm,Adl/Adl366.jpg,exact,Adl/Adl366.jpg,
269,268,clinic,Adl/Adl365.jpg,exact,Adl/Adl365.jpg,
270,269,derm,Adl/Adl371.jpg,exact,Adl/Adl371.jpg,
270,269,clinic,Adl/Adl370.jpg,exact,Adl/Adl370.jpg,
271,270,derm,Ael/Ael413.jpg,exact,Ael/Ael413.jpg,
271,270,clinic,Ael/Ael412.jpg,exact,Ael/Ael412.jpg,
272,271,derm,Ael/Ael419.jpg,exact,Ael/Ael419.jpg,
272,271,clinic,Ael/Ael418.jpg,exact,Ael/Ael418.jpg,
273,272,derm,Ael/Ael425.jpg,exact,Ael/Ael425.jpg,
273,272,clinic,Ael/Ael424.jpg,exact,Ael/Ael424.jpg,
274,273,derm,Ael/Ael431.jpg,exact,Ael/Ael431.jpg,
274,273,clinic,Ael/Ael430.jpg,exact,Ael/Ael430.jpg,
275,274,derm,Ael/Ael433.jpg,exact,Ael/Ael433.jpg,
275,274,clinic,Ael/Ael432.jpg,exact,Ael/Ael432.jpg,
276,275,derm,Ael/Ael452.jpg,exact,Ael/Ael452.jpg,
276,275,clinic,Ael/Ael451.jpg,exact,Ael/Ael451.jpg,
277,276,derm,Ael/Ael467.jpg,exact,Ael/Ael467.jpg,
277,276,clinic,Ael/Ael466.jpg,exact,Ael/Ael466.jpg,
278,277,derm,Ael/Ael471.jpg,exact,Ael/Ael471.jpg,
278,277,clinic,Ael/Ael470.jpg,exact,Ael/Ael470.jpg,
279,278,derm,A1l/Aal006.jpg,exact,A1l/Aal006.jpg,
279,278,clinic,A1l/Aal005.jpg,exact,A1l/Aal005.jpg,
280,279,derm,Ael/Ael517.jpg,exact,Ael/Ael517.jpg,
280,279,clinic,Ael/Ael516.jpg,exact,Ael/Ael516.jpg,
281,280,derm,Ael/Ael523.jpg,exact,Ael/Ael523.jpg,
281,280,clinic,Ael/Ael522.jpg,exact,Ael/Ael522.jpg,
282,281,derm,Ael/Ael525.jpg,exact,Ael/Ael525.jpg,
282,281,clinic,Ael/Ael524.jpg,exact,Ael/Ael524.jpg,
283,282,derm,A1l/Aal008.jpg,exact,A1l/Aal008.jpg,
283,282,clinic,A1l/Aal007.jpg,exact,A1l/Aal007.jpg,
284,283,derm,Gzl/gzl56.jpg,exact,Gzl/gzl56.jpg,
284,283,clinic,Gzl/gzl55.jpg,exact,Gzl/gzl55.jpg,
285,284,derm,Gzl/gzl08.jpg,exact,Gzl/gzl08.jpg,
285,284,clinic,Gzl/gzl07.jpg,exact,Gzl/gzl07.jpg,
286,285,derm,Gzl/gzl62.jpg,exact,Gzl/gzl62.jpg,
286,285,clinic,Gzl/gzl61.jpg,exact,Gzl/gzl61.jpg,
287,286,derm,Gzl/gzl66.jpg,exact,Gzl/gzl66.jpg,
287,286,clinic,Gzl/gzl65.jpg,exact,Gzl/gzl65.jpg,
288,287,derm,Gzl/gzl22.jpg,exact,Gzl/gzl22.jpg,
288,287,clinic,Gzl/gzl21.jpg,exact,Gzl/gzl21.jpg,
289,288,derm,Gzl/gzl70.jpg,exact,Gzl/gzl70.jpg,
289,288,clinic,Gzl/gzl69.jpg,exact,Gzl/gzl69.jpg,
290,289,derm,Gzl/gzl10.jpg,exact,Gzl/gzl10.jpg,
290,289,clinic,Gzl/gzl09.jpg,exact,Gzl/gzl09.jpg,
291,290,derm,Gzl/gzl80.jpg,exact,Gzl/gzl80.jpg,
291,290,clinic,Gzl/gzl79.jpg,exact,Gzl/gzl79.jpg,
292,291,derm,Gzl/gzl84.jpg,exact,Gzl/gzl84.jpg,
292,291,clinic,Gzl/gzl83.jpg,exact,Gzl/gzl83.jpg,
293,292,derm,Gzl/gzl86.jpg,exact,Gzl/gzl86.jpg,
293,292,clinic,Gzl/gzl85.jpg,exact,Gzl/gzl85.jpg,
294,293,derm,Gzl/gzl32.jpg,exact,Gzl/gzl32.jpg,
294,293,clinic,Gzl/gzl31.jpg,exact,Gzl/gzl31.jpg,
295,294,derm,Gzl/gzl34.jpg,exact,Gzl/gzl34.jpg,
295,294,clinic,Gzl/gzl33.jpg,exact,Gzl/gzl33.jpg,
296,295,derm,Gzl/gzl36.jpg,exact,Gzl/gzl36.jpg,
296,295,clinic,Gzl/gzl35.jpg,exact,Gzl/gzl35.jpg,
297,296,derm,Gzl/gzl54.jpg,exact,Gzl/gzl54.jpg,
297,296,clinic,Gzl/gzl53.jpg,exact,Gzl/gzl53.jpg,
298,297,derm,Gal/Gal232.jpg,exact,Gal/Gal232.jpg,
298,297,clinic,Gal/Gal231.jpg,exact,Gal/Gal231.jpg,
299,298,derm,Gal/Gal010.jpg,exact,Gal/Gal010.jpg,
299,298,clinic,Gal/Gal009.jpg,exact,Gal/Gal009.jpg,
300,299,derm,Gal/Gal016.jpg,exact,Gal/Gal016.jpg,
300,299,clinic,Gal/Gal015.jpg,exact,Gal/Gal015.jpg,
301,300,derm,Gal/Gal025.jpg,exact,Gal/Gal025.jpg,
301,300,clinic,Gal/Gal024.jpg,exact,Gal/Gal024.jpg,
302,301,derm,Gal/Gal045.jpg,exact,Gal/Gal045.jpg,
302,301,clinic,Gal/Gal044.jpg,exact,Gal/Gal044.jpg,
303,302,derm,Gal/Gal047.jpg,exact,Gal/Gal047.jpg,
303,302,clinic,Gal/Gal046.jpg,exact,Gal/Gal046.jpg,
304,303,derm,Gal/Gal049.jpg,exact,Gal/Gal049.jpg,
304,303,clinic,Gal/Gal048.jpg,exact,Gal/Gal048.jpg,
305,304,derm,Gal/Gal043.jpg,exact,Gal/Gal043.jpg,
305,304,clinic,Gal/Gal042.jpg,exact,Gal/Gal042.jpg,
306,305,derm,Gal/Gal006.jpg,exact,Gal/Gal006.jpg,
306,305,clinic,Gal/Gal005.jpg,exact,Gal/Gal005.jpg,
307,306,derm,Gal/Gal058.jpg,exact,Gal/Gal058.jpg,
307,306,clinic,Gal/Gal057.jpg,exact,Gal/Gal057.jpg,
308,307,derm,Gal/Gal230.jpg,exact,Gal/Gal230.jpg,
308,307,clinic,Gal/Gal229.jpg,exact,Gal/Gal229.jpg,
309,308,derm,Gal/Gal152.jpg,exact,Gal/Gal152.jpg,
309,308,clinic,Gal/Gal151.jpg,exact,Gal/Gal151.jpg,
310,309,derm,FAL/Fal020.jpg,exact,FAL/Fal020.jpg,
310,309,clinic,FAL/Fal019.jpg,exact,FAL/Fal019.jpg,
311,310,derm,FAL/Fal024.jpg,exact,FAL/Fal024.jpg,
311,310,clinic,FAL/Fal023.jpg,exact,FAL/Fal023.jpg,
312,311,derm,FAL/FAL036.JPG,exact,FAL/FAL036.JPG,
312,311,clinic,FAL/Fal035.jpg,exact,FAL/Fal035.jpg,
313,312,derm,FAL/FAL038.JPG,exact,FAL/FAL038.JPG,
313,312,clinic,FAL/Fal037.jpg,exact,FAL/Fal037.jpg,
314,313,derm,FAL/FAL042.JPG,exact,FAL/FAL042.JPG,
314,313,clinic,FAL/Fal041.jpg,exact,FAL/Fal041.jpg,
315,314,derm,FAL/FAL044.JPG,exact,FAL/FAL044.JPG,
315,314,clinic,FAL/Fal043.jpg,exact,FAL/Fal043.jpg,
316,315,derm,FAL/Fal050.jpg,exact,FAL/Fal050.jpg,
316,315,clinic,FAL/Fal049.jpg,exact,FAL/Fal049.jpg,
317,316,derm,FAL/FAL054.JPG,exact,FAL/FAL054.JPG,
317,316,clinic,FAL/Fal053.jpg,exact,FAL/Fal053.jpg,
318,317,derm,FAL/Fal064.jpg,exact,FAL/Fal064.jpg,
318,317,clinic,FAL/Fal063.jpg,exact,FAL/Fal063.jpg,
319,318,derm,FAL/Fal072.jpg,exact,FAL/Fal072.jpg,
319,318,clinic,FAL/Fal071.jpg,exact,FAL/Fal071.jpg,
320,319,derm,FAL/Fal090.jpg,exact,FAL/Fal090.jpg,
320,319,clinic,FAL/Fal089.jpg,exact,FAL/Fal089.jpg,
321,320,derm,FAL/Fal100.jpg,exact,FAL/Fal100.jpg,
321,320,clinic,FAL/Fal099.jpg,exact,FAL/Fal099.jpg,
322,321,derm,FBL/Fbl002.jpg,exact,FBL/Fbl002.jpg,
322,321,clinic,FBL/Fbl001.jpg,exact,FBL/Fbl001.jpg,
323,322,derm,FBL/Fbl004.jpg,exact,FBL/Fbl004.jpg,
323,322,clinic,FBL/FBL003.JPG,exact,FBL/FBL003.JPG,
324,323,derm,FBL/Fbl006.jpg,exact,FBL/Fbl006.jpg,
324,323,clinic,FBL/Fbl005.jpg,exact,FBL/Fbl005.jpg,
325,324,derm,FBL/Fbl010.jpg,exact,FBL/Fbl010.jpg,
325,324,clinic,FBL/FBL009.JPG,exact,FBL/FBL009.JPG,
326,325,derm,FBL/FBL012.JPG,exact,FBL/FBL012.JPG,
326,325,clinic,FBL/Fbl011.jpg,exact,FBL/Fbl011.jpg,
327,326,derm,Fll/Fll019.jpg,exact,Fll/Fll019.jpg,
327,326,clinic,Fll/Fll018.jpg,exact,Fll/Fll018.jpg,
328,327,derm,Fll/Fll021.jpg,exact,Fll/Fll021.jpg,
328,327,clinic,Fll/Fll020.jpg,exact,Fll/Fll020.jpg,
329,328,derm,FBL/Fbl022.jpg,exact,FBL/Fbl022.jpg,
329,328,clinic,FBL/Fbl021.jpg,exact,FBL/Fbl021.jpg,
330,329,derm,FBL/Fbl024.jpg,exact,FBL/Fbl024.jpg,
330,329,clinic,FBL/Fbl023.jpg,exact,FBL/Fbl023.jpg,
331,330,derm,Fll/Fll023.jpg,exact,Fll/Fll023.jpg,
331,330,clinic,Fll/Fll022.jpg,exact,Fll/Fll022.jpg,
332,331,derm,FBL/Fbl036.jpg,exact,FBL/Fbl036.jpg,
332,331,clinic,FBL/Fbl035.jpg,exact,FBL/Fbl035.jpg,
333,332,derm,FBL/Fbl038.jpg,exact,FBL/Fbl038.jpg,
333,332,clinic,FBL/Fbl037.jpg,exact,FBL/Fbl037.jpg,
334,333,derm,FBL/Fbl044.jpg,exact,FBL/Fbl044.jpg,
334,333,clinic,FBL/FBL043.JPG,exact,FBL/FBL043.JPG,
335,334,derm,FBL/Fbl048.jpg,exact,FBL/Fbl048.jpg,
335,334,clinic,FBL/FBL047.JPG,exact,FBL/FBL047.JPG,
336,335,derm,FBL/Fbl054.jpg,exact,FBL/Fbl054.jpg,
336,335,clinic,FBL/Fbl053.jpg,exact,FBL/Fbl053.jpg,
337,336,derm,FBL/Fbl056.jpg,exact,FBL/Fbl056.jpg,
337,336,clinic,FBL/Fbl055.jpg,exact,FBL/Fbl055.jpg,
338,337,derm,FBL/FBL062.JPG,exact,FBL/FBL062.JPG,
338,337,clinic,FBL/FBL061.JPG,exact,FBL/FBL061.JPG,
339,338,derm,FBL/Fbl064.jpg,exact,FBL/Fbl064.jpg,
339,338,clinic,FBL/Fbl063.jpg,exact,FBL/Fbl063.jpg,
340,339,derm,FBL/Fbl068.jpg,exact,FBL/Fbl068.jpg,
340,339,clinic,FBL/Fbl067.jpg,exact,FBL/Fbl067.jpg,
341,340,derm,FBL/Fbl072.jpg,exact,FBL/Fbl072.jpg,
341,340,clinic,FBL/FBL071.JPG,exact,FBL/FBL071.JPG,
342,341,derm,FBL/Fbl074.jpg,exact,FBL/Fbl074.jpg,
342,341,clinic,FBL/Fbl073.jpg,exact,FBL/Fbl073.jpg,
343,342,derm,FBL/Fbl076.jpg,exact,FBL/Fbl076.jpg,
343,342,clinic,FBL/Fbl075.jpg,exact,FBL/Fbl075.jpg,
344,343,derm,FBL/Fbl080.jpg,exact,FBL/Fbl080.jpg,
344,343,clinic,FBL/Fbl079.jpg,exact,FBL/Fbl079.jpg,
345,344,derm,FBL/Fbl088.jpg,exact,FBL/Fbl088.jpg,
345,344,clinic,FBL/Fbl087.jpg,exact,FBL/Fbl087.jpg,
346,345,derm,FBL/Fbl090.jpg,exact,FBL/Fbl090.jpg,
346,345,clinic,FBL/Fbl089.jpg,exact,FBL/Fbl089.jpg,
347,346,derm,FBL/Fbl092.jpg,exact,FBL/Fbl092.jpg,
347,346,clinic,FBL/Fbl091.jpg,exact,FBL/Fbl091.jpg,
348,347,derm,FBL/Fbl094.jpg,exact,FBL/Fbl094.jpg,
348,347,clinic,FBL/Fbl093.jpg,exact,FBL/Fbl093.jpg,
349,348,derm,FBL/Fbl098.jpg,exact,FBL/Fbl098.jpg,
349,348,clinic,FBL/Fbl097.jpg,exact,FBL/Fbl097.jpg,
350,349,derm,Fll/Fll035.jpg,exact,Fll/Fll035.jpg,
350,349,clinic,Fll/Fll034.jpg,exact,Fll/Fll034.jpg,
351,350,derm,Fll/Fll037.jpg,exact,Fll/Fll037.jpg,
351,350,clinic,Fll/Fll036.jpg,exact,Fll/Fll036.jpg,
352,351,derm,Fll/Fll039.jpg,exact,Fll/Fll039.jpg,
352,351,clinic,Fll/Fll038.jpg,exact,Fll/Fll038.jpg,
353,352,derm,FCL/Fcl010.jpg,exact,FCL/Fcl010.jpg,
353,352,clinic,FCL/Fcl009.jpg,exact,FCL/Fcl009.jpg,
354,353,derm,FCL/Fcl012.jpg,exact,FCL/Fcl012.jpg,
354,353,clinic,FCL/FCL011.JPG,exact,FCL/FCL011.JPG,
355,354,derm,FCL/Fcl014.jpg,exact,FCL/Fcl014.jpg,
355,354,clinic,FCL/Fcl013.jpg,exact,FCL/Fcl013.jpg,
356,355,derm,FCL/FCL018.JPG,exact,FCL/FCL018.JPG,
356,355,clinic,FCL/FCL017.JPG,exact,FCL/FCL017.JPG,
357,356,derm,Fll/Fll041.jpg,exact,Fll/Fll041.jpg,
357,356,clinic,Fll/Fll040.jpg,exact,Fll/Fll040.jpg,
358,357,derm,FCL/Fcl024.jpg,exact,FCL/Fcl024.jpg,
358,357,clinic,FCL/FCL023.JPG,exact,FCL/FCL023.JPG,
359,358,derm,FCL/Fcl028.jpg,exact,FCL/Fcl028.jpg,
359,358,clinic,FCL/Fcl027.jpg,exact,FCL/Fcl027.jpg,
360,359,derm,FCL/Fcl030.jpg,exact,FCL/Fcl030.jpg,
360,359,clinic,FCL/Fcl029.jpg,exact,FCL/Fcl029.jpg,
361,360,derm,FCL/Fcl032.jpg,exact,FCL/Fcl032.jpg,
361,360,clinic,FCL/FCL031.JPG,exact,FCL/FCL031.JPG,
362,361,derm,FCL/Fcl034.jpg,exact,FCL/Fcl034.jpg,
362,361,clinic,FCL/Fcl033.jpg,exact,FCL/Fcl033.jpg,
363,362,derm,FCL/Fcl036.jpg,exact,FCL/Fcl036.jpg,
363,362,clinic,FCL/Fcl035.jpg,exact,FCL/Fcl035.jpg,
364,363,derm,FCL/Fcl038.jpg,exact,FCL/Fcl038.jpg,
364,363,clinic,FCL/FCL037.JPG,exact,FCL/FCL037.JPG,
365,364,derm,Fll/Fll043.jpg,exact,Fll/Fll043.jpg,
365,364,clinic,Fll/Fll042.jpg,exact,Fll/Fll042.jpg,
366,365,derm,FCL/Fcl048.jpg,exact,FCL/Fcl048.jpg,
366,365,clinic,FCL/FCL047.JPG,exact,FCL/FCL047.JPG,
367,366,derm,FCL/Fcl050.jpg,exact,FCL/Fcl050.jpg,
367,366,clinic,FCL/Fcl049.jpg,exact,FCL/Fcl049.jpg,
368,367,derm,FCL/FCL052.JPG,exact,FCL/FCL052.JPG,
368,367,clinic,FCL/Fcl051.jpg,exact,FCL/Fcl051.jpg,
369,368,derm,FCL/FCL066.JPG,exact,FCL/FCL066.JPG,
369,368,clinic,FCL/Fcl065.jpg,exact,FCL/Fcl065.jpg,
370,369,derm,FCL/Fcl070.jpg,exact,FCL/Fcl070.jpg,
370,369,clinic,FCL/FCL069.JPG,exact,FCL/FCL069.JPG,
371,370,derm,FCL/Fcl076.jpg,exact,FCL/Fcl076.jpg,
371,370,clinic,FCL/FCL075.JPG,exact,FCL/FCL075.JPG,
372,371,derm,FCL/Fcl080.jpg,exact,FCL/Fcl080.jpg,
372,371,clinic,FCL/Fcl079.jpg,exact,FCL/Fcl079.jpg,
373,372,derm,FCL/Fcl090.jpg,exact,FCL/Fcl090.jpg,
373,372,clinic,FCL/FCL089.JPG,exact,FCL/FCL089.JPG,
374,373,derm,FCL/Fcl094.jpg,exact,FCL/Fcl094.jpg,
374,373,clinic,FCL/FCL093.JPG,exact,FCL/FCL093.JPG,
375,374,derm,FCL/Fcl096.jpg,exact,FCL/Fcl096.jpg,
375,374,clinic,FCL/Fcl095.jpg,exact,FCL/Fcl095.jpg,
376,375,derm,FCL/Fcl098.jpg,exact,FCL/Fcl098.jpg,
376,375,clinic,FCL/Fcl097.jpg,exact,FCL/Fcl097.jpg,
377,376,derm,FEL/Fel002.jpg,exact,FEL/Fel002.jpg,
377,376,clinic,FEL/FEL001.JPG,exact,FEL/FEL001.JPG,
378,377,derm,FEL/Fel016.jpg,exact,FEL/Fel016.jpg,
378,377,clinic,FEL/Fel015.jpg,exact,FEL/Fel015.jpg,
379,378,derm,FEL/Fel018.jpg,exact,FEL/Fel018.jpg,
379,378,clinic,FEL/Fel017.jpg,exact,FEL/Fel017.jpg,
380,379,derm,FEL/Fel024.jpg,exact,FEL/Fel024.jpg,
380,379,clinic,FEL/Fel023.jpg,exact,FEL/Fel023.jpg,
381,380,derm,FEL/Fel030.jpg,exact,FEL/Fel030.jpg,
381,380,clinic,FEL/Fel029.jpg,exact,FEL/Fel029.jpg,
382,381,derm,FEL/Fel034.jpg,exact,FEL/Fel034.jpg,
382,381,clinic,FEL/Fel033.jpg,exact,FEL/Fel033.jpg,
383,382,derm,FEL/Fel052.jpg,exact,FEL/Fel052.jpg,
383,382,clinic,FEL/Fel051.jpg,exact,FEL/Fel051.jpg,
384,383,derm,FEL/Fel064.jpg,exact,FEL/Fel064.jpg,
384,383,clinic,FEL/Fel063.jpg,exact,FEL/Fel063.jpg,
385,384,derm,FEL/Fel068.jpg,exact,FEL/Fel068.jpg,
385,384,clinic,FEL/Fel067.jpg,exact,FEL/Fel067.jpg,
386,385,derm,FEL/Fel070.jpg,exact,FEL/Fel070.jpg,
386,385,clinic,FEL/Fel069.jpg,exact,FEL/Fel069.jpg,
387,386,derm,FEL/Fel072.jpg,exact,FEL/Fel072.jpg,
387,386,clinic,FEL/Fel071.jpg,exact,FEL/Fel071.jpg,
388,387,derm,FEL/Fel082.jpg,exact,FEL/Fel082.jpg,
388,387,clinic,FEL/Fel081.jpg,exact,FEL/Fel081.jpg,
389,388,derm,FEL/Fel084.jpg,exact,FEL/Fel084.jpg,
389,388,clinic,FEL/Fel083.jpg,exact,FEL/Fel083.jpg,
390,389,derm,FEL/Fel086.jpg,exact,FEL/Fel086.jpg,
390,389,clinic,FEL/Fel085.jpg,exact,FEL/Fel085.jpg,
391,390,derm,FEL/Fel088.jpg,exact,FEL/Fel088.jpg,
391,390,clinic,FEL/Fel087.jpg,exact,FEL/Fel087.jpg,
392,391,derm,FEL/Fel096.jpg,exact,FEL/Fel096.jpg,
392,391,clinic,FEL/Fel095.jpg,exact,FEL/Fel095.jpg,
393,392,derm,FEL/Fel100.jpg,exact,FEL/Fel100.jpg,
393,392,clinic,FEL/Fel099.jpg,exact,FEL/Fel099.jpg,
394,393,derm,FFL/FFL002.JPG,exact,FFL/FFL002.JPG,
394,393,clinic,FFL/Ffl001.jpg,exact,FFL/Ffl001.jpg,
395,394,derm,FFL/FFL004.JPG,exact,FFL/FFL004.JPG,
395,394,clinic,FFL/Ffl003.jpg,exact,FFL/Ffl003.jpg,
396,395,derm,FFL/FFL006.JPG,exact,FFL/FFL006.JPG,
396,395,clinic,FFL/Ffl005.jpg,exact,FFL/Ffl005.jpg,
397,396,derm,FFL/FFL008.JPG,exact,FFL/FFL008.JPG,
397,396,clinic,FFL/Ffl007.jpg,exact,FFL/Ffl007.jpg,
398,397,derm,FFL/Ffl010.jpg,exact,FFL/Ffl010.jpg,
398,397,clinic,FFL/Ffl009.jpg,exact,FFL/Ffl009.jpg,
399,398,derm,FFL/Ffl014.jpg,exact,FFL/Ffl014.jpg,
399,398,clinic,FFL/Ffl013.jpg,exact,FFL/Ffl013.jpg,
400,399,derm,FFL/Ffl016.jpg,exact,FFL/Ffl016.jpg,
400,399,clinic,FFL/Ffl015.jpg,exact,FFL/Ffl015.jpg,
401,400,derm,FFL/FFL032.JPG,exact,FFL/FFL032.JPG,
401,400,clinic,FFL/Ffl031.jpg,exact,FFL/Ffl031.jpg,
402,401,derm,FFL/Ffl066.jpg,exact,FFL/Ffl066.jpg,
402,401,clinic,FFL/Ffl065.jpg,exact,FFL/Ffl065.jpg,
403,402,derm,FFL/Ffl078.jpg,exact,FFL/Ffl078.jpg,
403,402,clinic,FFL/Ffl077.jpg,exact,FFL/Ffl077.jpg,
404,403,derm,FFL/Ffl082.jpg,exact,FFL/Ffl082.jpg,
404,403,clinic,FFL/Ffl081.jpg,exact,FFL/Ffl081.jpg,
405,404,derm,FFL/Ffl100.jpg,exact,FFL/Ffl100.jpg,
405,404,clinic,FFL/Ffl099.jpg,exact,FFL/Ffl099.jpg,
406,405,derm,FDL/Fdl002.jpg,exact,FDL/Fdl002.jpg,
406,405,clinic,FDL/Fdl001.jpg,exact,FDL/Fdl001.jpg,
407,406,derm,FDL/Fdl020.jpg,exact,FDL/Fdl020.jpg,
407,406,clinic,FDL/Fdl019.jpg,exact,FDL/Fdl019.jpg,
408,407,derm,Fll/Fll065.jpg,exact,Fll/Fll065.jpg,
408,407,clinic,Fll/Fll064.jpg,exact,Fll/Fll064.jpg,
409,408,derm,FDL/Fdl028.jpg,exact,FDL/Fdl028.jpg,
409,408,clinic,FDL/Fdl027.jpg,exact,FDL/Fdl027.jpg,
410,409,derm,FDL/Fdl030.jpg,exact,FDL/Fdl030.jpg,
410,409,clinic,FDL/Fdl029.jpg,exact,FDL/Fdl029.jpg,
411,410,derm,FDL/Fdl054.jpg,exact,FDL/Fdl054.jpg,
411,410,clinic,FDL/Fdl053.jpg,exact,FDL/Fdl053.jpg,
412,411,derm,Fll/Fll083.jpg,exact,Fll/Fll083.jpg,
412,411,clinic,Fll/Fll082.jpg,exact,Fll/Fll082.jpg,
413,412,derm,Fgl/Fgl002.jpg,exact,Fgl/Fgl002.jpg,
413,412,clinic,Fgl/Fgl001.jpg,exact,Fgl/Fgl001.jpg,
414,413,derm,Gcl/Gcl073.jpg,exact,Gcl/Gcl073.jpg,
414,413,clinic,Gcl/Gcl072.jpg,exact,Gcl/Gcl072.jpg,
415,414,derm,Ggl/Ggl024.jpg,exact,Ggl/Ggl024.jpg,
415,414,clinic,Ggl/Ggl023.jpg,exact,Ggl/Ggl023.jpg,
416,415,derm,Ggl/Ggl052.jpg,exact,Ggl/Ggl052.jpg,
416,415,clinic,Ggl/Ggl051.jpg,exact,Ggl/Ggl051.jpg,
417,416,derm,Ggl/Ggl060.jpg,exact,Ggl/Ggl060.jpg,
417,416,clinic,Ggl/Ggl059.jpg,exact,Ggl/Ggl059.jpg,
418,417,derm,Ggl/Ggl062.jpg,exact,Ggl/Ggl062.jpg,
418,417,clinic,Ggl/Ggl061.jpg,exact,Ggl/Ggl061.jpg,
419,418,derm,Ggl/Ggl034.jpg,exact,Ggl/Ggl034.jpg,
419,418,clinic,Ggl/Ggl033.jpg,exact,Ggl/Ggl033.jpg,
420,419,derm,Ggl/Ggl074.jpg,exact,Ggl/Ggl074.jpg,
420,419,clinic,Ggl/Ggl073.jpg,exact,Ggl/Ggl073.jpg,
421,420,derm,Ggl/Ggl076.jpg,exact,Ggl/Ggl076.jpg,
421,420,clinic,Ggl/Ggl075.jpg,exact,Ggl/Ggl075.jpg,
422,421,derm,Ggl/Ggl078.jpg,exact,Ggl/Ggl078.jpg,
422,421,clinic,Ggl/Ggl077.jpg,exact,Ggl/Ggl077.jpg,
423,422,derm,Ggl/Ggl088.jpg,exact,Ggl/Ggl088.jpg,
423,422,clinic,Ggl/Ggl087.jpg,exact,Ggl/Ggl087.jpg,
424,423,derm,Fgl/Fgl036.jpg,exact,Fgl/Fgl036.jpg,
424,423,clinic,Fgl/Fgl003.jpg,exact,Fgl/Fgl003.jpg,
425,424,derm,Fgl/Fgl008.jpg,exact,Fgl/Fgl008.jpg,
425,424,clinic,Fgl/Fgl009.jpg,exact,Fgl/Fgl009.jpg,
426,425,derm,Fgl/Fgl010.jpg,exact,Fgl/Fgl010.jpg,
426,425,clinic,Fgl/Fgl022.jpg,exact,Fgl/Fgl022.jpg,
427,426,derm,Fgl/Fgl012.jpg,exact,Fgl/Fgl012.jpg,
427,426,clinic,Fgl/Fgl011.jpg,exact,Fgl/Fgl011.jpg,
428,427,derm,Fgl/Fgl014.jpg,exact,Fgl/Fgl014.jpg,
428,427,clinic,Fgl/Fgl013.jpg,exact,Fgl/Fgl013.jpg,
429,428,derm,Fll/Fll087.jpg,exact,Fll/Fll087.jpg,
429,428,clinic,Fll/Fll086.jpg,exact,Fll/Fll086.jpg,
430,429,derm,Fgl/Fgl005.jpg,exact,Fgl/Fgl005.jpg,
430,429,clinic,Fgl/Fgl040.jpg,exact,Fgl/Fgl040.jpg,
431,430,derm,Fll/Fll091.jpg,exact,Fll/Fll091.jpg,
431,430,clinic,Fll/Fll090.jpg,exact,Fll/Fll090.jpg,
432,431,derm,Fgl/Fgl042.jpg,exact,Fgl/Fgl042.jpg,
432,431,clinic,Fgl/Fgl041.jpg,exact,Fgl/Fgl041.jpg,
433,432,derm,Fgl/Fgl047.jpg,exact,Fgl/Fgl047.jpg,
433,432,clinic,Fgl/Fgl046.jpg,exact,Fgl/Fgl046.jpg,
434,433,derm,Fgl/Fgl051.jpg,exact,Fgl/Fgl051.jpg,
434,433,clinic,Fgl/Fgl050.jpg,exact,Fgl/Fgl050.jpg,
435,434,derm,Fgl/Fgl055.jpg,exact,Fgl/Fgl055.jpg,
435,434,clinic,Fgl/Fgl054.jpg,exact,Fgl/Fgl054.jpg,
436,435,derm,Fgl/Fgl068.jpg,exact,Fgl/Fgl068.jpg,
436,435,clinic,Fgl/Fgl069.jpg,exact,Fgl/Fgl069.jpg,
437,436,derm,Fgl/Fgl072.jpg,exact,Fgl/Fgl072.jpg,
437,436,clinic,Fgl/Fgl071.jpg,exact,Fgl/Fgl071.jpg,
438,437,derm,Fgl/Fgl078.jpg,exact,Fgl/Fgl078.jpg,
438,437,clinic,Fgl/Fgl077.jpg,exact,Fgl/Fgl077.jpg,
439,438,derm,Fhl/Fhl030.jpg,exact,Fhl/Fhl030.jpg,
439,438,clinic,Fhl/Fhl029.jpg,exact,Fhl/Fhl029.jpg,
440,439,derm,Fhl/Fhl032.jpg,exact,Fhl/Fhl032.jpg,
440,439,clinic,Fhl/Fhl031.jpg,exact,Fhl/Fhl031.jpg,
441,440,derm,Fhl/Fhl034.jpg,exact,Fhl/Fhl034.jpg,
441,440,clinic,Fhl/Fhl033.jpg,exact,Fhl/Fhl033.jpg,
442,441,derm,Fhl/Fhl038.jpg,exact,Fhl/Fhl038.jpg,
442,441,clinic,Fhl/Fhl037.jpg,exact,Fhl/Fhl037.jpg,
443,442,derm,Fhl/Fhl040.jpg,exact,Fhl/Fhl040.jpg,
443,442,clinic,Fhl/Fhl039.jpg,exact,Fhl/Fhl039.jpg,
444,443,derm,Fhl/Fhl042.jpg,exact,Fhl/Fhl042.jpg,
444,443,clinic,Fhl/Fhl041.jpg,exact,Fhl/Fhl041.jpg,
445,444,derm,Fhl/Fhl064.jpg,exact,Fhl/Fhl064.jpg,
445,444,clinic,Fhl/Fhl063.jpg,exact,Fhl/Fhl063.jpg,
446,445,derm,Fhl/Fhl066.jpg,exact,Fhl/Fhl066.jpg,
446,445,clinic,Fhl/Fhl065.jpg,exact,Fhl/Fhl065.jpg,
447,446,derm,Fhl/Fhl070.jpg,exact,Fhl/Fhl070.jpg,
447,446,clinic,Fhl/Fhl069.jpg,exact,Fhl/Fhl069.jpg,
448,447,derm,Fhl/Fhl072.jpg,exact,Fhl/Fhl072.jpg,
448,447,clinic,Fhl/Fhl071.jpg,exact,Fhl/Fhl071.jpg,
449,448,derm,Fhl/Fhl074.jpg,exact,Fhl/Fhl074.jpg,
449,448,clinic,Fhl/Fhl073.jpg,exact,Fhl/Fhl073.jpg,
450,449,derm,Fhl/Fhl076.jpg,exact,Fhl/Fhl076.jpg,
450,449,clinic,Fhl/Fhl075.jpg,exact,Fhl/Fhl075.jpg,
451,450,derm,Fhl/Fhl078.jpg,exact,Fhl/Fhl078.jpg,
451,450,clinic,Fhl/Fhl077.jpg,exact,Fhl/Fhl077.jpg,
452,451,derm,Fhl/Fhl080.jpg,exact,Fhl/Fhl080.jpg,
452,451,clinic,Fhl/Fhl079.jpg,exact,Fhl/Fhl079.jpg,
453,452,derm,Fhl/Fhl082.jpg,exact,Fhl/Fhl082.jpg,
453,452,clinic,Fhl/Fhl081.jpg,exact,Fhl/Fhl081.jpg,
454,453,derm,Fhl/Fhl084.jpg,exact,Fhl/Fhl084.jpg,
454,453,clinic,Fhl/Fhl083.jpg,exact,Fhl/Fhl083.jpg,
455,454,derm,Fhl/Fhl086.jpg,exact,Fhl/Fhl086.jpg,
455,454,clinic,Fhl/Fhl085.jpg,exact,Fhl/Fhl085.jpg,
456,455,derm,Fhl/Fhl088.jpg,exact,Fhl/Fhl088.jpg,
456,455,clinic,Fhl/Fhl087.jpg,exact,Fhl/Fhl087.jpg,
457,456,derm,Fhl/Fhl090.jpg,exact,Fhl/Fhl090.jpg,
457,456,clinic,Fhl/Fhl089.jpg,exact,Fhl/Fhl089.jpg,
458,457,derm,Fhl/Fhl092.jpg,exact,Fhl/Fhl092.jpg,
458,457,clinic,Fhl/Fhl091.jpg,exact,Fhl/Fhl091.jpg,
459,458,derm,Fhl/Fhl094.jpg,exact,Fhl/Fhl094.jpg,
459,458,clinic,Fhl/Fhl093.jpg,exact,Fhl/Fhl093.jpg,
460,459,derm,Fhl/Fhl096.jpg,exact,Fhl/Fhl096.jpg,
460,459,clinic,Fhl/Fhl095.jpg,exact,Fhl/Fhl095.jpg,
461,460,derm,Fhl/Fhl098.jpg,exact,Fhl/Fhl098.jpg,
461,460,clinic,Fhl/Fhl097.jpg,exact,Fhl/Fhl097.jpg,
462,461,derm,Fhl/Fhl100.jpg,exact,Fhl/Fhl100.jpg,
462,461,clinic,Fhl/Fhl099.jpg,exact,Fhl/Fhl099.jpg,
463,462,derm,Fll/Fll142.jpg,exact,Fll/Fll142.jpg,
463,462,clinic,Fll/Fll141.jpg,exact,Fll/Fll141.jpg,
464,463,derm,Fil/Fil062.jpg,exact,Fil/Fil062.jpg,
464,463,clinic,Fil/Fil061.jpg,exact,Fil/Fil061.jpg,
465,464,derm,Fml/Fml010.jpg,exact,Fml/Fml010.jpg,
465,464,clinic,Fml/Fml009.jpg,exact,Fml/Fml009.jpg,
466,465,derm,Fml/Fml020.jpg,exact,Fml/Fml020.jpg,
466,465,clinic,Fml/Fml019.jpg,exact,Fml/Fml019.jpg,
467,466,derm,Fil/Fil088.jpg,exact,Fil/Fil088.jpg,
467,466,clinic,Fil/Fil087.jpg,exact,Fil/Fil087.jpg,
468,467,derm,Fil/Fil094.jpg,exact,Fil/Fil094.jpg,
468,467,clinic,Fil/Fil093.jpg,exact,Fil/Fil093.jpg,
469,468,derm,NML/Nml067.jpg,exact,NML/Nml067.jpg,
469,468,clinic,NML/Nml066.jpg,exact,NML/Nml066.jpg,
470,469,derm,NLL/Nll024.jpg,exact,NLL/Nll024.jpg,
470,469,clinic,NLL/Nll023.jpg,exact,NLL/Nll023.jpg,
471,470,derm,NEL/Nel012.jpg,exact,NEL/Nel012.jpg,
471,470,clinic,NEL/Nel013.jpg,exact,NEL/Nel013.jpg,
472,471,derm,NFL/Nfl034.jpg,exact,NFL/Nfl034.jpg,
472,471,clinic,NFL/Nfl033.jpg,exact,NFL/Nfl033.jpg,
473,472,derm,NGL/Ngl086.jpg,exact,NGL/Ngl086.jpg,
473,472,clinic,NGL/Ngl085.jpg,exact,NGL/Ngl085.jpg,
474,473,derm,NGL/Ngl098.jpg,exact,NGL/Ngl098.jpg,
474,473,clinic,NGL/Ngl097.jpg,exact,NGL/Ngl097.jpg,
475,474,derm,NML/Nml045.jpg,exact,NML/Nml045.jpg,
475,474,clinic,NML/Nml044.jpg,exact,NML/Nml044.jpg,
476,475,derm,NML/Nml047.jpg,exact,NML/Nml047.jpg,
476,475,clinic,NML/Nml046.jpg,exact,NML/Nml046.jpg,
477,476,derm,A3l/Acl285.jpg,exact,A3l/Acl285.jpg,
477,476,clinic,A3l/Acl284.jpg,exact,A3l/Acl284.jpg,
478,477,derm,Gal/Gal216.jpg,exact,Gal/Gal216.jpg,
478,477,clinic,Gal/Gal215.jpg,exact,Gal/Gal215.jpg,
479,478,derm,Gal/Gal218.jpg,exact,Gal/Gal218.jpg,
479,478,clinic,Gal/Gal217.jpg,exact,Gal/Gal217.jpg,
480,479,derm,FAL/FAL022.JPG,exact,FAL/FAL022.JPG,
480,479,clinic,FAL/Fal021.jpg,exact,FAL/Fal021.jpg,
481,480,derm,FDL/Fdl062.jpg,exact,FDL/Fdl062.jpg,
481,480,clinic,FDL/Fdl061.jpg,exact,FDL/Fdl061.jpg,
482,481,derm,Gdl/Gdl100.jpg,exact,Gdl/Gdl100.jpg,
482,481,clinic,Gdl/Gdl099.jpg,exact,Gdl/Gdl099.jpg,
483,482,derm,Ggl/Ggl090.jpg,exact,Ggl/Ggl090.jpg,
483,482,clinic,Ggl/Ggl089.jpg,exact,Ggl/Ggl089.jpg,
484,483,derm,NCL/Ncl027.jpg,exact,NCL/Ncl027.jpg,
484,483,clinic,NCL/Ncl026.jpg,exact,NCL/Ncl026.jpg,
485,484,derm,NCL/Ncl071.jpg,exact,NCL/Ncl071.jpg,
485,484,clinic,NCL/Ncl072.jpg,exact,NCL/Ncl072.jpg,
486,485,derm,NCL/Ncl100.jpg,exact,NCL/Ncl100.jpg,
486,485,clinic,NCL/Ncl099.jpg,exact,NCL/Ncl099.jpg,
487,486,derm,NEL/Nel008.jpg,exact,NEL/Nel008.jpg,
487,486,clinic,NEL/NEL009.JPG,exact,NEL/NEL009.JPG,
488,487,derm,NEL/Nel010.jpg,exact,NEL/Nel010.jpg,
488,487,clinic,NEL/NEL011.JPG,exact,NEL/NEL011.JPG,
489,488,derm,NFL/Nfl036.jpg,exact,NFL/Nfl036.jpg,
489,488,clinic,NFL/Nfl035.jpg,exact,NFL/Nfl035.jpg,
490,489,derm,NML/Nml039.jpg,exact,NML/Nml039.jpg,
490,489,clinic,NML/Nml038.jpg,exact,NML/Nml038.jpg,
491,490,derm,A2l/Abl193.jpg,exact,A2l/Abl193.jpg,
491,490,clinic,A2l/Abl192.jpg,exact,A2l/Abl192.jpg,
492,491,derm,Adl/Adl377.jpg,exact,Adl/Adl377.jpg,
492,491,clinic,Adl/Adl376.jpg,exact,Adl/Adl376.jpg,
493,492,derm,Ael/Ael475.jpg,exact,Ael/Ael475.jpg,
493,492,clinic,Ael/Ael474.jpg,exact,Ael/Ael474.jpg,
494,493,derm,A2l/Abl183.jpg,exact,A2l/Abl183.jpg,
494,493,clinic,A2l/Abl182.jpg,exact,A2l/Abl182.jpg,
495,494,derm,Gal/Gal062.jpg,exact,Gal/Gal062.jpg,
495,494,clinic,Gal/Gal061.jpg,exact,Gal/Gal061.jpg,
496,495,derm,FFL/Ffl062.jpg,exact,FFL/Ffl062.jpg,
496,495,clinic,FFL/Ffl061.jpg,exact,FFL/Ffl061.jpg,
497,496,derm,FFL/Ffl096.jpg,exact,FFL/Ffl096.jpg,
497,496,clinic,FFL/Ffl095.jpg,exact,FFL/Ffl095.jpg,
498,497,derm,FDL/FDL016.JPG,exact,FDL/FDL016.JPG,
498,497,clinic,FDL/Fdl015.jpg,exact,FDL/Fdl015.jpg,
499,498,derm,FDL/FDL022.JPG,exact,FDL/FDL022.JPG,
499,498,clinic,FDL/Fdl021.jpg,exact,FDL/Fdl021.jpg,
500,499,derm,Ggl/Ggl002.jpg,exact,Ggl/Ggl002.jpg,
500,499,clinic,Ggl/Ggl001.jpg,exact,Ggl/Ggl001.jpg,
501,500,derm,NBL/Nbl080.jpg,exact,NBL/Nbl080.jpg,
501,500,clinic,NBL/Nbl079.jpg,exact,NBL/Nbl079.jpg,
502,501,derm,NEL/Nel005.jpg,exact,NEL/Nel005.jpg,
502,501,clinic,NEL/Nel006.jpg,exact,NEL/Nel006.jpg,
503,502,derm,NFL/Nfl042.jpg,exact,NFL/Nfl042.jpg,
503,502,clinic,NFL/Nfl041.jpg,exact,NFL/Nfl041.jpg,
504,503,derm,NFL/Nfl044.jpg,exact,NFL/Nfl044.jpg,
504,503,clinic,NFL/Nfl043.jpg,exact,NFL/Nfl043.jpg,
505,504,derm,NLL/Nll038.jpg,exact,NLL/Nll038.jpg,
505,504,clinic,NLL/Nll037.jpg,exact,NLL/Nll037.jpg,
506,505,derm,NLL/Nll040.jpg,exact,NLL/Nll040.jpg,
506,505,clinic,NLL/Nll039.jpg,exact,NLL/Nll039.jpg,
507,506,derm,NLL/Nll048.jpg,exact,NLL/Nll048.jpg,
507,506,clinic,NLL/NLL047.JPG,exact,NLL/NLL047.JPG,
508,507,derm,NLL/Nll050.jpg,exact,NLL/Nll050.jpg,
508,507,clinic,NLL/Nll049.jpg,exact,NLL/Nll049.jpg,
509,508,derm,NLL/NLL052.JPG,exact,NLL/NLL052.JPG,
509,508,clinic,NLL/Nll051.jpg,exact,NLL/Nll051.jpg,
510,509,derm,NLL/Nll056.jpg,exact,NLL/Nll056.jpg,
510,509,clinic,NLL/Nll055.jpg,exact,NLL/Nll055.jpg,
511,510,derm,NLL/Nll058.jpg,exact,NLL/Nll058.jpg,
511,510,clinic,NLL/Nll057.jpg,exact,NLL/Nll057.jpg,
512,511,derm,NLL/Nll088.jpg,exact,NLL/Nll088.jpg,
512,511,clinic,NLL/Nll087.jpg,exact,NLL/Nll087.jpg,
513,512,derm,NML/NML032.JPG,exact,NML/NML032.JPG,
513,512,clinic,NML/Nml031.jpg,exact,NML/Nml031.jpg,
514,513,derm,NML/Nml051.jpg,exact,NML/Nml051.jpg,
514,513,clinic,NML/Nml050.jpg,exact,NML/Nml050.jpg,
515,514,derm,NML/Nml063.jpg,exact,NML/Nml063.jpg,
515,514,clinic,NML/Nml062.jpg,exact,NML/Nml062.jpg,
516,515,derm,NML/Nml065.jpg,exact,NML/Nml065.jpg,
516,515,clinic,NML/Nml064.jpg,exact,NML/Nml064.jpg,
517,516,derm,A2l/Abl189.jpg,exact,A2l/Abl189.jpg,
517,516,clinic,A2l/Abl188.jpg,exact,A2l/Abl188.jpg,
518,517,derm,A3l/Acl203.jpg,exact,A3l/Acl203.jpg,
518,517,clinic,A3l/Acl202.jpg,exact,A3l/Acl202.jpg,
519,518,derm,A3l/Acl263.jpg,exact,A3l/Acl263.jpg,
519,518,clinic,A3l/Acl262.jpg,exact,A3l/Acl262.jpg,
520,519,derm,Adl/Adl331.jpg,exact,Adl/Adl331.jpg,
520,519,clinic,Adl/Adl330.jpg,exact,Adl/Adl330.jpg,
521,520,derm,Adl/Adl337bis.jpg,exact,Adl/Adl337bis.jpg,
521,520,clinic,Adl/Adl337.jpg,exact,Adl/Adl337.jpg,
522,521,derm,Ael/Ael521.jpg,exact,Ael/Ael521.jpg,
522,521,clinic,Ael/Ael520.jpg,exact,Ael/Ael520.jpg,
523,522,derm,Gzl/gzl68.jpg,exact,Gzl/gzl68.jpg,
523,522,clinic,Gzl/gzl67.jpg,exact,Gzl/gzl67.jpg,
524,523,derm,Gzl/gzl52.jpg,exact,Gzl/gzl52.jpg,
524,523,clinic,Gzl/gzl51.jpg,exact,Gzl/gzl51.jpg,
525,524,derm,Gal/Gal033.jpg,exact,Gal/Gal033.jpg,
525,524,clinic,Gal/Gal032.jpg,exact,Gal/Gal032.jpg,
526,525,derm,FBL/Fbl030.jpg,exact,FBL/Fbl030.jpg,
526,525,clinic,FBL/Fbl029.jpg,exact,FBL/Fbl029.jpg,
527,526,derm,FFL/Ffl042.jpg,exact,FFL/Ffl042.jpg,
527,526,clinic,FFL/Ffl041.jpg,exact,FFL/Ffl041.jpg,
528,527,derm,Ggl/Ggl008.jpg,exact,Ggl/Ggl008.jpg,
528,527,clinic,Ggl/Ggl007.jpg,exact,Ggl/Ggl007.jpg,
529,528,derm,Ggl/Ggl042.jpg,exact,Ggl/Ggl042.jpg,
529,528,clinic,Ggl/Ggl041.jpg,exact,Ggl/Ggl041.jpg,
530,529,derm,Ggl/Ggl044.jpg,exact,Ggl/Ggl044.jpg,
530,529,clinic,Ggl/Ggl043.jpg,exact,Ggl/Ggl043.jpg,
531,530,derm,Fgl/Fgl035.jpg,exact,Fgl/Fgl035.jpg,
531,530,clinic,Fgl/Fgl007.jpg,exact,Fgl/Fgl007.jpg,
532,531,derm,Fgl/Fgl020.jpg,exact,Fgl/Fgl020.jpg,
532,531,clinic,Fgl/Fgl019.jpg,exact,Fgl/Fgl019.jpg,
533,532,derm,Fll/Fll089.jpg,exact,Fll/Fll089.jpg,
533,532,clinic,Fll/Fll088.jpg,exact,Fll/Fll088.jpg,
534,533,derm,NFL/Nfl004.jpg,exact,NFL/Nfl004.jpg,
534,533,clinic,NFL/Nfl003.jpg,exact,NFL/Nfl003.jpg,
535,534,derm,A1l/Aal014.jpg,exact,A1l/Aal014.jpg,
535,534,clinic,A1l/Aal013.jpg,exact,A1l/Aal013.jpg,
536,535,derm,A1l/Aal018.jpg,exact,A1l/Aal018.jpg,
536,535,clinic,A1l/Aal017.jpg,exact,A1l/Aal017.jpg,
537,536,derm,A1l/Aal020.jpg,exact,A1l/Aal020.jpg,
537,536,clinic,A1l/Aal019.jpg,exact,A1l/Aal019.jpg,
538,537,derm,A2l/Abl197.jpg,exact,A2l/Abl197.jpg,
538,537,clinic,A2l/Abl196.jpg,exact,A2l/Abl196.jpg,
539,538,derm,A3l/Acl209.jpg,exact,A3l/Acl209.jpg,
539,538,clinic,A3l/Acl208.jpg,exact,A3l/Acl208.jpg,
540,539,derm,A3l/Acl211.jpg,exact,A3l/Acl211.jpg,
540,539,clinic,A3l/Acl210.jpg,exact,A3l/Acl210.jpg,
541,540,derm,A1l/Aal024.jpg,exact,A1l/Aal024.jpg,
541,540,clinic,A1l/Aal023.jpg,exact,A1l/Aal023.jpg,
542,541,derm,A3l/Acl231.jpg,exact,A3l/Acl231.jpg,
542,541,clinic,A3l/Acl230.jpg,exact,A3l/Acl230.jpg,
543,542,derm,A3l/Acl233.jpg,exact,A3l/Acl233.jpg,
543,542,clinic,A3l/Acl232.jpg,exact,A3l/Acl232.jpg,
544,543,derm,A1l/Aal028.jpg,exact,A1l/Aal028.jpg,
544,543,clinic,A1l/Aal027.jpg,exact,A1l/Aal027.jpg,
545,544,derm,A1l/Aal030.jpg,exact,A1l/Aal030.jpg,
545,544,clinic,A1l/Aal029.jpg,exact,A1l/Aal029.jpg,
546,545,derm,A1l/Aal038.jpg,exact,A1l/Aal038.jpg,
546,545,clinic,A1l/Aal037.jpg,exact,A1l/Aal037.jpg,
547,546,derm,Adl/Adl373.jpg,exact,Adl/Adl373.jpg,
547,546,clinic,Adl/Adl372.jpg,exact,Adl/Adl372.jpg,
548,547,derm,Ael/Ael527.jpg,exact,Ael/Ael527.jpg,
548,547,clinic,Ael/Ael526.jpg,exact,Ael/Ael526.jpg,
549,548,derm,Gal/Gal226.jpg,exact,Gal/Gal226.jpg,
549,548,clinic,Gal/Gal225.jpg,exact,Gal/Gal225.jpg,
550,549,derm,Ggl/Ggl048.jpg,exact,Ggl/Ggl048.jpg,
550,549,clinic,Ggl/Ggl047.jpg,exact,Ggl/Ggl047.jpg,
551,550,derm,Ggl/Ggl056.jpg,exact,Ggl/Ggl056.jpg,
551,550,clinic,Ggl/Ggl055.jpg,exact,Ggl/Ggl055.jpg,
552,551,derm,Ggl/Ggl084.jpg,exact,Ggl/Ggl084.jpg,
552,551,clinic,Ggl/Ggl083.jpg,exact,Ggl/Ggl083.jpg,
553,552,derm,Fhl/Fhl044.jpg,exact,Fhl/Fhl044.jpg,
553,552,clinic,Fhl/Fhl043.jpg,exact,Fhl/Fhl043.jpg,
554,553,derm,NDL/Ndl089.jpg,exact,NDL/Ndl089.jpg,
554,553,clinic,NDL/Ndl088.jpg,exact,NDL/Ndl088.jpg,
555,554,derm,NDL/Ndl100.jpg,exact,NDL/Ndl100.jpg,
555,554,clinic,NDL/Ndl099.jpg,exact,NDL/Ndl099.jpg,
556,555,derm,Adl/Adl383.jpg,exact,Adl/Adl383.jpg,
556,555,clinic,Adl/Adl382.jpg,exact,Adl/Adl382.jpg,
557,556,derm,Adl/Adl385.jpg,exact,Adl/Adl385.jpg,
557,556,clinic,Adl/Adl384.jpg,exact,Adl/Adl384.jpg,
558,557,derm,Adl/Adl387bis.jpg,exact,Adl/Adl387bis.jpg,
558,557,clinic,Adl/Adl386bis.jpg,exact,Adl/Adl386bis.jpg,
559,558,derm,Ael/Ael415.jpg,exact,Ael/Ael415.jpg,
559,558,clinic,Ael/Ael414.jpg,exact,Ael/Ael414.jpg,
560,559,derm,Gzl/gzl60.jpg,exact,Gzl/gzl60.jpg,
560,559,clinic,Gzl/gzl59.jpg,exact,Gzl/gzl59.jpg,
561,560,derm,Gzl/gzl48.jpg,exact,Gzl/gzl48.jpg,
561,560,clinic,Gzl/gzl47.jpg,exact,Gzl/gzl47.jpg,
562,561,derm,Gal/Gal169.jpg,exact,Gal/Gal169.jpg,
562,561,clinic,Gal/Gal168.jpg,exact,Gal/Gal168.jpg,
563,562,derm,Gal/Gal171.jpg,exact,Gal/Gal171.jpg,
563,562,clinic,Gal/Gal170.jpg,exact,Gal/Gal170.jpg,
564,563,derm,Ggl/Ggl070.jpg,exact,Ggl/Ggl070.jpg,
564,563,clinic,Ggl/Ggl069.jpg,exact,Ggl/Ggl069.jpg,
565,564,derm,Ggl/Ggl072.jpg,exact,Ggl/Ggl072.jpg,
565,564,clinic,Ggl/Ggl071.jpg,exact,Ggl/Ggl071.jpg,
566,565,derm,Fhl/Fhl018.jpg,exact,Fhl/Fhl018.jpg,
566,565,clinic,Fhl/Fhl018.jpg,exact,Fhl/Fhl018.jpg,
567,566,derm,Fil/Fil064.jpg,exact,Fil/Fil064.jpg,
567,566,clinic,Fil/Fil063.jpg,exact,Fil/Fil063.jpg,
568,567,derm,Fml/Fml026.jpg,exact,Fml/Fml026.jpg,
568,567,clinic,Fml/Fml025.jpg,exact,Fml/Fml025.jpg,
569,568,derm,New/newl006.jpg,exact,New/newl006.jpg,
569,568,clinic,New/newl005.jpg,exact,New/newl005.jpg,
570,569,derm,New/newl008.jpg,exact,New/newl008.jpg,
570,569,clinic,New/newl007.jpg,exact,New/newl007.jpg,
571,570,derm,New/newl010.jpg,exact,New/newl010.jpg,
571,570,clinic,New/newl009.jpg,exact,New/newl009.jpg,
572,571,derm,New/newl012.jpg,exact,New/newl012.jpg,
572,571,clinic,New/newl011.jpg,exact,New/newl011.jpg,
573,572,derm,New/newl018.jpg,exact,New/newl018.jpg,
573,572,clinic,New/newl017.jpg,exact,New/newl017.jpg,
574,573,derm,New/newl020.jpg,exact,New/newl020.jpg,
574,573,clinic,New/newl019.jpg,exact,New/newl019.jpg,
575,574,derm,New/newl022.jpg,exact,New/newl022.jpg,
575,574,clinic,New/newl021.jpg,exact,New/newl021.jpg,
576,575,derm,New/newl024.jpg,exact,New/newl024.jpg,
576,575,clinic,New/newl023.jpg,exact,New/newl023.jpg,
577,576,derm,New/newl026.jpg,exact,New/newl026.jpg,
577,576,clinic,New/newl025.jpg,exact,New/newl025.jpg,
578,577,derm,NAL/Nal020.jpg,exact,NAL/Nal020.jpg,
578,577,clinic,NAL/Nal019.jpg,exact,NAL/Nal019.jpg,
579,578,derm,NAL/Nal022.jpg,exact,NAL/Nal022.jpg,
579,578,clinic,NAL/Nal021.jpg,exact,NAL/Nal021.jpg,
580,579,derm,NAL/Nal037.jpg,exact,NAL/Nal037.jpg,
580,579,clinic,NAL/Nal039.jpg,exact,NAL/Nal039.jpg,
581,580,derm,NAL/Nal044.jpg,exact,NAL/Nal044.jpg,
581,580,clinic,NAL/Nal045.jpg,exact,NAL/Nal045.jpg,
582,581,derm,NAL/Nal047.jpg,exact,NAL/Nal047.jpg,
582,581,clinic,NAL/Nal046.jpg,exact,NAL/Nal046.jpg,
583,582,derm,NAL/Nal066.jpg,exact,NAL/Nal066.jpg,
583,582,clinic,NAL/Nal067.jpg,exact,NAL/Nal067.jpg,
584,583,derm,NAL/Nal073.jpg,exact,NAL/Nal073.jpg,
584,583,clinic,NAL/Nal074.jpg,exact,NAL/Nal074.jpg,
585,584,derm,NAL/Nal075.jpg,exact,NAL/Nal075.jpg,
585,584,clinic,NAL/Nal076.jpg,exact,NAL/Nal076.jpg,
586,585,derm,NAL/Nal077.jpg,exact,NAL/Nal077.jpg,
586,585,clinic,NAL/Nal078.jpg,exact,NAL/Nal078.jpg,
587,586,derm,NAL/Nal080.jpg,exact,NAL/Nal080.jpg,
587,586,clinic,NAL/Nal079.jpg,exact,NAL/Nal079.jpg,
588,587,derm,NAL/Nal082.jpg,exact,NAL/Nal082.jpg,
588,587,clinic,NAL/Nal081.jpg,exact,NAL/Nal081.jpg,
589,588,derm,NAL/Nal084.jpg,exact,NAL/Nal084.jpg,
589,588,clinic,NAL/Nal083.jpg,exact,NAL/Nal083.jpg,
590,589,derm,NAL/Nal088.jpg,exact,NAL/Nal088.jpg,
590,589,clinic,NAL/Nal087.jpg,exact,NAL/Nal087.jpg,
591,590,derm,NAL/Nal090.jpg,exact,NAL/Nal090.jpg,
591,590,clinic,NAL/Nal089.jpg,exact,NAL/Nal089.jpg,
592,591,derm,NAL/Nal052.jpg,exact,NAL/Nal052.jpg,
592,591,clinic,NAL/Nal051.jpg,exact,NAL/Nal051.jpg,
593,592,derm,NAL/Nal099.jpg,exact,NAL/Nal099.jpg,
593,592,clinic,NAL/Nal100.jpg,exact,NAL/Nal100.jpg,
594,593,derm,NBL/Nbl001.jpg,exact,NBL/Nbl001.jpg,
594,593,clinic,NBL/Nbl002.jpg,exact,NBL/Nbl002.jpg,
595,594,derm,NBL/Nbl007.jpg,exact,NBL/Nbl007.jpg,
595,594,clinic,NBL/Nbl008.jpg,exact,NBL/Nbl008.jpg,
596,595,derm,NBL/Nbl010.jpg,exact,NBL/Nbl010.jpg,
596,595,clinic,NBL/Nbl009.jpg,exact,NBL/Nbl009.jpg,
597,596,derm,NBL/Nbl013.jpg,exact,NBL/Nbl013.jpg,
597,596,clinic,NBL/Nbl012.jpg,exact,NBL/Nbl012.jpg,
598,597,derm,NBL/Nbl015.jpg,exact,NBL/Nbl015.jpg,
598,597,clinic,NBL/Nbl014.jpg,exact,NBL/Nbl014.jpg,
599,598,derm,NBL/Nbl022.jpg,exact,NBL/Nbl022.jpg,
599,598,clinic,NBL/Nbl023.jpg,exact,NBL/Nbl023.jpg,
600,599,derm,NBL/Nbl025.jpg,exact,NBL/Nbl025.jpg,
600,599,clinic,NBL/Nbl026.jpg,exact,NBL/Nbl026.jpg,
601,600,derm,NBL/Nbl031.jpg,exact,NBL/Nbl031.jpg,
601,600,clinic,NBL/Nbl032.jpg,exact,NBL/Nbl032.jpg,
602,601,derm,NFL/Nfl054.jpg,exact,NFL/Nfl054.jpg,
602,601,clinic,NFL/Nfl053.jpg,exact,NFL/Nfl053.jpg,
603,602,derm,NGL/Ngl002.jpg,exact,NGL/Ngl002.jpg,
603,602,clinic,NGL/Ngl001.jpg,exact,NGL/Ngl001.jpg,
604,603,derm,NGL/NGL010.JPG,exact,NGL/NGL010.JPG,
604,603,clinic,NGL/NGL009.JPG,exact,NGL/NGL009.JPG,
605,604,derm,NGL/Ngl062.jpg,exact,NGL/Ngl062.jpg,
605,604,clinic,NGL/Ngl061.jpg,exact,NGL/Ngl061.jpg,
606,605,derm,NGL/Ngl068.jpg,exact,NGL/Ngl068.jpg,
606,605,clinic,NGL/Ngl067.jpg,exact,NGL/Ngl067.jpg,
607,606,derm,NGL/Ngl084.jpg,exact,NGL/Ngl084.jpg,
607,606,clinic,NGL/Ngl083.jpg,exact,NGL/Ngl083.jpg,
608,607,derm,NHL/Nhl009.jpg,exact,NHL/Nhl009.jpg,
608,607,clinic,NHL/Nhl008.jpg,exact,NHL/Nhl008.jpg,
609,608,derm,NIL/Nil031.jpg,exact,NIL/Nil031.jpg,
609,608,clinic,NIL/Nil030.jpg,exact,NIL/Nil030.jpg,
610,609,derm,NIL/Nil080.jpg,exact,NIL/Nil080.jpg,
610,609,clinic,NIL/Nil079.jpg,exact,NIL/Nil079.jpg,
611,610,derm,NIL/Nil084.jpg,exact,NIL/Nil084.jpg,
611,610,clinic,NIL/Nil083.jpg,exact,NIL/Nil083.jpg,
612,611,derm,Adl/Adl301.jpg,exact,Adl/Adl301.jpg,
612,611,clinic,Adl/Adl300.jpg,exact,Adl/Adl300.jpg,
613,612,derm,Ael/Ael496.jpg,exact,Ael/Ael496.jpg,
613,612,clinic,Ael/Ael495.jpg,exact,Ael/Ael495.jpg,
614,613,derm,Gzl/gzl20.jpg,exact,Gzl/gzl20.jpg,
614,613,clinic,Gzl/gzl19.jpg,exact,Gzl/gzl19.jpg,
615,614,derm,Gzl/gzl28.jpg,exact,Gzl/gzl28.jpg,
615,614,clinic,Gzl/gzl27.jpg,exact,Gzl/gzl27.jpg,
616,615,derm,Gal/Gal240.jpg,exact,Gal/Gal240.jpg,
616,615,clinic,Gal/Gal239.jpg,exact,Gal/Gal239.jpg,
617,616,derm,Gal/Gal039.jpg,exact,Gal/Gal039.jpg,
617,616,clinic,Gal/Gal038.jpg,exact,Gal/Gal038.jpg,
618,617,derm,Gal/Gal185.jpg,exact,Gal/Gal185.jpg,
618,617,clinic,Gal/Gal184.jpg,exact,Gal/Gal184.jpg,
619,618,derm,FBL/FBL026.JPG,exact,FBL/FBL026.JPG,
619,618,clinic,FBL/Fbl025.jpg,exact,FBL/Fbl025.jpg,
620,619,derm,FBL/Fbl028.jpg,exact,FBL/Fbl028.jpg,
620,619,clinic,FBL/Fbl027.jpg,exact,FBL/Fbl027.jpg,
621,620,derm,FCL/Fcl022.jpg,exact,FCL/Fcl022.jpg,
621,620,clinic,FCL/FCL021.JPG,exact,FCL/FCL021.JPG,
622,621,derm,FCL/Fcl040.jpg,exact,FCL/Fcl040.jpg,
622,621,clinic,FCL/Fcl039.jpg,exact,FCL/Fcl039.jpg,
623,622,derm,FCL/Fcl044.jpg,exact,FCL/Fcl044.jpg,
623,622,clinic,FCL/Fcl043.jpg,exact,FCL/Fcl043.jpg,
624,623,derm,FCL/FCL058.JPG,exact,FCL/FCL058.JPG,
624,623,clinic,FCL/Fcl057.jpg,exact,FCL/Fcl057.jpg,
625,624,derm,FCL/FCL074.JPG,exact,FCL/FCL074.JPG,
625,624,clinic,FCL/FCL073.JPG,exact,FCL/FCL073.JPG,
626,625,derm,FFL/Ffl080.jpg,exact,FFL/Ffl080.jpg,
626,625,clinic,FFL/Ffl079.jpg,exact,FFL/Ffl079.jpg,
627,626,derm,FDL/Fdl014.jpg,exact,FDL/Fdl014.jpg,
627,626,clinic,FDL/Fdl013.jpg,exact,FDL/Fdl013.jpg,
628,627,derm,FDL/FDL036.JPG,exact,FDL/FDL036.JPG,
628,627,clinic,FDL/FDL035.JPG,exact,FDL/FDL035.JPG,
629,628,derm,Gcl/Gcl003.jpg,exact,Gcl/Gcl003.jpg,
629,628,clinic,Gcl/Gcl001.jpg,exact,Gcl/Gcl001.jpg,
630,629,derm,Gdl/Gdl037.jpg,exact,Gdl/Gdl037.jpg,
630,629,clinic,Gdl/Gdl035.jpg,exact,Gdl/Gdl035.jpg,
631,630,derm,Ggl/Ggl036.jpg,exact,Ggl/Ggl036.jpg,
631,630,clinic,Ggl/Ggl035.jpg,exact,Ggl/Ggl035.jpg,
632,631,derm,Ggl/Ggl068.jpg,exact,Ggl/Ggl068.jpg,
632,631,clinic,Ggl/Ggl067.jpg,exact,Ggl/Ggl067.jpg,
633,632,derm,Fll/Fll085.jpg,exact,Fll/Fll085.jpg,
633,632,clinic,Fll/Fll084.jpg,exact,Fll/Fll084.jpg,
634,633,derm,Fgl/Fgl018.jpg,exact,Fgl/Fgl018.jpg,
634,633,clinic,Fgl/Fgl017.jpg,exact,Fgl/Fgl017.jpg,
635,634,derm,Fgl/Fgl029.jpg,exact,Fgl/Fgl029.jpg,
635,634,clinic,Fgl/Fgl028.jpg,exact,Fgl/Fgl028.jpg,
636,635,derm,Fgl/Fgl057.jpg,exact,Fgl/Fgl057.jpg,
636,635,clinic,Fgl/Fgl056.jpg,exact,Fgl/Fgl056.jpg,
637,636,derm,Fil/Fil004.jpg,exact,Fil/Fil004.jpg,
637,636,clinic,Fil/Fil003.jpg,exact,Fil/Fil003.jpg,
638,637,derm,Fll/Fll122.jpg,exact,Fll/Fll122.jpg,
638,637,clinic,Fll/Fll121.jpg,exact,Fll/Fll121.jpg,
639,638,derm,Fil/Fil052.jpg,exact,Fil/Fil052.jpg,
639,638,clinic,Fil/Fil051.jpg,exact,Fil/Fil051.jpg,
640,639,derm,Fil/Fil070.jpg,exact,Fil/Fil070.jpg,
640,639,clinic,Fil/Fil069.jpg,exact,Fil/Fil069.jpg,
641,640,derm,New/newl053.jpg,exact,New/newl053.jpg,
641,640,clinic,New/newl052.jpg,exact,New/newl052.jpg,
642,641,derm,NAL/Nal005.jpg,exact,NAL/Nal005.jpg,
642,641,clinic,NAL/Nal007.jpg,exact,NAL/Nal007.jpg,
643,642,derm,NAL/Nal018.jpg,exact,NAL/Nal018.jpg,
643,642,clinic,NAL/Nal017.jpg,exact,NAL/Nal017.jpg,
644,643,derm,NAL/Nal025.jpg,exact,NAL/Nal025.jpg,
644,643,clinic,NAL/Nal026.jpg,exact,NAL/Nal026.jpg,
645,644,derm,NAL/Nal033.jpg,exact,NAL/Nal033.jpg,
645,644,clinic,NAL/Nal034.jpg,exact,NAL/Nal034.jpg,
646,645,derm,NAL/Nal035.jpg,exact,NAL/Nal035.jpg,
646,645,clinic,NAL/Nal036.jpg,exact,NAL/Nal036.jpg,
647,646,derm,NAL/Nal049.jpg,exact,NAL/Nal049.jpg,
647,646,clinic,NAL/Nal050.jpg,exact,NAL/Nal050.jpg,
648,647,derm,NAL/Nal057.jpg,exact,NAL/Nal057.jpg,
648,647,clinic,NAL/Nal056.jpg,exact,NAL/Nal056.jpg,
649,648,derm,NAL/Nal058.jpg,exact,NAL/Nal058.jpg,
649,648,clinic,NAL/Nal060.jpg,exact,NAL/Nal060.jpg,
650,649,derm,NAL/Nal064.jpg,exact,NAL/Nal064.jpg,
650,649,clinic,NAL/Nal065.jpg,exact,NAL/Nal065.jpg,
651,650,derm,NAL/Nal070.jpg,exact,NAL/Nal070.jpg,
651,650,clinic,NAL/Nal068.jpg,exact,NAL/Nal068.jpg,
652,651,derm,NAL/Nal086.jpg,exact,NAL/Nal086.jpg,
652,651,clinic,NAL/NAL085.JPG,exact,NAL/NAL085.JPG,
653,652,derm,NAL/Nal091.jpg,exact,NAL/Nal091.jpg,
653,652,clinic,NAL/Nal092.jpg,exact,NAL/Nal092.jpg,
654,653,derm,NAL/nal095.jpg,exact,NAL/nal095.jpg,
654,653,clinic,NAL/Nal096.jpg,exact,NAL/Nal096.jpg,
655,654,derm,NAL/Nal097.jpg,exact,NAL/Nal097.jpg,
655,654,clinic,NAL/nal097bis.jpg,exact,NAL/nal097bis.jpg,
656,655,derm,NBL/Nbl004.jpg,exact,NBL/Nbl004.jpg,
656,655,clinic,NBL/Nbl003.jpg,exact,NBL/Nbl003.jpg,
657,656,derm,NBL/Nbl006.jpg,exact,NBL/Nbl006.jpg,
657,656,clinic,NBL/Nbl005.jpg,exact,NBL/Nbl005.jpg,
658,657,derm,NBL/Nbl017.jpg,exact,NBL/Nbl017.jpg,
658,657,clinic,NBL/Nbl018.jpg,exact,NBL/Nbl018.jpg,
659,658,derm,NBL/Nbl019.jpg,exact,NBL/Nbl019.jpg,
659,658,clinic,NBL/NBL021.JPG,exact,NBL/NBL021.JPG,
660,659,derm,NBL/Nbl028.jpg,exact,NBL/Nbl028.jpg,
660,659,clinic,NBL/Nbl027.jpg,exact,NBL/Nbl027.jpg,
661,660,derm,NBL/Nbl030.jpg,exact,NBL/Nbl030.jpg,
661,660,clinic,NBL/Nbl029.jpg,exact,NBL/Nbl029.jpg,
662,661,derm,NBL/Nbl034.jpg,exact,NBL/Nbl034.jpg,
662,661,clinic,NBL/Nbl033.jpg,exact,NBL/Nbl033.jpg,
663,662,derm,NFL/Nfl063.jpg,exact,NFL/Nfl063.jpg,
663,662,clinic,NFL/Nfl062.jpg,exact,NFL/Nfl062.jpg,
664,663,derm,NFL/nfl070.jpg,exact,NFL/nfl070.jpg,
664,663,clinic,NFL/Nfl069.jpg,exact,NFL/Nfl069.jpg,
665,664,derm,NFL/nfl072.jpg,exact,NFL/nfl072.jpg,
665,664,clinic,NFL/Nfl071.jpg,exact,NFL/Nfl071.jpg,
666,665,derm,NGL/Ngl008.jpg,exact,NGL/Ngl008.jpg,
666,665,clinic,NGL/Ngl007.jpg,exact,NGL/Ngl007.jpg,
667,666,derm,NGL/Ngl013.jpg,exact,NGL/Ngl013.jpg,
667,666,clinic,NGL/Ngl012.jpg,exact,NGL/Ngl012.jpg,
668,667,derm,NGL/Ngl017.jpg,exact,NGL/Ngl017.jpg,
668,667,clinic,NGL/Ngl016.jpg,exact,NGL/Ngl016.jpg,
669,668,derm,NGL/Ngl019.jpg,exact,NGL/Ngl019.jpg,
669,668,clinic,NGL/Ngl018.jpg,exact,NGL/Ngl018.jpg,
670,669,derm,NGL/Ngl021.jpg,exact,NGL/Ngl021.jpg,
670,669,clinic,NGL/Ngl020.jpg,exact,NGL/Ngl020.jpg,
671,670,derm,NGL/Ngl027.jpg,exact,NGL/Ngl027.jpg,
671,670,clinic,NGL/NGL026.JPG,exact,NGL/NGL026.JPG,
672,671,derm,NGL/Ngl039.jpg,exact,NGL/Ngl039.jpg,
672,671,clinic,NGL/Ngl038.jpg,exact,NGL/Ngl038.jpg,
673,672,derm,NGL/Ngl055.jpg,exact,NGL/Ngl055.jpg,
673,672,clinic,NGL/Ngl054.jpg,exact,NGL/Ngl054.jpg,
674,673,derm,NGL/Ngl064.jpg,exact,NGL/Ngl064.jpg,
674,673,clinic,NGL/Ngl063.jpg,exact,NGL/Ngl063.jpg,
675,674,derm,NGL/Ngl100.jpg,exact,NGL/Ngl100.jpg,
675,674,clinic,NGL/Ngl099.jpg,exact,NGL/Ngl099.jpg,
676,675,derm,NIL/Nil066.jpg,exact,NIL/Nil066.jpg,
676,675,clinic,NIL/Nil065.jpg,exact,NIL/Nil065.jpg,
677,676,derm,NIL/Nil070.jpg,exact,NIL/Nil070.jpg,
677,676,clinic,NIL/Nil069.jpg,exact,NIL/Nil069.jpg,
678,677,derm,NIL/Nil076.jpg,exact,NIL/Nil076.jpg,
678,677,clinic,NIL/Nil075.jpg,exact,NIL/Nil075.jpg,
679,678,derm,NIL/Nil078.jpg,exact,NIL/Nil078.jpg,
679,678,clinic,NIL/NIL077.JPG,exact,NIL/NIL077.JPG,
680,679,derm,NIL/Nil088.jpg,exact,NIL/Nil088.jpg,
680,679,clinic,NIL/Nil087.jpg,exact,NIL/Nil087.jpg,
681,680,derm,NIL/Nil096.jpg,exact,NIL/Nil096.jpg,
681,680,clinic,NIL/Nil095.jpg,exact,NIL/Nil095.jpg,
682,681,derm,NIL/Nil100.jpg,exact,NIL/Nil100.jpg,
682,681,clinic,NIL/Nil099.jpg,exact,NIL/Nil099.jpg,
683,682,derm,NIL/Nil103.jpg,exact,NIL/Nil103.jpg,
683,682,clinic,NIL/NIL101.JPG,exact,NIL/NIL101.JPG,
684,683,derm,NLL/Nll002.jpg,exact,NLL/Nll002.jpg,
684,683,clinic,NLL/Nll001.jpg,exact,NLL/Nll001.jpg,
685,684,derm,NLL/Nll004.jpg,exact,NLL/Nll004.jpg,
685,684,clinic,NLL/NLL003.JPG,exact,NLL/NLL003.JPG,
686,685,derm,NML/Nml022.jpg,exact,NML/Nml022.jpg,
686,685,clinic,NML/nml021bis.jpg,exact,NML/nml021bis.jpg,
687,686,derm,NML/Nml077.jpg,exact,NML/Nml077.jpg,
687,686,clinic,NML/Nml076.jpg,exact,NML/Nml076.jpg,
688,687,derm,NML/Nml079.jpg,exact,NML/Nml079.jpg,
688,687,clinic,NML/Nml078.jpg,exact,NML/Nml078.jpg,
689,688,derm,Adl/Adl305.jpg,exact,Adl/Adl305.jpg,
689,688,clinic,Adl/Adl304.jpg,exact,Adl/Adl304.jpg,
690,689,derm,Adl/Adl313.jpg,exact,Adl/Adl313.jpg,
690,689,clinic,Adl/Adl312.jpg,exact,Adl/Adl312.jpg,
691,690,derm,Ael/Ael490.jpg,exact,Ael/Ael490.jpg,
691,690,clinic,Ael/Ael489.jpg,exact,Ael/Ael489.jpg,
692,691,derm,Ael/Ael492.jpg,exact,Ael/Ael492.jpg,
692,691,clinic,Ael/Ael491.jpg,exact,Ael/Ael491.jpg,
693,692,derm,Ael/Ael504.jpg,exact,Ael/Ael504.jpg,
693,692,clinic,Ael/Ael503.jpg,exact,Ael/Ael503.jpg,
694,693,derm,Gzl/gzl04.jpg,exact,Gzl/gzl04.jpg,
694,693,clinic,Gzl/gzl03.jpg,exact,Gzl/gzl03.jpg,
695,694,derm,Gzl/gzl16.jpg,exact,Gzl/gzl16.jpg,
695,694,clinic,Gzl/gzl15.jpg,exact,Gzl/gzl15.jpg,
696,695,derm,Gzl/gzl76.jpg,exact,Gzl/gzl76.jpg,
696,695,clinic,Gzl/gzl75.jpg,exact,Gzl/gzl75.jpg,
697,696,derm,Gzl/gzl50.jpg,exact,Gzl/gzl50.jpg,
697,696,clinic,Gzl/gzl49.jpg,exact,Gzl/gzl49.jpg,
698,697,derm,Gal/Gal108.jpg,exact,Gal/Gal108.jpg,
698,697,clinic,Gal/Gal107.jpg,exact,Gal/Gal107.jpg,
699,698,derm,Gal/Gal113.jpg,exact,Gal/Gal113.jpg,
699,698,clinic,Gal/Gal112.jpg,exact,Gal/Gal112.jpg,
700,699,derm,Gal/Gal146.jpg,exact,Gal/Gal146.jpg,
700,699,clinic,Gal/Gal145.jpg,exact,Gal/Gal145.jpg,
701,700,derm,Gal/Gal257.jpg,exact,Gal/Gal257.jpg,
701,700,clinic,Gal/Gal256.jpg,exact,Gal/Gal256.jpg,
702,701,derm,Gal/Gal211.jpg,exact,Gal/Gal211.jpg,
702,701,clinic,Gal/Gal210.jpg,exact,Gal/Gal210.jpg,
703,702,derm,FAL/FAL066.JPG,exact,FAL/FAL066.JPG,
703,702,clinic,FAL/Fal065.jpg,exact,FAL/Fal065.jpg,
704,703,derm,FAL/Fal078.jpg,exact,FAL/Fal078.jpg,
704,703,clinic,FAL/Fal077.jpg,exact,FAL/Fal077.jpg,
705,704,derm,FBL/FBL046.JPG,exact,FBL/FBL046.JPG,
705,704,clinic,FBL/Fbl045.jpg,exact,FBL/Fbl045.jpg,
706,705,derm,FBL/Fbl050.jpg,exact,FBL/Fbl050.jpg,
706,705,clinic,FBL/Fbl049.jpg,exact,FBL/Fbl049.jpg,
707,706,derm,FBL/FBL058.JPG,exact,FBL/FBL058.JPG,
707,706,clinic,FBL/Fbl057.jpg,exact,FBL/Fbl057.jpg,
708,707,derm,Fll/Fll027.jpg,exact,Fll/Fll027.jpg,
708,707,clinic,Fll/Fll026.jpg,exact,Fll/Fll026.jpg,
709,708,derm,FBL/Fbl082.jpg,exact,FBL/Fbl082.jpg,
709,708,clinic,FBL/Fbl081.jpg,exact,FBL/Fbl081.jpg,
710,709,derm,FCL/Fcl026.jpg,exact,FCL/Fcl026.jpg,
710,709,clinic,FCL/FCL025.JPG,exact,FCL/FCL025.JPG,
711,710,derm,FCL/Fcl060.jpg,exact,FCL/Fcl060.jpg,
711,710,clinic,FCL/Fcl059.jpg,exact,FCL/Fcl059.jpg,
712,711,derm,Fll/Fll045.jpg,exact,Fll/Fll045.jpg,
712,711,clinic,Fll/Fll044.jpg,exact,Fll/Fll044.jpg,
713,712,derm,FCL/Fcl100.jpg,exact,FCL/Fcl100.jpg,
713,712,clinic,FCL/Fcl099.jpg,exact,FCL/Fcl099.jpg,
714,713,derm,FEL/Fel098.jpg,exact,FEL/Fel098.jpg,
714,713,clinic,FEL/Fel097.jpg,exact,FEL/Fel097.jpg,
715,714,derm,FFL/FFL020.JPG,exact,FFL/FFL020.JPG,
715,714,clinic,FFL/Ffl019.jpg,exact,FFL/Ffl019.jpg,
716,715,derm,FFL/Ffl092.jpg,exact,FFL/Ffl092.jpg,
716,715,clinic,FFL/Ffl091.jpg,exact,FFL/Ffl091.jpg,
717,716,derm,FFL/Ffl094.jpg,exact,FFL/Ffl094.jpg,
717,716,clinic,FFL/Ffl093.jpg,exact,FFL/Ffl093.jpg,
718,717,derm,Fll/Fll071.jpg,exact,Fll/Fll071.jpg,
718,717,clinic,Fll/Fll070.jpg,exact,Fll/Fll070.jpg,
719,718,derm,FDL/Fdl056.jpg,exact,FDL/Fdl056.jpg,
719,718,clinic,FDL/FDL055.JPG,exact,FDL/FDL055.JPG,
720,719,derm,Gbl/Gbl009.jpg,exact,Gbl/Gbl009.jpg,
720,719,clinic,Gbl/Gbl006.jpg,exact,Gbl/Gbl006.jpg,
721,720,derm,Gcl/Gcl094.jpg,exact,Gcl/Gcl094.jpg,
721,720,clinic,Gcl/Gcl093.jpg,exact,Gcl/Gcl093.jpg,
722,721,derm,Gdl/Gdl014.jpg,exact,Gdl/Gdl014.jpg,
722,721,clinic,Gdl/Gdl013.jpg,exact,Gdl/Gdl013.jpg,
723,722,derm,Gdl/Gdl021.jpg,exact,Gdl/Gdl021.jpg,
723,722,clinic,Gdl/Gdl019.jpg,exact,Gdl/Gdl019.jpg,
724,723,derm,Gdl/Gdl025.jpg,exact,Gdl/Gdl025.jpg,
724,723,clinic,Gdl/Gdl024.jpg,exact,Gdl/Gdl024.jpg,
725,724,derm,Ggl/Ggl050.jpg,exact,Ggl/Ggl050.jpg,
725,724,clinic,Ggl/Ggl049.jpg,exact,Ggl/Ggl049.jpg,
726,725,derm,Ggl/Ggl058.jpg,exact,Ggl/Ggl058.jpg,
726,725,clinic,Ggl/Ggl057.jpg,exact,Ggl/Ggl057.jpg,
727,726,derm,Fll/Fll097.jpg,exact,Fll/Fll097.jpg,
727,726,clinic,Fll/Fll096.jpg,exact,Fll/Fll096.jpg,
728,727,derm,Fgl/Fgl082.jpg,exact,Fgl/Fgl082.jpg,
728,727,clinic,Fgl/Fgl081.jpg,exact,Fgl/Fgl081.jpg,
729,728,derm,Fgl/Fgl083.jpg,exact,Fgl/Fgl083.jpg,
729,728,clinic,Fgl/Fgl085.jpg,exact,Fgl/Fgl085.jpg,
730,729,derm,Fhl/Fhl046.jpg,exact,Fhl/Fhl046.jpg,
730,729,clinic,Fhl/Fhl045.jpg,exact,Fhl/Fhl045.jpg,
731,730,derm,Fll/Fll108.jpg,exact,Fll/Fll108.jpg,
731,730,clinic,Fll/Fll107.jpg,exact,Fll/Fll107.jpg,
732,731,derm,Fil/Fil006.jpg,exact,Fil/Fil006.jpg,
732,731,clinic,Fil/Fil005.jpg,exact,Fil/Fil005.jpg,
733,732,derm,Fll/Fll116.jpg,exact,Fll/Fll116.jpg,
733,732,clinic,Fll/Fll115.jpg,exact,Fll/Fll115.jpg,
734,733,derm,Fll/Fll118.jpg,exact,Fll/Fll118.jpg,
734,733,clinic,Fll/Fll117.jpg,exact,Fll/Fll117.jpg,
735,734,derm,Fil/Fil032.jpg,exact,Fil/Fil032.jpg,
735,734,clinic,Fil/Fil031.jpg,exact,Fil/Fil031.jpg,
736,735,derm,Fll/Fll132.jpg,exact,Fll/Fll132.jpg,
736,735,clinic,Fll/Fll131.jpg,exact,Fll/Fll131.jpg,
737,736,derm,New/newl014.jpg,exact,New/newl014.jpg,
737,736,clinic,New/newl013.jpg,exact,New/newl013.jpg,
738,737,derm,New/newl032.jpg,exact,New/newl032.jpg,
738,737,clinic,New/newl031.jpg,exact,New/newl031.jpg,
739,738,derm,New/newl043.jpg,exact,New/newl043.jpg,
739,738,clinic,New/newl042.jpg,exact,New/newl042.jpg,
740,739,derm,New/newl047.jpg,exact,New/newl047.jpg,
740,739,clinic,New/newl046.jpg,exact,New/newl046.jpg,
741,740,derm,New/newl049.jpg,exact,New/newl049.jpg,
741,740,clinic,New/newl048.jpg,exact,New/newl048.jpg,
742,741,derm,New/newl051.jpg,exact,New/newl051.jpg,
742,741,clinic,New/newl050.jpg,exact,New/newl050.jpg,
743,742,derm,New/newl059.jpg,exact,New/newl059.jpg,
743,742,clinic,New/newl058.jpg,exact,New/newl058.jpg,
744,743,derm,NAL/Nal002.jpg,exact,NAL/Nal002.jpg,
744,743,clinic,NAL/Nal003.jpg,exact,NAL/Nal003.jpg,
745,744,derm,NAL/Nal008.jpg,exact,NAL/Nal008.jpg,
745,744,clinic,NAL/Nal009.jpg,exact,NAL/Nal009.jpg,
746,745,derm,NBL/Nbl059.jpg,exact,NBL/Nbl059.jpg,
746,745,clinic,NBL/Nbl058.jpg,exact,NBL/Nbl058.jpg,
747,746,derm,NBL/Nbl060.jpg,exact,NBL/Nbl060.jpg,
747,746,clinic,NBL/Nbl061.jpg,exact,NBL/Nbl061.jpg,
748,747,derm,NBL/Nbl063.jpg,exact,NBL/Nbl063.jpg,
748,747,clinic,NBL/Nbl062.jpg,exact,NBL/Nbl062.jpg,
749,748,derm,NBL/Nbl065.jpg,exact,NBL/Nbl065.jpg,
749,748,clinic,NBL/Nbl066.jpg,exact,NBL/Nbl066.jpg,
750,749,derm,NGL/Ngl004.jpg,exact,NGL/Ngl004.jpg,
750,749,clinic,NGL/NGL003.JPG,exact,NGL/NGL003.JPG,
751,750,derm,NGL/NGL025.JPG,exact,NGL/NGL025.JPG,
751,750,clinic,NGL/Ngl024.jpg,exact,NGL/Ngl024.jpg,
752,751,derm,NGL/Ngl041.jpg,exact,NGL/Ngl041.jpg,
752,751,clinic,NGL/Ngl040.jpg,exact,NGL/Ngl040.jpg,
753,752,derm,NGL/Ngl066.jpg,exact,NGL/Ngl066.jpg,
753,752,clinic,NGL/Ngl065.jpg,exact,NGL/Ngl065.jpg,
754,753,derm,NGL/Ngl088.jpg,exact,NGL/Ngl088.jpg,
754,753,clinic,NGL/Ngl087.jpg,exact,NGL/Ngl087.jpg,
755,754,derm,NIL/Nil064.jpg,exact,NIL/Nil064.jpg,
755,754,clinic,NIL/NIL063.JPG,exact,NIL/NIL063.JPG,
756,755,derm,NIL/Nil068.jpg,exact,NIL/Nil068.jpg,
756,755,clinic,NIL/Nil067.jpg,exact,NIL/Nil067.jpg,
757,756,derm,NIL/Nil082.jpg,exact,NIL/Nil082.jpg,
757,756,clinic,NIL/Nil081.jpg,exact,NIL/Nil081.jpg,
758,757,derm,NIL/Nil090.jpg,exact,NIL/Nil090.jpg,
758,757,clinic,NIL/Nil089.jpg,exact,NIL/Nil089.jpg,
759,758,derm,NIL/Nil093.jpg,exact,NIL/Nil093.jpg,
759,758,clinic,NIL/Nil092.jpg,exact,NIL/Nil092.jpg,
760,759,derm,NLL/nll014.jpg,exact,NLL/nll014.jpg,
760,759,clinic,NLL/Nll013.jpg,exact,NLL/Nll013.jpg,
761,760,derm,NML/Nml024.jpg,exact,NML/Nml024.jpg,
761,760,clinic,NML/nml024bis.jpg,exact,NML/nml024bis.jpg,
762,761,derm,NML/Nml073.jpg,exact,NML/Nml073.jpg,
762,761,clinic,NML/Nml072.jpg,exact,NML/Nml072.jpg,
763,762,derm,A1l/Aal002.jpg,exact,A1l/Aal002.jpg,
763,762,clinic,A1l/Aal001.jpg,exact,A1l/Aal001.jpg,
764,763,derm,A1l/Aal002bis.jpg,exact,A1l/Aal002bis.jpg,
764,763,clinic,A1l/Aal001bis.jpg,exact,A1l/Aal001bis.jpg,
765,764,derm,Ael/Ael494.jpg,exact,Ael/Ael494.jpg,
765,764,clinic,Ael/Ael493.jpg,exact,Ael/Ael493.jpg,
766,765,derm,Gzl/gzl12.jpg,exact,Gzl/gzl12.jpg,
766,765,clinic,Gzl/gzl11.jpg,exact,Gzl/gzl11.jpg,
767,766,derm,Gzl/gzl26.jpg,exact,Gzl/gzl26.jpg,
767,766,clinic,Gzl/gzl25.jpg,exact,Gzl/gzl25.jpg,
768,767,derm,Gal/Gal220.jpg,exact,Gal/Gal220.jpg,
768,767,clinic,Gal/Gal219.jpg,exact,Gal/Gal219.jpg,
769,768,derm,Gal/Gal262.jpg,exact,Gal/Gal262.jpg,
769,768,clinic,Gal/Gal261.jpg,exact,Gal/Gal261.jpg,
770,769,derm,Gal/Gal209.jpg,exact,Gal/Gal209.jpg,
770,769,clinic,Gal/Gal208.jpg,exact,Gal/Gal208.jpg,
771,770,derm,FAL/FAL006.JPG,exact,FAL/FAL006.JPG,
771,770,clinic,FAL/Fal005.jpg,exact,FAL/Fal005.jpg,
772,771,derm,FAL/FAL094.JPG,exact,FAL/FAL094.JPG,
772,771,clinic,FAL/Fal093.jpg,exact,FAL/Fal093.jpg,
773,772,derm,FBL/FBL020.JPG,exact,FBL/FBL020.JPG,
773,772,clinic,FBL/Fbl019.jpg,exact,FBL/Fbl019.jpg,
774,773,derm,FCL/FCL056.JPG,exact,FCL/FCL056.JPG,
774,773,clinic,FCL/Fcl055.jpg,exact,FCL/Fcl055.jpg,
775,774,derm,Fll/Fll047.jpg,exact,Fll/Fll047.jpg,
775,774,clinic,Fll/Fll046.jpg,exact,Fll/Fll046.jpg,
776,775,derm,FCL/FCL084.JPG,exact,FCL/FCL084.JPG,
776,775,clinic,FCL/Fcl083.jpg,exact,FCL/Fcl083.jpg,
777,776,derm,FCL/Fcl092.jpg,exact,FCL/Fcl092.jpg,
777,776,clinic,FCL/Fcl091.jpg,exact,FCL/Fcl091.jpg,
778,777,derm,FFL/FFL068.JPG,exact,FFL/FFL068.JPG,
778,777,clinic,FFL/Ffl067.jpg,exact,FFL/Ffl067.jpg,
779,778,derm,Fll/Fll069.jpg,exact,Fll/Fll069.jpg,
779,778,clinic,Fll/Fll068.jpg,exact,Fll/Fll068.jpg,
780,779,derm,Gbl/Gbl014.jpg,exact,Gbl/Gbl014.jpg,
780,779,clinic,Gbl/Gbl013.jpg,exact,Gbl/Gbl013.jpg,
781,780,derm,Gcl/Gcl058.jpg,exact,Gcl/Gcl058.jpg,
781,780,clinic,Gcl/Gcl057.jpg,exact,Gcl/Gcl057.jpg,
782,781,derm,Gdl/Gdl012.jpg,exact,Gdl/Gdl012.jpg,
782,781,clinic,Gdl/Gdl011.jpg,exact,Gdl/Gdl011.jpg,
783,782,derm,Gdl/Gdl023.jpg,exact,Gdl/Gdl023.jpg,
783,782,clinic,Gdl/Gdl022.jpg,exact,Gdl/Gdl022.jpg,
784,783,derm,Gdl/Gdl034.jpg,exact,Gdl/Gdl034.jpg,
784,783,clinic,Gdl/Gdl033.jpg,exact,Gdl/Gdl033.jpg,
785,784,derm,Gdl/Gdl089.jpg,exact,Gdl/Gdl089.jpg,
785,784,clinic,Gdl/Gdl088.jpg,exact,Gdl/Gdl088.jpg,
786,785,derm,Ggl/Ggl040.jpg,exact,Ggl/Ggl040.jpg,
786,785,clinic,Ggl/Ggl039.jpg,exact,Ggl/Ggl039.jpg,
787,786,derm,Ggl/Ggl054.jpg,exact,Ggl/Ggl054.jpg,
787,786,clinic,Ggl/Ggl053.jpg,exact,Ggl/Ggl053.jpg,
788,787,derm,Fgl/Fgl006.jpg,exact,Fgl/Fgl006.jpg,
788,787,clinic,Fgl/Fgl032.jpg,exact,Fgl/Fgl032.jpg,
789,788,derm,Fgl/Fgl061.jpg,exact,Fgl/Fgl061.jpg,
789,788,clinic,Fgl/Fgl060.jpg,exact,Fgl/Fgl060.jpg,
790,789,derm,Fil/Fil010.jpg,exact,Fil/Fil010.jpg,
790,789,clinic,Fil/Fil009.jpg,exact,Fil/Fil009.jpg,
791,790,derm,Fll/Fll126.jpg,exact,Fll/Fll126.jpg,
791,790,clinic,Fll/Fll125.jpg,exact,Fll/Fll125.jpg,
792,791,derm,Fll/Fll128.jpg,exact,Fll/Fll128.jpg,
792,791,clinic,Fll/Fll127.jpg,exact,Fll/Fll127.jpg,
793,792,derm,Fll/Fll130.jpg,exact,Fll/Fll130.jpg,
793,792,clinic,Fll/Fll129.jpg,exact,Fll/Fll129.jpg,
794,793,derm,Fll/Fll136.jpg,exact,Fll/Fll136.jpg,
794,793,clinic,Fll/Fll135.jpg,exact,Fll/Fll135.jpg,
795,794,derm,New/newl045.jpg,exact,New/newl045.jpg,
795,794,clinic,New/newl044.jpg,exact,New/newl044.jpg,
796,795,derm,New/newl055.jpg,exact,New/newl055.jpg,
796,795,clinic,New/newl054.jpg,exact,New/newl054.jpg,
797,796,derm,NBL/Nbl037.jpg,exact,NBL/Nbl037.jpg,
797,796,clinic,NBL/Nbl035.jpg,exact,NBL/Nbl035.jpg,
798,797,derm,NBL/Nbl040.jpg,exact,NBL/Nbl040.jpg,
798,797,clinic,NBL/Nbl039.jpg,exact,NBL/Nbl039.jpg,
799,798,derm,NBL/Nbl044.jpg,exact,NBL/Nbl044.jpg,
799,798,clinic,NBL/NBL043.JPG,exact,NBL/NBL043.JPG,
800,799,derm,NBL/Nbl048.jpg,exact,NBL/Nbl048.jpg,
800,799,clinic,NBL/NBL047.JPG,exact,NBL/NBL047.JPG,
801,800,derm,NBL/NBL049.JPG,exact,NBL/NBL049.JPG,
801,800,clinic,NBL/NBL049.JPG,exact,NBL/NBL049.JPG,
802,801,derm,NBL/Nbl054.jpg,exact,NBL/Nbl054.jpg,
802,801,clinic,NBL/Nbl055.jpg,exact,NBL/Nbl055.jpg,
803,802,derm,NBL/Nbl074.jpg,exact,NBL/Nbl074.jpg,
803,802,clinic,NBL/Nbl073.jpg,exact,NBL/Nbl073.jpg,
804,803,derm,NGL/Ngl006.jpg,exact,NGL/Ngl006.jpg,
804,803,clinic,NGL/NGL005.JPG,exact,NGL/NGL005.JPG,
805,804,derm,NGL/Ngl057.jpg,exact,NGL/Ngl057.jpg,
805,804,clinic,NGL/Ngl056.jpg,exact,NGL/Ngl056.jpg,
806,805,derm,NGL/Ngl015.jpg,exact,NGL/Ngl015.jpg,
806,805,clinic,NGL/NGL014.JPG,exact,NGL/NGL014.JPG,
807,806,derm,NHL/Nhl017.jpg,exact,NHL/Nhl017.jpg,
807,806,clinic,NHL/NHL016.JPG,exact,NHL/NHL016.JPG,
808,807,derm,NIL/Nil062.jpg,exact,NIL/Nil062.jpg,
808,807,clinic,NIL/Nil061.jpg,exact,NIL/Nil061.jpg,
809,808,derm,NIL/Nil086.jpg,exact,NIL/Nil086.jpg,
809,808,clinic,NIL/Nil085.jpg,exact,NIL/Nil085.jpg,
810,809,derm,NML/Nml020.jpg,exact,NML/Nml020.jpg,
810,809,clinic,NML/nml019bis.jpg,exact,NML/nml019bis.jpg,
811,810,derm,NML/Nml081.jpg,exact,NML/Nml081.jpg,
811,810,clinic,NML/Nml080.jpg,exact,NML/Nml080.jpg,
812,811,derm,Ael/Ael498.jpg,exact,Ael/Ael498.jpg,
812,811,clinic,Ael/Ael497.jpg,exact,Ael/Ael497.jpg,
813,812,derm,Ael/Ael514.jpg,exact,Ael/Ael514.jpg,
813,812,clinic,Ael/Ael513.jpg,exact,Ael/Ael513.jpg,
814,813,derm,Gzl/gzl64.jpg,exact,Gzl/gzl64.jpg,
814,813,clinic,Gzl/gzl63.jpg,exact,Gzl/gzl63.jpg,
815,814,derm,Gzl/gzl78.jpg,exact,Gzl/gzl78.jpg,
815,814,clinic,Gzl/gzl77.jpg,exact,Gzl/gzl77.jpg,
816,815,derm,FCL/FCL054.JPG,exact,FCL/FCL054.JPG,
816,815,clinic,FCL/FCL053.JPG,exact,FCL/FCL053.JPG,
817,816,derm,FCl/Fcl068.jpg,case_mismatch,FCL/Fcl068.jpg,
817,816,clinic,FCL/FCL067.JPG,exact,FCL/FCL067.JPG,
818,817,derm,FDL/FDL052.JPG,exact,FDL/FDL052.JPG,
818,817,clinic,FDL/Fdl051.jpg,exact,FDL/Fdl051.jpg,
819,818,derm,Gcl/Gcl039.jpg,exact,Gcl/Gcl039.jpg,
819,818,clinic,Gcl/Gcl038.jpg,exact,Gcl/Gcl038.jpg,
820,819,derm,Gcl/Gcl052.jpg,exact,Gcl/Gcl052.jpg,
820,819,clinic,Gcl/Gcl051.jpg,exact,Gcl/Gcl051.jpg,
821,820,derm,Fgl/Fgl044.jpg,exact,Fgl/Fgl044.jpg,
821,820,clinic,Fgl/Fgl043.jpg,exact,Fgl/Fgl043.jpg,
822,821,derm,Fil/Fil008.jpg,exact,Fil/Fil008.jpg,
822,821,clinic,Fil/Fil007.jpg,exact,Fil/Fil007.jpg,
823,822,derm,Fil/Fil040.jpg,exact,Fil/Fil040.jpg,
823,822,clinic,Fil/Fil039.jpg,exact,Fil/Fil039.jpg,
824,823,derm,New/newl036.jpg,exact,New/newl036.jpg,
824,823,clinic,New/newl035.jpg,exact,New/newl035.jpg,
825,824,derm,NBL/NBL041.JPG,exact,NBL/NBL041.JPG,
825,824,clinic,NBL/NBL041.JPG,exact,NBL/NBL041.JPG,
826,825,derm,NBL/Nbl046.jpg,exact,NBL/Nbl046.jpg,
826,825,clinic,NBL/Nbl045.jpg,exact,NBL/Nbl045.jpg,
827,826,derm,FCL/Fcl016.jpg,exact,FCL/Fcl016.jpg,
827,826,clinic,FCL/Fcl015.jpg,exact,FCL/Fcl015.jpg,
828,827,derm,NBL/Nbl042.jpg,exact,NBL/Nbl042.jpg,
828,827,clinic,NBL/Nbl042.jpg,exact,NBL/Nbl042.jpg,
829,828,derm,NDL/Ndl091.jpg,exact,NDL/Ndl091.jpg,
829,828,clinic,NDL/Ndl090.jpg,exact,NDL/Ndl090.jpg,
830,829,derm,NDL/Ndl094.jpg,exact,NDL/Ndl094.jpg,
830,829,clinic,NDL/Ndl095.jpg,exact,NDL/Ndl095.jpg,
831,830,derm,NFL/Nfl038.jpg,exact,NFL/Nfl038.jpg,
831,830,clinic,NFL/Nfl037.jpg,exact,NFL/Nfl037.jpg,
832,831,derm,Gzl/gzl72.jpg,exact,Gzl/gzl72.jpg,
832,831,clinic,Gzl/gzl71.jpg,exact,Gzl/gzl71.jpg,
833,832,derm,Gal/Gal008.jpg,exact,Gal/Gal008.jpg,
833,832,clinic,Gal/Gal007.jpg,exact,Gal/Gal007.jpg,
834,833,derm,Fgl/Fgl059.jpg,exact,Fgl/Fgl059.jpg,
834,833,clinic,Fgl/Fgl059.jpg,exact,Fgl/Fgl059.jpg,
835,834,derm,Fhl/Fhl002.jpg,exact,Fhl/Fhl002.jpg,
835,834,clinic,Fhl/Fhl002.jpg,exact,Fhl/Fhl002.jpg,
836,835,derm,Fhl/Fhl004.jpg,exact,Fhl/Fhl004.jpg,
836,835,clinic,Fhl/Fhl003.jpg,exact,Fhl/Fhl003.jpg,
837,836,derm,Fhl/Fhl006.jpg,exact,Fhl/Fhl006.jpg,
837,836,clinic,Fhl/Fhl005.jpg,exact,Fhl/Fhl005.jpg,
838,837,derm,Fhl/Fhl008.jpg,exact,Fhl/Fhl008.jpg,
838,837,clinic,Fhl/Fhl007.jpg,exact,Fhl/Fhl007.jpg,
839,838,derm,Fhl/Fhl010.jpg,exact,Fhl/Fhl010.jpg,
839,838,clinic,Fhl/Fhl009.jpg,exact,Fhl/Fhl009.jpg,
840,839,derm,Fhl/Fhl012.jpg,exact,Fhl/Fhl012.jpg,
840,839,clinic,Fhl/Fhl012.jpg,exact,Fhl/Fhl012.jpg,
841,840,derm,Fhl/Fhl014.jpg,exact,Fhl/Fhl014.jpg,
841,840,clinic,Fhl/Fhl013.jpg,exact,Fhl/Fhl013.jpg,
842,841,derm,Fhl/Fhl016.jpg,exact,Fhl/Fhl016.jpg,
842,841,clinic,Fhl/Fhl015.jpg,exact,Fhl/Fhl015.jpg,
843,842,derm,Fhl/Fhl022.jpg,exact,Fhl/Fhl022.jpg,
843,842,clinic,Fhl/Fhl021.jpg,exact,Fhl/Fhl021.jpg,
844,843,derm,Fhl/Fhl028.jpg,exact,Fhl/Fhl028.jpg,
844,843,clinic,Fhl/Fhl027.jpg,exact,Fhl/Fhl027.jpg,
845,844,derm,NEL/Nel050.jpg,exact,NEL/Nel050.jpg,
845,844,clinic,NEL/Nel050.jpg,exact,NEL/Nel050.jpg,
846,845,derm,FBL/FBL066.JPG,exact,FBL/FBL066.JPG,
846,845,clinic,FBL/Fbl065.jpg,exact,FBL/Fbl065.jpg,
847,846,derm,FFL/Ffl026.jpg,exact,FFL/Ffl026.jpg,
847,846,clinic,FFL/Ffl025.jpg,exact,FFL/Ffl025.jpg,
848,847,derm,FDL/FDL068.JPG,exact,FDL/FDL068.JPG,
848,847,clinic,FDL/Fdl067.jpg,exact,FDL/Fdl067.jpg,
849,848,derm,New/newl002.jpg,exact,New/newl002.jpg,
849,848,clinic,New/newl001.jpg,exact,New/newl001.jpg,
850,849,derm,New/newl028.jpg,exact,New/newl028.jpg,
850,849,clinic,New/newl027.jpg,exact,New/newl027.jpg,
851,850,derm,New/newl041.jpg,exact,New/newl041.jpg,
851,850,clinic,New/newl040.jpg,exact,New/newl040.jpg,
852,851,derm,NEL/Nel051.jpg,exact,NEL/Nel051.jpg,
852,851,clinic,NEL/Nel051.jpg,exact,NEL/Nel051.jpg,
853,852,derm,NDL/ndl085.jpg,exact,NDL/ndl085.jpg,
853,852,clinic,NDL/ndl085bis.jpg,exact,NDL/ndl085bis.jpg,
854,853,derm,NFL/Nfl074.jpg,exact,NFL/Nfl074.jpg,
854,853,clinic,NFL/Nfl073.jpg,exact,NFL/Nfl073.jpg,
855,854,derm,NML/Nml004.jpg,exact,NML/Nml004.jpg,
855,854,clinic,NML/Nml003.jpg,exact,NML/Nml003.jpg,
856,855,derm,NML/Nml071.jpg,exact,NML/Nml071.jpg,
856,855,clinic,NML/Nml070.jpg,exact,NML/Nml070.jpg,
857,856,derm,Gzl/gzl82.jpg,exact,Gzl/gzl82.jpg,
857,856,clinic,Gzl/gzl81.jpg,exact,Gzl/gzl81.jpg,
858,857,derm,FEL/Fel092.jpg,exact,FEL/Fel092.jpg,
858,857,clinic,FEL/Fel091.jpg,exact,FEL/Fel091.jpg,
859,858,derm,NDL/Ndl075.jpg,exact,NDL/Ndl075.jpg,
859,858,clinic,NDL/Ndl076.jpg,exact,NDL/Ndl076.jpg,
860,859,derm,NBL/Nbl088.jpg,exact,NBL/Nbl088.jpg,
860,859,clinic,NBL/Nbl087.jpg,exact,NBL/Nbl087.jpg,
861,860,derm,NBL/Nbl100.jpg,exact,NBL/Nbl100.jpg,
861,860,clinic,NBL/Nbl099.jpg,exact,NBL/Nbl099.jpg,
862,861,derm,NCL/Ncl020.jpg,exact,NCL/Ncl020.jpg,
862,861,clinic,NCL/Ncl019.jpg,exact,NCL/Ncl019.jpg,
863,862,derm,NCL/Ncl032.jpg,exact,NCL/Ncl032.jpg,
863,862,clinic,NCL/Ncl033.jpg,exact,NCL/Ncl033.jpg,
864,863,derm,NCL/Ncl078.jpg,exact,NCL/Ncl078.jpg,
864,863,clinic,NCL/NCL077.JPG,exact,NCL/NCL077.JPG,
865,864,derm,NCL/Ncl093.jpg,exact,NCL/Ncl093.jpg,
865,864,clinic,NCL/Ncl094.jpg,exact,NCL/Ncl094.jpg,
866,865,derm,NCL/Ncl095.jpg,exact,NCL/Ncl095.jpg,
866,865,clinic,NCL/Ncl096.jpg,exact,NCL/Ncl096.jpg,
867,866,derm,NDL/Ndl046.jpg,exact,NDL/Ndl046.jpg,
867,866,clinic,NDL/Ndl045.jpg,exact,NDL/Ndl045.jpg,
868,867,derm,NDL/Ndl050.jpg,exact,NDL/Ndl050.jpg,
868,867,clinic,NDL/NDL049.JPG,exact,NDL/NDL049.JPG,
869,868,derm,NDL/Ndl052.jpg,exact,NDL/Ndl052.jpg,
869,868,clinic,NDL/Ndl051.jpg,exact,NDL/Ndl051.jpg,
870,869,derm,NDL/Ndl054.jpg,exact,NDL/Ndl054.jpg,
870,869,clinic,NDL/NDL053.JPG,exact,NDL/NDL053.JPG,
871,870,derm,NDL/Ndl056.jpg,exact,NDL/Ndl056.jpg,
871,870,clinic,NDL/Ndl055.jpg,exact,NDL/Ndl055.jpg,
872,871,derm,NDL/Ndl058.jpg,exact,NDL/Ndl058.jpg,
872,871,clinic,NDL/Ndl057.jpg,exact,NDL/Ndl057.jpg,
873,872,derm,NDL/Ndl060.jpg,exact,NDL/Ndl060.jpg,
873,872,clinic,NDL/Ndl059.jpg,exact,NDL/Ndl059.jpg,
874,873,derm,NDL/Ndl061.jpg,exact,NDL/Ndl061.jpg,
874,873,clinic,NDL/NDL062.JPG,exact,NDL/NDL062.JPG,
875,874,derm,NDL/NDL063.JPG,exact,NDL/NDL063.JPG,
875,874,clinic,NDL/NDL064.JPG,exact,NDL/NDL064.JPG,
876,875,derm,NDL/Ndl068.jpg,exact,NDL/Ndl068.jpg,
876,875,clinic,NDL/Ndl067.jpg,exact,NDL/Ndl067.jpg,
877,876,derm,NDL/Ndl069.jpg,exact,NDL/Ndl069.jpg,
877,876,clinic,NDL/Ndl070.jpg,exact,NDL/Ndl070.jpg,
878,877,derm,NDL/Ndl071.jpg,exact,NDL/Ndl071.jpg,
878,877,clinic,NDL/Ndl072.jpg,exact,NDL/Ndl072.jpg,
879,878,derm,NDL/Ndl074.jpg,exact,NDL/Ndl074.jpg,
879,878,clinic,NDL/Ndl073.jpg,exact,NDL/Ndl073.jpg,
880,879,derm,NDL/Ndl079.jpg,exact,NDL/Ndl079.jpg,
880,879,clinic,NDL/Ndl080.jpg,exact,NDL/Ndl080.jpg,
881,880,derm,NDL/Ndl081.jpg,exact,NDL/Ndl081.jpg,
881,880,clinic,NDL/Ndl082.jpg,exact,NDL/Ndl082.jpg,
882,881,derm,NDL/Ndl083.jpg,exact,NDL/Ndl083.jpg,
882,881,clinic,NDL/Ndl084.jpg,exact,NDL/Ndl084.jpg,
883,882,derm,NGL/Ngl029.jpg,exact,NGL/Ngl029.jpg,
883,882,clinic,NGL/Ngl028.jpg,exact,NGL/Ngl028.jpg,
884,883,derm,NGL/Ngl031.jpg,exact,NGL/Ngl031.jpg,
884,883,clinic,NGL/Ngl030.jpg,exact,NGL/Ngl030.jpg,
885,884,derm,NGL/Ngl033.jpg,exact,NGL/Ngl033.jpg,
885,884,clinic,NGL/Ngl032.jpg,exact,NGL/Ngl032.jpg,
886,885,derm,NGL/Ngl037.jpg,exact,NGL/Ngl037.jpg,
886,885,clinic,NGL/Ngl036.jpg,exact,NGL/Ngl036.jpg,
887,886,derm,NGL/Ngl060.jpg,exact,NGL/Ngl060.jpg,
887,886,clinic,NGL/Ngl059.jpg,exact,NGL/Ngl059.jpg,
888,887,derm,NGL/Ngl078.jpg,exact,NGL/Ngl078.jpg,
888,887,clinic,NGL/Ngl077.jpg,exact,NGL/Ngl077.jpg,
889,888,derm,NIL/Nil004.jpg,exact,NIL/Nil004.jpg,
889,888,clinic,NIL/Nil003.jpg,exact,NIL/Nil003.jpg,
890,889,derm,NIL/Nil023.jpg,exact,NIL/Nil023.jpg,
890,889,clinic,NIL/Nil022.jpg,exact,NIL/Nil022.jpg,
891,890,derm,NIL/Nil029.jpg,exact,NIL/Nil029.jpg,
891,890,clinic,NIL/Nil028.jpg,exact,NIL/Nil028.jpg,
892,891,derm,NIL/Nil041.jpg,exact,NIL/Nil041.jpg,
892,891,clinic,NIL/Nil040.jpg,exact,NIL/Nil040.jpg,
893,892,derm,NIL/Nil058.jpg,exact,NIL/Nil058.jpg,
893,892,clinic,NIL/Nil057.jpg,exact,NIL/Nil057.jpg,
894,893,derm,NLL/Nll100.jpg,exact,NLL/Nll100.jpg,
894,893,clinic,NLL/Nll099.jpg,exact,NLL/Nll099.jpg,
895,894,derm,NML/Nml010.jpg,exact,NML/Nml010.jpg,
895,894,clinic,NML/NML009.JPG,exact,NML/NML009.JPG,
896,895,derm,NML/Nml012.jpg,exact,NML/Nml012.jpg,
896,895,clinic,NML/NML011.JPG,exact,NML/NML011.JPG,
897,896,derm,NML/Nml016.jpg,exact,NML/Nml016.jpg,
897,896,clinic,NML/NML015.JPG,exact,NML/NML015.JPG,
898,897,derm,NML/Nml049.jpg,exact,NML/Nml049.jpg,
898,897,clinic,NML/Nml048.jpg,exact,NML/Nml048.jpg,
899,898,derm,NML/NML092.jpg,exact,NML/NML092.jpg,
899,898,clinic,NML/NML091.jpg,exact,NML/NML091.jpg,
900,899,derm,NML/Nml094.jpg,exact,NML/Nml094.jpg,
900,899,clinic,NML/Nml093.jpg,exact,NML/Nml093.jpg,
901,900,derm,NML/Nml096.jpg,exact,NML/Nml096.jpg,
901,900,clinic,NML/Nml095.jpg,exact,NML/Nml095.jpg,
902,901,derm,Ael/Ael421.jpg,exact,Ael/Ael421.jpg,
902,901,clinic,Ael/Ael420.jpg,exact,Ael/Ael420.jpg,
903,902,derm,A3l/Acl207.jpg,exact,A3l/Acl207.jpg,
903,902,clinic,A3l/Acl206.jpg,exact,A3l/Acl206.jpg,
904,903,derm,A3l/Acl225.jpg,exact,A3l/Acl225.jpg,
904,903,clinic,A3l/Acl224.jpg,exact,A3l/Acl224.jpg,
905,904,derm,A3l/Acl295.jpg,exact,A3l/Acl295.jpg,
905,904,clinic,A3l/Acl294.jpg,exact,A3l/Acl294.jpg,
906,905,derm,Adl/Adl358.jpg,exact,Adl/Adl358.jpg,
906,905,clinic,Adl/Adl357.jpg,exact,Adl/Adl357.jpg,
907,906,derm,Adl/Adl395.jpg,exact,Adl/Adl395.jpg,
907,906,clinic,Adl/Adl394.jpg,exact,Adl/Adl394.jpg,
908,907,derm,Adl/Adl399.jpg,exact,Adl/Adl399.jpg,
908,907,clinic,Adl/Adl398.jpg,exact,Adl/Adl398.jpg,
909,908,derm,Ael/Ael401.jpg,exact,Ael/Ael401.jpg,
909,908,clinic,Ael/Ael400.jpg,exact,Ael/Ael400.jpg,
910,909,derm,Ael/Ael405.jpg,exact,Ael/Ael405.jpg,
910,909,clinic,Ael/Ael404.jpg,exact,Ael/Ael404.jpg,
911,910,derm,Ael/Ael407.jpg,exact,Ael/Ael407.jpg,
911,910,clinic,Ael/Ael406.jpg,exact,Ael/Ael406.jpg,
912,911,derm,Ael/Ael465.jpg,exact,Ael/Ael465.jpg,
912,911,clinic,Ael/Ael464.jpg,exact,Ael/Ael464.jpg,
913,912,derm,Ael/Ael484.jpg,exact,Ael/Ael484.jpg,
913,912,clinic,Ael/Ael483.jpg,exact,Ael/Ael483.jpg,
914,913,derm,Gzl/gzl58.jpg,exact,Gzl/gzl58.jpg,
914,913,clinic,Gzl/gzl57.jpg,exact,Gzl/gzl57.jpg,
915,914,derm,Gzl/gzl14.jpg,exact,Gzl/gzl14.jpg,
915,914,clinic,Gzl/gzl13.jpg,exact,Gzl/gzl13.jpg,
916,915,derm,Gal/Gal191.jpg,exact,Gal/Gal191.jpg,
916,915,clinic,Gal/Gal190.jpg,exact,Gal/Gal190.jpg,
917,916,derm,Gal/Gal222.jpg,exact,Gal/Gal222.jpg,
917,916,clinic,Gal/Gal221.jpg,exact,Gal/Gal221.jpg,
918,917,derm,Gal/Gal238.jpg,exact,Gal/Gal238.jpg,
918,917,clinic,Gal/Gal237.jpg,exact,Gal/Gal237.jpg,
919,918,derm,FAL/FAL070.JPG,exact,FAL/FAL070.JPG,
919,918,clinic,FAL/Fal069.jpg,exact,FAL/Fal069.jpg,
920,919,derm,FBL/Fbl018.jpg,exact,FBL/Fbl018.jpg,
920,919,clinic,FBL/Fbl017.jpg,exact,FBL/Fbl017.jpg,
921,920,derm,FBL/Fbl040.jpg,exact,FBL/Fbl040.jpg,
921,920,clinic,FBL/Fbl039.jpg,exact,FBL/Fbl039.jpg,
922,921,derm,FBL/FBL042.JPG,exact,FBL/FBL042.JPG,
922,921,clinic,FBL/Fbl041.jpg,exact,FBL/Fbl041.jpg,
923,922,derm,FEL/Fel038.jpg,exact,FEL/Fel038.jpg,
923,922,clinic,FEL/Fel037.jpg,exact,FEL/Fel037.jpg,
924,923,derm,FEL/Fel074.jpg,exact,FEL/Fel074.jpg,
924,923,clinic,FEL/Fel073.jpg,exact,FEL/Fel073.jpg,
925,924,derm,FEL/Fel080.jpg,exact,FEL/Fel080.jpg,
925,924,clinic,FEL/Fel079.jpg,exact,FEL/Fel079.jpg,
926,925,derm,FFL/Ffl034.jpg,exact,FFL/Ffl034.jpg,
926,925,clinic,FFL/Ffl033.jpg,exact,FFL/Ffl033.jpg,
927,926,derm,FFL/Ffl084.jpg,exact,FFL/Ffl084.jpg,
927,926,clinic,FFL/Ffl083.jpg,exact,FFL/Ffl083.jpg,
928,927,derm,Fll/Fll077.jpg,exact,Fll/Fll077.jpg,
928,927,clinic,Fll/Fll076.jpg,exact,Fll/Fll076.jpg,
929,928,derm,Ggl/Ggl026.jpg,exact,Ggl/Ggl026.jpg,
929,928,clinic,Ggl/Ggl025.jpg,exact,Ggl/Ggl025.jpg,
930,929,derm,Ggl/Ggl010.jpg,exact,Ggl/Ggl010.jpg,
930,929,clinic,Ggl/Ggl009.jpg,exact,Ggl/Ggl009.jpg,
931,930,derm,Fgl/Fgl023.jpg,exact,Fgl/Fgl023.jpg,
931,930,clinic,Fgl/Fgl025.jpg,exact,Fgl/Fgl025.jpg,
932,931,derm,Fgl/Fgl037.jpg,exact,Fgl/Fgl037.jpg,
932,931,clinic,Fgl/Fgl031.jpg,exact,Fgl/Fgl031.jpg,
933,932,derm,Fgl/Fgl074.jpg,exact,Fgl/Fgl074.jpg,
933,932,clinic,Fgl/Fgl073.jpg,exact,Fgl/Fgl073.jpg,
934,933,derm,Fgl/Fgl087.jpg,exact,Fgl/Fgl087.jpg,
934,933,clinic,Fgl/Fgl091.jpg,exact,Fgl/Fgl091.jpg,
935,934,derm,New/newl030.jpg,exact,New/newl030.jpg,
935,934,clinic,New/newl029.jpg,exact,New/newl029.jpg,
936,935,derm,New/newl034.jpg,exact,New/newl034.jpg,
936,935,clinic,New/newl033.jpg,exact,New/newl033.jpg,
937,936,derm,New/newl039.jpg,exact,New/newl039.jpg,
937,936,clinic,New/newl038.jpg,exact,New/newl038.jpg,
938,937,derm,NEL/Nel021.jpg,exact,NEL/Nel021.jpg,
938,937,clinic,NEL/NEL022.JPG,exact,NEL/NEL022.JPG,
939,938,derm,NEL/Nel023.jpg,exact,NEL/Nel023.jpg,
939,938,clinic,NEL/Nel024.jpg,exact,NEL/Nel024.jpg,
940,939,derm,NFL/Nfl006.jpg,exact,NFL/Nfl006.jpg,
940,939,clinic,NFL/Nfl005.jpg,exact,NFL/Nfl005.jpg,
941,940,derm,NFL/Nfl008.jpg,exact,NFL/Nfl008.jpg,
941,940,clinic,NFL/Nfl007.jpg,exact,NFL/Nfl007.jpg,
942,941,derm,NFL/Nfl010.jpg,exact,NFL/Nfl010.jpg,
942,941,clinic,NFL/Nfl009.jpg,exact,NFL/Nfl009.jpg,
943,942,derm,NFL/Nfl012.jpg,exact,NFL/Nfl012.jpg,
943,942,clinic,NFL/Nfl011.jpg,exact,NFL/Nfl011.jpg,
944,943,derm,NFL/Nfl014.jpg,exact,NFL/Nfl014.jpg,
944,943,clinic,NFL/NFL013.JPG,exact,NFL/NFL013.JPG,
945,944,derm,NFL/Nfl016.jpg,exact,NFL/Nfl016.jpg,
945,944,clinic,NFL/Nfl015.jpg,exact,NFL/Nfl015.jpg,
946,945,derm,NFL/Nfl018.jpg,exact,NFL/Nfl018.jpg,
946,945,clinic,NFL/Nfl017.jpg,exact,NFL/Nfl017.jpg,
947,946,derm,NFL/Nfl020.jpg,exact,NFL/Nfl020.jpg,
947,946,clinic,NFL/Nfl019.jpg,exact,NFL/Nfl019.jpg,
948,947,derm,NFL/Nfl022.jpg,exact,NFL/Nfl022.jpg,
948,947,clinic,NFL/Nfl021.jpg,exact,NFL/Nfl021.jpg,
949,948,derm,NFL/Nfl024.jpg,exact,NFL/Nfl024.jpg,
949,948,clinic,NFL/NFL023.JPG,exact,NFL/NFL023.JPG,
950,949,derm,NFL/Nfl026.jpg,exact,NFL/Nfl026.jpg,
950,949,clinic,NFL/Nfl025.jpg,exact,NFL/Nfl025.jpg,
951,950,derm,NFL/NFL028.JPG,exact,NFL/NFL028.JPG,
951,950,clinic,NFL/Nfl027.jpg,exact,NFL/Nfl027.jpg,
952,951,derm,NML/Nml114.jpg,exact,NML/Nml114.jpg,
952,951,clinic,NML/Nml112.jpg,exact,NML/Nml112.jpg,
953,952,derm,A3l/Acl227.jpg,exact,A3l/Acl227.jpg,
953,952,clinic,A3l/Acl226.jpg,exact,A3l/Acl226.jpg,
954,953,derm,A3l/Acl229.jpg,exact,A3l/Acl229.jpg,
954,953,clinic,A3l/Acl228.jpg,exact,A3l/Acl228.jpg,
955,954,derm,A3l/Acl261.jpg,exact,A3l/Acl261.jpg,
955,954,clinic,A3l/Acl260.jpg,exact,A3l/Acl260.jpg,
956,955,derm,Ael/Ael409.jpg,exact,Ael/Ael409.jpg,
956,955,clinic,Ael/Ael408.jpg,exact,Ael/Ael408.jpg,
957,956,derm,Ael/Ael427.jpg,exact,Ael/Ael427.jpg,
957,956,clinic,Ael/Ael426.jpg,exact,Ael/Ael426.jpg,
958,957,derm,Ael/Ael488.jpg,exact,Ael/Ael488.jpg,
958,957,clinic,Ael/Ael487.jpg,exact,Ael/Ael487.jpg,
959,958,derm,A3l/Acl205.jpg,exact,A3l/Acl205.jpg,
959,958,clinic,A3l/Acl204.jpg,exact,A3l/Acl204.jpg,
960,959,derm,Gzl/gzl18.jpg,exact,Gzl/gzl18.jpg,
960,959,clinic,Gzl/gzl17.jpg,exact,Gzl/gzl17.jpg,
961,960,derm,Gzl/gzl30.jpg,exact,Gzl/gzl30.jpg,
961,960,clinic,Gzl/gzl29.jpg,exact,Gzl/gzl29.jpg,
962,961,derm,Gzl/gzl46.jpg,exact,Gzl/gzl46.jpg,
962,961,clinic,Gzl/gzl45.jpg,exact,Gzl/gzl45.jpg,
963,962,derm,Gal/Gal130.jpg,exact,Gal/Gal130.jpg,
963,962,clinic,Gal/Gal129.jpg,exact,Gal/Gal129.jpg,
964,963,derm,Gal/Gal173.jpg,exact,Gal/Gal173.jpg,
964,963,clinic,Gal/Gal172.jpg,exact,Gal/Gal172.jpg,
965,964,derm,Gal/Gal134.jpg,exact,Gal/Gal134.jpg,
965,964,clinic,Gal/Gal133.jpg,exact,Gal/Gal133.jpg,
966,965,derm,FAL/Fal048.jpg,exact,FAL/Fal048.jpg,
966,965,clinic,FAL/Fal047.jpg,exact,FAL/Fal047.jpg,
967,966,derm,FFL/FFL052.JPG,exact,FFL/FFL052.JPG,
967,966,clinic,FFL/Ffl051.jpg,exact,FFL/Ffl051.jpg,
968,967,derm,FFL/Ffl070.jpg,exact,FFL/Ffl070.jpg,
968,967,clinic,FFL/Ffl069.jpg,exact,FFL/Ffl069.jpg,
969,968,derm,FDL/Fdl032.jpg,exact,FDL/Fdl032.jpg,
969,968,clinic,FDL/Fdl031.jpg,exact,FDL/Fdl031.jpg,
970,969,derm,FDL/Fdl058.jpg,exact,FDL/Fdl058.jpg,
970,969,clinic,FDL/Fdl057.jpg,exact,FDL/Fdl057.jpg,
971,970,derm,FDL/Fdl071.jpg,exact,FDL/Fdl071.jpg,
971,970,clinic,FDL/Fdl072.jpg,exact,FDL/Fdl072.jpg,
972,971,derm,FDL/Fdl074.jpg,exact,FDL/Fdl074.jpg,
972,971,clinic,FDL/Fdl073.jpg,exact,FDL/Fdl073.jpg,
973,972,derm,Ggl/Ggl022.jpg,exact,Ggl/Ggl022.jpg,
973,972,clinic,Ggl/Ggl021.jpg,exact,Ggl/Ggl021.jpg,
974,973,derm,Ggl/Ggl018.jpg,exact,Ggl/Ggl018.jpg,
974,973,clinic,Ggl/Ggl017.jpg,exact,Ggl/Ggl017.jpg,
975,974,derm,Ggl/Ggl020.jpg,exact,Ggl/Ggl020.jpg,
975,974,clinic,Ggl/Ggl019.jpg,exact,Ggl/Ggl019.jpg,
976,975,derm,Ggl/Ggl046.jpg,exact,Ggl/Ggl046.jpg,
976,975,clinic,Ggl/Ggl045.jpg,exact,Ggl/Ggl045.jpg,
977,976,derm,Ggl/Ggl066.jpg,exact,Ggl/Ggl066.jpg,
977,976,clinic,Ggl/Ggl065.jpg,exact,Ggl/Ggl065.jpg,
978,977,derm,Ggl/Ggl086.jpg,exact,Ggl/Ggl086.jpg,
978,977,clinic,Ggl/Ggl085.jpg,exact,Ggl/Ggl085.jpg,
979,978,derm,Fll/Fll104.jpg,exact,Fll/Fll104.jpg,
979,978,clinic,Fll/Fll103.jpg,exact,Fll/Fll103.jpg,
980,979,derm,Fhl/Fhl048.jpg,exact,Fhl/Fhl048.jpg,
980,979,clinic,Fhl/Fhl047.jpg,exact,Fhl/Fhl047.jpg,
981,980,derm,Fil/Fil080.jpg,exact,Fil/Fil080.jpg,
981,980,clinic,Fil/Fil079.jpg,exact,Fil/Fil079.jpg,
982,981,derm,FDL/Fdl060.jpg,exact,FDL/Fdl060.jpg,
982,981,clinic,FDL/Fdl059.jpg,exact,FDL/Fdl059.jpg,
983,982,derm,NEL/Nel044.jpg,exact,NEL/Nel044.jpg,
983,982,clinic,NEL/Nel043.jpg,exact,NEL/Nel043.jpg,
984,983,derm,NEL/NEL055.JPG,exact,NEL/NEL055.JPG,
984,983,clinic,NEL/Nel054.jpg,exact,NEL/Nel054.jpg,
985,984,derm,NEL/Nel056.jpg,exact,NEL/Nel056.jpg,
985,984,clinic,NEL/Nel057.jpg,exact,NEL/Nel057.jpg,
986,985,derm,NEL/Nel059.jpg,exact,NEL/Nel059.jpg,
986,985,clinic,NEL/Nel058.jpg,exact,NEL/Nel058.jpg,
987,986,derm,NEL/Nel061.jpg,exact,NEL/Nel061.jpg,
987,986,clinic,NEL/Nel060.jpg,exact,NEL/Nel060.jpg,
988,987,derm,NEL/Nel062.jpg,exact,NEL/Nel062.jpg,
988,987,clinic,NEL/Nel063.jpg,exact,NEL/Nel063.jpg,
989,988,derm,NEL/Nel064.jpg,exact,NEL/Nel064.jpg,
989,988,clinic,NEL/Nel065.jpg,exact,NEL/Nel065.jpg,
990,989,derm,NEL/Nel066.jpg,exact,NEL/Nel066.jpg,
990,989,clinic,NEL/Nel067.jpg,exact,NEL/Nel067.jpg,
991,990,derm,NEL/Nel068.jpg,exact,NEL/Nel068.jpg,
991,990,clinic,NEL/Nel069.jpg,exact,NEL/Nel069.jpg,
992,991,derm,NEL/Nel071.jpg,exact,NEL/Nel071.jpg,
992,991,clinic,NEL/Nel070.jpg,exact,NEL/Nel070.jpg,
993,992,derm,NEL/Nel073.jpg,exact,NEL/Nel073.jpg,
993,992,clinic,NEL/Nel072.jpg,exact,NEL/Nel072.jpg,
994,993,derm,NEL/Nel075.jpg,exact,NEL/Nel075.jpg,
994,993,clinic,NEL/Nel074.jpg,exact,NEL/Nel074.jpg,
995,994,derm,NEL/Nel078.jpg,exact,NEL/Nel078.jpg,
995,994,clinic,NEL/Nel079.jpg,exact,NEL/Nel079.jpg,
996,995,derm,NEL/Nel081.jpg,exact,NEL/Nel081.jpg,
996,995,clinic,NEL/Nel080.jpg,exact,NEL/Nel080.jpg,
997,996,derm,NGL/Ngl082.jpg,exact,NGL/Ngl082.jpg,
997,996,clinic,NGL/Ngl081.jpg,exact,NGL/Ngl081.jpg,
998,997,derm,NML/Nml041.jpg,exact,NML/Nml041.jpg,
998,997,clinic,NML/Nml040.jpg,exact,NML/Nml040.jpg,
999,998,derm,NML/Nml108.jpg,exact,NML/Nml108.jpg,
999,998,clinic,NML/Nml107.jpg,exact,NML/Nml107.jpg,
1000,999,derm,A3l/Acl237.jpg,exact,A3l/Acl237.jpg,
1000,999,clinic,A3l/Acl236.jpg,exact,A3l/Acl236.jpg,
1001,1000,derm,Ael/Ael459.jpg,exact,Ael/Ael459.jpg,
1001,1000,clinic,Ael/Ael458.jpg,exact,Ael/Ael458.jpg,
1002,1001,derm,Ael/Ael519bis.jpg,exact,Ael/Ael519bis.jpg,
1002,1001,clinic,Ael/Ael518bis.jpg,exact,Ael/Ael518bis.jpg,
1003,1002,derm,Gzl/gzl74.jpg,exact,Gzl/gzl74.jpg,
1003,1002,clinic,Gzl/gzl73.jpg,exact,Gzl/gzl73.jpg,
1004,1003,derm,Ggl/Ggl012.jpg,exact,Ggl/Ggl012.jpg,
1004,1003,clinic,Ggl/Ggl011.jpg,exact,Ggl/Ggl011.jpg,
1005,1004,derm,Ggl/Ggl014.jpg,exact,Ggl/Ggl014.jpg,
1005,1004,clinic,Ggl/Ggl013.jpg,exact,Ggl/Ggl013.jpg,
1006,1005,derm,Ggl/Ggl016.jpg,exact,Ggl/Ggl016.jpg,
1006,1005,clinic,Ggl/Ggl015.jpg,exact,Ggl/Ggl015.jpg,
1007,1006,derm,Ggl/Ggl032.jpg,exact,Ggl/Ggl032.jpg,
1007,1006,clinic,Ggl/Ggl031.jpg,exact,Ggl/Ggl031.jpg,
1008,1007,derm,Fhl/Fhl058.jpg,exact,Fhl/Fhl058.jpg,
1008,1007,clinic,Fhl/Fhl057.jpg,exact,Fhl/Fhl057.jpg,
1009,1008,derm,Fhl/Fhl060.jpg,exact,Fhl/Fhl060.jpg,
1009,1008,clinic,Fhl/Fhl059.jpg,exact,Fhl/Fhl059.jpg,
1010,1009,derm,Fil/Fil082.jpg,exact,Fil/Fil082.jpg,
1010,1009,clinic,Fil/Fil081.jpg,exact,Fil/Fil081.jpg,
1011,1010,derm,New/newl016.jpg,exact,New/newl016.jpg,
1011,1010,clinic,New/newl015.jpg,exact,New/newl015.jpg,
1012,1011,derm,Adl/Adl389.jpg,exact,Adl/Adl389.jpg,
1012,1011,clinic,Adl/Adl388.jpg,exact,Adl/Adl388.jpg,
