model_type,policy,oracle_non_deployable,repetition,query_budget,total,positive,negative,auroc,macro_f1,accuracy,sensitivity,specificity,brier,ece,tp,tn,fp,fn,threshold,query_precision,mean_errors_corrected,mean_concepts_queried,diagnosis_change_rate,diagnosis_improvement_rate,diagnosis_harm_rate,queries,errors_corrected,originally_wrong,originally_right,diagnoses_improved,diagnoses_harmed
soft,random_error_oracle,1,0,0,658,198,460,0.8635375494071147,0.772002772002772,0.8206686930091185,0.5959595959595959,0.9173913043478261,0.12792545989565157,0.02485381406775575,118,422,38,80,0.5,,0.0,0.0,0.0,0.0,0.0,0,0,118,540,0,0
soft,random_error_oracle,1,0,1,658,198,460,0.8707290294246816,0.7514125242416865,0.7948328267477204,0.6262626262626263,0.8673913043478261,0.12888485449099493,0.06897902109307916,124,399,61,74,0.5,1.0,0.7112462006079028,0.7112462006079028,0.12613981762917933,0.2796610169491525,0.09259259259259259,468,468,118,540,33,50
soft,random_error_oracle,1,0,2,658,198,460,0.880687307861221,0.7500870390884633,0.7811550151975684,0.7121212121212122,0.8108695652173913,0.1325610454324224,0.07297859545867537,141,373,87,57,0.5,1.0,1.1443768996960486,1.1443768996960486,0.20972644376899696,0.4745762711864407,0.15185185185185185,753,753,118,540,56,82
soft,random_error_oracle,1,0,3,658,198,460,0.8883399209486166,0.761000415110004,0.7872340425531915,0.7575757575757576,0.8,0.1309258895534537,0.09289979631435696,150,368,92,48,0.5,1.0,1.3632218844984803,1.3632218844984803,0.2553191489361702,0.6186440677966102,0.17592592592592593,897,897,118,540,73,95
soft,random_error_oracle,1,0,4,658,198,460,0.8888779095300834,0.7586680717414662,0.78419452887538,0.7626262626262627,0.7934782608695652,0.1310560585636817,0.08645563050057668,151,365,95,47,0.5,1.0,1.4437689969604863,1.4437689969604863,0.26443768996960487,0.635593220338983,0.18333333333333332,950,950,118,540,75,99
soft,random_error_oracle,1,0,5,658,198,460,0.8879336846728151,0.7538409938208697,0.7796352583586627,0.7575757575757576,0.7891304347826087,0.13184232167352294,0.08991362852533705,150,363,97,48,0.5,1.0,1.4635258358662615,1.4635258358662615,0.2689969604863222,0.635593220338983,0.18888888888888888,963,963,118,540,75,102
soft,random_error_oracle,1,0,6,658,198,460,0.8867808519982433,0.7538409938208697,0.7796352583586627,0.7575757575757576,0.7891304347826087,0.132435131912625,0.08996799949141948,150,363,97,48,0.5,1.0,1.4680851063829787,1.4680851063829787,0.2689969604863222,0.635593220338983,0.18888888888888888,966,966,118,540,75,102
soft,random_error_oracle,1,0,7,658,198,460,0.886528326745718,0.7538409938208697,0.7796352583586627,0.7575757575757576,0.7891304347826087,0.13258977388471305,0.09029093052665495,150,363,97,48,0.5,1.0,1.4696048632218845,1.4696048632218845,0.2689969604863222,0.635593220338983,0.18888888888888888,967,967,118,540,75,102
soft,random_error_oracle,1,1,0,658,198,460,0.8635375494071147,0.772002772002772,0.8206686930091185,0.5959595959595959,0.9173913043478261,0.12792545989565157,0.02485381406775575,118,422,38,80,0.5,,0.0,0.0,0.0,0.0,0.0,0,0,118,540,0,0
soft,random_error_oracle,1,1,1,658,198,460,0.8826526130873957,0.7689472592797401,0.8069908814589666,0.6666666666666666,0.8673913043478261,0.12485282610912066,0.054225843784975046,132,399,61,66,0.5,1.0,0.7112462006079028,0.7112462006079028,0.13221884498480244,0.3305084745762712,0.08888888888888889,468,468,118,540,39,48
soft,random_error_oracle,1,1,2,658,198,460,0.8760430390865174,0.7382581275701193,0.770516717325228,0.696969696969697,0.8021739130434783,0.1352342659447081,0.08476688904858837,138,369,91,60,0.5,1.0,1.1443768996960486,1.1443768996960486,0.22036474164133737,0.4745762711864407,0.1648148148148148,753,753,118,540,56,89
soft,random_error_oracle,1,1,3,658,198,460,0.8883069828722002,0.7595646258503401,0.7857142857142857,0.7575757575757576,0.7978260869565217,0.1310726838946341,0.09250836014633333,150,367,93,48,0.5,1.0,1.3632218844984803,1.3632218844984803,0.256838905775076,0.6186440677966102,0.17777777777777778,897,897,118,540,73,96
soft,random_error_oracle,1,1,4,658,198,460,0.8882520860781731,0.7586680717414662,0.78419452887538,0.7626262626262627,0.7934782608695652,0.1315856504767889,0.08858689023943674,151,365,95,47,0.5,1.0,1.4437689969604863,1.4437689969604863,0.26443768996960487,0.635593220338983,0.18333333333333332,950,950,118,540,75,99
soft,random_error_oracle,1,1,5,658,198,460,0.8880434782608695,0.7538409938208697,0.7796352583586627,0.7575757575757576,0.7891304347826087,0.13180157138744966,0.09191479296062924,150,363,97,48,0.5,1.0,1.4635258358662615,1.4635258358662615,0.2689969604863222,0.635593220338983,0.18888888888888888,963,963,118,540,75,102
soft,random_error_oracle,1,1,6,658,198,460,0.8870772946859902,0.7538409938208697,0.7796352583586627,0.7575757575757576,0.7891304347826087,0.13230404408262497,0.08989135458020613,150,363,97,48,0.5,1.0,1.4680851063829787,1.4680851063829787,0.2689969604863222,0.635593220338983,0.18888888888888888,966,966,118,540,75,102
soft,random_error_oracle,1,1,7,658,198,460,0.886528326745718,0.7538409938208697,0.7796352583586627,0.7575757575757576,0.7891304347826087,0.13258977388471305,0.09029093052665495,150,363,97,48,0.5,1.0,1.4696048632218845,1.4696048632218845,0.2689969604863222,0.635593220338983,0.18888888888888888,967,967,118,540,75,102
soft,random_error_oracle,1,2,0,658,198,460,0.8635375494071147,0.772002772002772,0.8206686930091185,0.5959595959595959,0.9173913043478261,0.12792545989565157,0.02485381406775575,118,422,38,80,0.5,,0.0,0.0,0.0,0.0,0.0,0,0,118,540,0,0
soft,random_error_oracle,1,2,1,658,198,460,0.877755819060167,0.7579819938515591,0.7963525835866262,0.6616161616161617,0.8543478260869565,0.12822388835834964,0.058920019851692096,131,393,67,67,0.5,1.0,0.7112462006079028,0.7112462006079028,0.13677811550151975,0.3135593220338983,0.09814814814814815,468,468,118,540,37,53
soft,random_error_oracle,1,2,2,658,198,460,0.8769982433025912,0.7451916871046856,0.776595744680851,0.7070707070707071,0.8065217391304348,0.13481793546437523,0.0798423790640149,140,371,89,58,0.5,1.0,1.1443768996960486,1.1443768996960486,0.22340425531914893,0.5,0.16296296296296298,753,753,118,540,59,88
soft,random_error_oracle,1,2,3,658,198,460,0.8839811155028546,0.7524148239781454,0.7781155015197568,0.7575757575757576,0.7869565217391304,0.13408597540066672,0.0936377536178825,150,362,98,48,0.5,1.0,1.3632218844984803,1.3632218844984803,0.25835866261398177,0.6016949152542372,0.18333333333333332,897,897,118,540,71,99
soft,random_error_oracle,1,2,4,658,198,460,0.8883838383838383,0.7572362904578231,0.7826747720364742,0.7626262626262627,0.7913043478260869,0.1316638526584684,0.08924109130100656,151,364,96,47,0.5,1.0,1.4437689969604863,1.4437689969604863,0.26595744680851063,0.635593220338983,0.18518518518518517,950,950,118,540,75,100
soft,random_error_oracle,1,2,5,658,198,460,0.8881313131313132,0.7538409938208697,0.7796352583586627,0.7575757575757576,0.7891304347826087,0.13168122789166095,0.08979178902073785,150,363,97,48,0.5,1.0,1.4635258358662615,1.4635258358662615,0.2689969604863222,0.635593220338983,0.18888888888888888,963,963,118,540,75,102
soft,random_error_oracle,1,2,6,658,198,460,0.8869565217391304,0.7538409938208697,0.7796352583586627,0.7575757575757576,0.7891304347826087,0.13235132717029552,0.08991952558886733,150,363,97,48,0.5,1.0,1.4680851063829787,1.4680851063829787,0.2689969604863222,0.635593220338983,0.18888888888888888,966,966,118,540,75,102
soft,random_error_oracle,1,2,7,658,198,460,0.886528326745718,0.7538409938208697,0.7796352583586627,0.7575757575757576,0.7891304347826087,0.13258977388471305,0.09029093052665495,150,363,97,48,0.5,1.0,1.4696048632218845,1.4696048632218845,0.2689969604863222,0.635593220338983,0.18888888888888888,967,967,118,540,75,102
soft,random_error_oracle,1,3,0,658,198,460,0.8635375494071147,0.772002772002772,0.8206686930091185,0.5959595959595959,0.9173913043478261,0.12792545989565157,0.02485381406775575,118,422,38,80,0.5,,0.0,0.0,0.0,0.0,0.0,0,0,118,540,0,0
soft,random_error_oracle,1,3,1,658,198,460,0.8742973210364514,0.7490699231362445,0.7948328267477204,0.6111111111111112,0.8739130434782608,0.128872324530783,0.06221236274814076,121,402,58,77,0.5,1.0,0.7112462006079028,0.7112462006079028,0.11702127659574468,0.2542372881355932,0.08703703703703704,468,468,118,540,30,47
soft,random_error_oracle,1,3,2,658,198,460,0.8816534914361001,0.756182937693648,0.7857142857142857,0.7272727272727273,0.8108695652173913,0.13167030343989483,0.07615884798104063,144,373,87,54,0.5,1.0,1.1443768996960486,1.1443768996960486,0.21124620060790272,0.4915254237288136,0.15,753,753,118,540,58,81
soft,random_error_oracle,1,3,3,658,198,460,0.888032498902064,0.7570339397343485,0.78419452887538,0.7474747474747475,0.8,0.1312480379969911,0.08452931962424177,148,368,92,50,0.5,1.0,1.3632218844984803,1.3632218844984803,0.25227963525835867,0.6016949152542372,0.17592592592592593,897,897,118,540,71,95
soft,random_error_oracle,1,3,4,658,198,460,0.8878019323671497,0.7558064017318695,0.7811550151975684,0.7626262626262627,0.7891304347826087,0.13199225159879485,0.08844443271942802,151,363,97,47,0.5,1.0,1.4437689969604863,1.4437689969604863,0.2674772036474164,0.635593220338983,0.18703703703703703,950,950,118,540,75,101
soft,random_error_oracle,1,3,5,658,198,460,0.8875933245498463,0.7538409938208697,0.7796352583586627,0.7575757575757576,0.7891304347826087,0.13204205645915623,0.08980950879556333,150,363,97,48,0.5,1.0,1.4635258358662615,1.4635258358662615,0.2689969604863222,0.635593220338983,0.18888888888888888,963,963,118,540,75,102
soft,random_error_oracle,1,3,6,658,198,460,0.8865393061045235,0.7538409938208697,0.7796352583586627,0.7575757575757576,0.7891304347826087,0.13257179033593056,0.09028129529181703,150,363,97,48,0.5,1.0,1.4680851063829787,1.4680851063829787,0.2689969604863222,0.635593220338983,0.18888888888888888,966,966,118,540,75,102
soft,random_error_oracle,1,3,7,658,198,460,0.886528326745718,0.7538409938208697,0.7796352583586627,0.7575757575757576,0.7891304347826087,0.13258977388471305,0.09029093052665495,150,363,97,48,0.5,1.0,1.4696048632218845,1.4696048632218845,0.2689969604863222,0.635593220338983,0.18888888888888888,967,967,118,540,75,102
soft,random_error_oracle,1,4,0,658,198,460,0.8635375494071147,0.772002772002772,0.8206686930091185,0.5959595959595959,0.9173913043478261,0.12792545989565157,0.02485381406775575,118,422,38,80,0.5,,0.0,0.0,0.0,0.0,0.0,0,0,118,540,0,0
soft,random_error_oracle,1,4,1,658,198,460,0.8796442687747035,0.7601603790778203,0.8054711246200608,0.6161616161616161,0.8869565217391304,0.1266666946514544,0.05289600868685268,122,408,52,76,0.5,1.0,0.7112462006079028,0.7112462006079028,0.11854103343465046,0.288135593220339,0.08148148148148149,468,468,118,540,34,44
soft,random_error_oracle,1,4,2,658,198,460,0.8845410628019323,0.7541571945777553,0.78419452887538,0.7222222222222222,0.8108695652173913,0.1307639847487452,0.07939096485079761,143,373,87,55,0.5,1.0,1.1443768996960486,1.1443768996960486,0.22188449848024316,0.5169491525423728,0.1574074074074074,753,753,118,540,61,85
soft,random_error_oracle,1,4,3,658,198,460,0.8898660518225735,0.761000415110004,0.7872340425531915,0.7575757575757576,0.8,0.1303200407771024,0.08786888034515752,150,368,92,48,0.5,1.0,1.3632218844984803,1.3632218844984803,0.25835866261398177,0.6271186440677966,0.17777777777777778,897,897,118,540,74,96
soft,random_error_oracle,1,4,4,658,198,460,0.8873298199385156,0.7566989623492847,0.7826747720364742,0.7575757575757576,0.7934782608695652,0.13140580808180619,0.08541462429062598,150,365,95,48,0.5,1.0,1.4437689969604863,1.4437689969604863,0.26595744680851063,0.635593220338983,0.18518518518518517,950,950,118,540,75,100
soft,random_error_oracle,1,4,5,658,198,460,0.8856609574000878,0.7538409938208697,0.7796352583586627,0.7575757575757576,0.7891304347826087,0.13264631221159706,0.08971183246933681,150,363,97,48,0.5,1.0,1.4635258358662615,1.4635258358662615,0.2689969604863222,0.635593220338983,0.18888888888888888,963,963,118,540,75,102
soft,random_error_oracle,1,4,6,658,198,460,0.8865063680281071,0.7538409938208697,0.7796352583586627,0.7575757575757576,0.7891304347826087,0.1326078385059408,0.09030054396180683,150,363,97,48,0.5,1.0,1.4680851063829787,1.4680851063829787,0.2689969604863222,0.635593220338983,0.18888888888888888,966,966,118,540,75,102
soft,random_error_oracle,1,4,7,658,198,460,0.886528326745718,0.7538409938208697,0.7796352583586627,0.7575757575757576,0.7891304347826087,0.13258977388471305,0.09029093052665495,150,363,97,48,0.5,1.0,1.4696048632218845,1.4696048632218845,0.2689969604863222,0.635593220338983,0.18888888888888888,967,967,118,540,75,102
soft,random_error_oracle,1,5,0,658,198,460,0.8635375494071147,0.772002772002772,0.8206686930091185,0.5959595959595959,0.9173913043478261,0.12792545989565157,0.02485381406775575,118,422,38,80,0.5,,0.0,0.0,0.0,0.0,0.0,0,0,118,540,0,0
soft,random_error_oracle,1,5,1,658,198,460,0.8673693456302153,0.7667829650551032,0.8054711246200608,0.6616161616161617,0.8673913043478261,0.13160667848026014,0.0684219020775811,131,399,61,67,0.5,1.0,0.7112462006079028,0.7112462006079028,0.12462006079027356,0.3050847457627119,0.08518518518518518,468,468,118,540,36,46
soft,random_error_oracle,1,5,2,658,198,460,0.8756587615283268,0.741870500546031,0.7750759878419453,0.6919191919191919,0.8108695652173913,0.13515219316924046,0.08029221515590243,137,373,87,61,0.5,1.0,1.1443768996960486,1.1443768996960486,0.2188449848024316,0.4830508474576271,0.16111111111111112,753,753,118,540,57,87
soft,random_error_oracle,1,5,3,658,198,460,0.8798967940272288,0.7527437641723356,0.7796352583586627,0.7474747474747475,0.7934782608695652,0.135023670014421,0.08517618585722513,148,365,95,50,0.5,1.0,1.3632218844984803,1.3632218844984803,0.25987841945288753,0.6101694915254238,0.18333333333333332,897,897,118,540,72,99
soft,random_error_oracle,1,5,4,658,198,460,0.8881642512077295,0.7572362904578231,0.7826747720364742,0.7626262626262627,0.7913043478260869,0.13144086992578938,0.08742827044888643,151,364,96,47,0.5,1.0,1.4437689969604863,1.4437689969604863,0.26595744680851063,0.635593220338983,0.18518518518518517,950,950,118,540,75,100
soft,random_error_oracle,1,5,5,658,198,460,0.8872310057092666,0.7538409938208697,0.7796352583586627,0.7575757575757576,0.7891304347826087,0.1322257719882093,0.0904793010394891,150,363,97,48,0.5,1.0,1.4635258358662615,1.4635258358662615,0.2689969604863222,0.635593220338983,0.18888888888888888,963,963,118,540,75,102
soft,random_error_oracle,1,5,6,658,198,460,0.8867808519982433,0.7538409938208697,0.7796352583586627,0.7575757575757576,0.7891304347826087,0.132435131912625,0.08996799949141948,150,363,97,48,0.5,1.0,1.4680851063829787,1.4680851063829787,0.2689969604863222,0.635593220338983,0.18888888888888888,966,966,118,540,75,102
soft,random_error_oracle,1,5,7,658,198,460,0.886528326745718,0.7538409938208697,0.7796352583586627,0.7575757575757576,0.7891304347826087,0.13258977388471305,0.09029093052665495,150,363,97,48,0.5,1.0,1.4696048632218845,1.4696048632218845,0.2689969604863222,0.635593220338983,0.18888888888888888,967,967,118,540,75,102
soft,random_error_oracle,1,6,0,658,198,460,0.8635375494071147,0.772002772002772,0.8206686930091185,0.5959595959595959,0.9173913043478261,0.12792545989565157,0.02485381406775575,118,422,38,80,0.5,,0.0,0.0,0.0,0.0,0.0,0,0,118,540,0,0
soft,random_error_oracle,1,6,1,658,198,460,0.8685660957400088,0.7602434336607116,0.8009118541033434,0.6464646464646465,0.8673913043478261,0.13070774541690836,0.054822098580846225,128,399,61,70,0.5,1.0,0.7112462006079028,0.7112462006079028,0.12917933130699089,0.3050847457627119,0.09074074074074075,468,468,118,540,36,49
soft,random_error_oracle,1,6,2,658,198,460,0.8772507685551164,0.7363075412359505,0.770516717325228,0.6818181818181818,0.808695652173913,0.13395735811749118,0.09509081328698245,135,372,88,63,0.5,1.0,1.1443768996960486,1.1443768996960486,0.21124620060790272,0.4491525423728814,0.15925925925925927,753,753,118,540,53,86
soft,random_error_oracle,1,6,3,658,198,460,0.8842885375494071,0.7527437641723356,0.7796352583586627,0.7474747474747475,0.7934782608695652,0.13327893345500078,0.0896634692501585,148,365,95,50,0.5,1.0,1.3632218844984803,1.3632218844984803,0.256838905775076,0.6016949152542372,0.1814814814814815,897,897,118,540,71,98
soft,random_error_oracle,1,6,4,658,198,460,0.8897233201581027,0.7558064017318695,0.7811550151975684,0.7626262626262627,0.7891304347826087,0.13093965582232697,0.08848257224314818,151,363,97,47,0.5,1.0,1.4437689969604863,1.4437689969604863,0.2674772036474164,0.635593220338983,0.18703703703703703,950,950,118,540,75,101
soft,random_error_oracle,1,6,5,658,198,460,0.8869345630215195,0.7538409938208697,0.7796352583586627,0.7575757575757576,0.7891304347826087,0.13238351699354753,0.09000246907340924,150,363,97,48,0.5,1.0,1.4635258358662615,1.4635258358662615,0.2689969604863222,0.635593220338983,0.18888888888888888,963,963,118,540,75,102
soft,random_error_oracle,1,6,6,658,198,460,0.8865063680281071,0.7538409938208697,0.7796352583586627,0.7575757575757576,0.7891304347826087,0.1326078385059408,0.09030054396180683,150,363,97,48,0.5,1.0,1.4680851063829787,1.4680851063829787,0.2689969604863222,0.635593220338983,0.18888888888888888,966,966,118,540,75,102
soft,random_error_oracle,1,6,7,658,198,460,0.886528326745718,0.7538409938208697,0.7796352583586627,0.7575757575757576,0.7891304347826087,0.13258977388471305,0.09029093052665495,150,363,97,48,0.5,1.0,1.4696048632218845,1.4696048632218845,0.2689969604863222,0.635593220338983,0.18888888888888888,967,967,118,540,75,102
soft,random_error_oracle,1,7,0,658,198,460,0.8635375494071147,0.772002772002772,0.8206686930091185,0.5959595959595959,0.9173913043478261,0.12792545989565157,0.02485381406775575,118,422,38,80,0.5,,0.0,0.0,0.0,0.0,0.0,0,0,118,540,0,0
soft,random_error_oracle,1,7,1,658,198,460,0.8769872639437857,0.7624575535023297,0.8054711246200608,0.6313131313131313,0.8804347826086957,0.12558262183577146,0.053101837772729414,125,405,55,73,0.5,1.0,0.7112462006079028,0.7112462006079028,0.11854103343465046,0.288135593220339,0.08148148148148149,468,468,118,540,34,44
soft,random_error_oracle,1,7,2,658,198,460,0.8940052700922266,0.7570290657804505,0.7872340425531915,0.7222222222222222,0.8152173913043478,0.12558882595357426,0.09219489080969555,143,375,85,55,0.5,1.0,1.1443768996960486,1.1443768996960486,0.21580547112462006,0.5084745762711864,0.15185185185185185,753,753,118,540,60,82
soft,random_error_oracle,1,7,3,658,198,460,0.8921936758893281,0.761000415110004,0.7872340425531915,0.7575757575757576,0.8,0.12913424229475484,0.09012853562275695,150,368,92,48,0.5,1.0,1.3632218844984803,1.3632218844984803,0.25835866261398177,0.6271186440677966,0.17777777777777778,897,897,118,540,74,96
soft,random_error_oracle,1,7,4,658,198,460,0.8900527009222661,0.7586680717414662,0.78419452887538,0.7626262626262627,0.7934782608695652,0.13040236199077132,0.08783185910567601,151,365,95,47,0.5,1.0,1.4437689969604863,1.4437689969604863,0.26443768996960487,0.635593220338983,0.18333333333333332,950,950,118,540,75,99
soft,random_error_oracle,1,7,5,658,198,460,0.8873737373737374,0.7538409938208697,0.7796352583586627,0.7575757575757576,0.7891304347826087,0.13215917906353647,0.09235505439785946,150,363,97,48,0.5,1.0,1.4635258358662615,1.4635258358662615,0.2689969604863222,0.635593220338983,0.18888888888888888,963,963,118,540,75,102
soft,random_error_oracle,1,7,6,658,198,460,0.8863855950812471,0.7538409938208697,0.7796352583586627,0.7575757575757576,0.7891304347826087,0.13269821801204643,0.09034770361418558,150,363,97,48,0.5,1.0,1.4680851063829787,1.4680851063829787,0.2689969604863222,0.635593220338983,0.18888888888888888,966,966,118,540,75,102
soft,random_error_oracle,1,7,7,658,198,460,0.886528326745718,0.7538409938208697,0.7796352583586627,0.7575757575757576,0.7891304347826087,0.13258977388471305,0.09029093052665495,150,363,97,48,0.5,1.0,1.4696048632218845,1.4696048632218845,0.2689969604863222,0.635593220338983,0.18888888888888888,967,967,118,540,75,102
soft,random_error_oracle,1,8,0,658,198,460,0.8635375494071147,0.772002772002772,0.8206686930091185,0.5959595959595959,0.9173913043478261,0.12792545989565157,0.02485381406775575,118,422,38,80,0.5,,0.0,0.0,0.0,0.0,0.0,0,0,118,540,0,0
soft,random_error_oracle,1,8,1,658,198,460,0.8697628458498025,0.7543927559272828,0.7948328267477204,0.6464646464646465,0.8586956521739131,0.13156191632383343,0.048475977094306844,128,395,65,70,0.5,1.0,0.7112462006079028,0.7112462006079028,0.13221884498480244,0.2966101694915254,0.0962962962962963,468,468,118,540,35,52
soft,random_error_oracle,1,8,2,658,198,460,0.8787768994290733,0.7445672410378292,0.776595744680851,0.702020202020202,0.808695652173913,0.1336836520054617,0.08400662376099977,139,372,88,59,0.5,1.0,1.1443768996960486,1.1443768996960486,0.22036474164133737,0.4915254237288136,0.16111111111111112,753,753,118,540,58,87
soft,random_error_oracle,1,8,3,658,198,460,0.8876043039086516,0.7663854875283447,0.7917933130699089,0.7676767676767676,0.8021739130434783,0.13108391296475427,0.08274196372570436,152,369,91,46,0.5,1.0,1.3632218844984803,1.3632218844984803,0.256838905775076,0.635593220338983,0.17407407407407408,897,897,118,540,75,94
soft,random_error_oracle,1,8,4,658,198,460,0.888746157224418,0.7558064017318695,0.7811550151975684,0.7626262626262627,0.7891304347826087,0.13161020071238577,0.09095734807604043,151,363,97,47,0.5,1.0,1.4437689969604863,1.4437689969604863,0.2674772036474164,0.635593220338983,0.18703703703703703,950,950,118,540,75,101
soft,random_error_oracle,1,8,5,658,198,460,0.8873078612209047,0.7538409938208697,0.7796352583586627,0.7575757575757576,0.7891304347826087,0.13218040336059989,0.08987943869164554,150,363,97,48,0.5,1.0,1.4635258358662615,1.4635258358662615,0.2689969604863222,0.635593220338983,0.18888888888888888,963,963,118,540,75,102
soft,random_error_oracle,1,8,6,658,198,460,0.8865393061045235,0.7538409938208697,0.7796352583586627,0.7575757575757576,0.7891304347826087,0.13257179033593056,0.09028129529181703,150,363,97,48,0.5,1.0,1.4680851063829787,1.4680851063829787,0.2689969604863222,0.635593220338983,0.18888888888888888,966,966,118,540,75,102
soft,random_error_oracle,1,8,7,658,198,460,0.886528326745718,0.7538409938208697,0.7796352583586627,0.7575757575757576,0.7891304347826087,0.13258977388471305,0.09029093052665495,150,363,97,48,0.5,1.0,1.4696048632218845,1.4696048632218845,0.2689969604863222,0.635593220338983,0.18888888888888888,967,967,118,540,75,102
soft,random_error_oracle,1,9,0,658,198,460,0.8635375494071147,0.772002772002772,0.8206686930091185,0.5959595959595959,0.9173913043478261,0.12792545989565157,0.02485381406775575,118,422,38,80,0.5,,0.0,0.0,0.0,0.0,0.0,0,0,118,540,0,0
soft,random_error_oracle,1,9,1,658,198,460,0.8725186649099693,0.7602434336607116,0.8009118541033434,0.6464646464646465,0.8673913043478261,0.13012909542371348,0.05199359082024081,128,399,61,70,0.5,1.0,0.7112462006079028,0.7112462006079028,0.12917933130699089,0.3050847457627119,0.09074074074074075,468,468,118,540,36,49
soft,random_error_oracle,1,9,2,658,198,460,0.8779205094422486,0.738890947459155,0.770516717325228,0.702020202020202,0.8,0.13522513561241156,0.08089745156806323,139,368,92,59,0.5,1.0,1.1443768996960486,1.1443768996960486,0.22340425531914893,0.4830508474576271,0.16666666666666666,753,753,118,540,57,90
soft,random_error_oracle,1,9,3,658,198,460,0.8843214756258235,0.7547242096979612,0.7811550151975684,0.7525252525252525,0.7934782608695652,0.13360172502784198,0.08982782091622316,149,365,95,49,0.5,1.0,1.3632218844984803,1.3632218844984803,0.25835866261398177,0.6101694915254238,0.1814814814814815,897,897,118,540,72,98
soft,random_error_oracle,1,9,4,658,198,460,0.8877470355731225,0.7552690304983882,0.7811550151975684,0.7575757575757576,0.7913043478260869,0.13175123638718605,0.09021295148476205,150,364,96,48,0.5,1.0,1.4437689969604863,1.4437689969604863,0.2674772036474164,0.635593220338983,0.18703703703703703,950,950,118,540,75,101
soft,random_error_oracle,1,9,5,658,198,460,0.8884277558190601,0.7538409938208697,0.7796352583586627,0.7575757575757576,0.7891304347826087,0.13157502049143063,0.09199798925513099,150,363,97,48,0.5,1.0,1.4635258358662615,1.4635258358662615,0.2689969604863222,0.635593220338983,0.18888888888888888,963,963,118,540,75,102
soft,random_error_oracle,1,9,6,658,198,460,0.8867808519982433,0.7538409938208697,0.7796352583586627,0.7575757575757576,0.7891304347826087,0.132435131912625,0.08996799949141948,150,363,97,48,0.5,1.0,1.4680851063829787,1.4680851063829787,0.2689969604863222,0.635593220338983,0.18888888888888888,966,966,118,540,75,102
soft,random_error_oracle,1,9,7,658,198,460,0.886528326745718,0.7538409938208697,0.7796352583586627,0.7575757575757576,0.7891304347826087,0.13258977388471305,0.09029093052665495,150,363,97,48,0.5,1.0,1.4696048632218845,1.4696048632218845,0.2689969604863222,0.635593220338983,0.18888888888888888,967,967,118,540,75,102
soft,random_error_oracle,1,10,0,658,198,460,0.8635375494071147,0.772002772002772,0.8206686930091185,0.5959595959595959,0.9173913043478261,0.12792545989565157,0.02485381406775575,118,422,38,80,0.5,,0.0,0.0,0.0,0.0,0.0,0,0,118,540,0,0
soft,random_error_oracle,1,10,1,658,198,460,0.8750109793588055,0.7580305135654835,0.8009118541033434,0.6313131313131313,0.8739130434782608,0.12771323849960195,0.05689154275414031,125,402,58,73,0.5,1.0,0.7112462006079028,0.7112462006079028,0.12917933130699089,0.3050847457627119,0.09074074074074075,468,468,118,540,36,49
soft,random_error_oracle,1,10,2,658,198,460,0.8818840579710145,0.752335209983354,0.78419452887538,0.7070707070707071,0.8173913043478261,0.1314643081191928,0.07592474144198272,140,376,84,58,0.5,1.0,1.1443768996960486,1.1443768996960486,0.22492401215805471,0.5254237288135594,0.15925925925925927,753,753,118,540,62,86
soft,random_error_oracle,1,10,3,658,198,460,0.8894488361879667,0.7615374260952401,0.7872340425531915,0.7626262626262627,0.7978260869565217,0.13027939097695793,0.08381111738038063,151,367,93,47,0.5,1.0,1.3632218844984803,1.3632218844984803,0.2553191489361702,0.6186440677966102,0.17592592592592593,897,897,118,540,73,95
soft,random_error_oracle,1,10,4,658,198,460,0.8900307422046552,0.7558064017318695,0.7811550151975684,0.7626262626262627,0.7891304347826087,0.13068538445261252,0.08818352125403899,151,363,97,47,0.5,1.0,1.4437689969604863,1.4437689969604863,0.2674772036474164,0.635593220338983,0.18703703703703703,950,950,118,540,75,101
soft,random_error_oracle,1,10,5,658,198,460,0.8877031181379008,0.7538409938208697,0.7796352583586627,0.7575757575757576,0.7891304347826087,0.13198405006676495,0.09011023043534236,150,363,97,48,0.5,1.0,1.4635258358662615,1.4635258358662615,0.2689969604863222,0.635593220338983,0.18888888888888888,963,963,118,540,75,102
soft,random_error_oracle,1,10,6,658,198,460,0.8867808519982433,0.7538409938208697,0.7796352583586627,0.7575757575757576,0.7891304347826087,0.132435131912625,0.08996799949141948,150,363,97,48,0.5,1.0,1.4680851063829787,1.4680851063829787,0.2689969604863222,0.635593220338983,0.18888888888888888,966,966,118,540,75,102
soft,random_error_oracle,1,10,7,658,198,460,0.886528326745718,0.7538409938208697,0.7796352583586627,0.7575757575757576,0.7891304347826087,0.13258977388471305,0.09029093052665495,150,363,97,48,0.5,1.0,1.4696048632218845,1.4696048632218845,0.2689969604863222,0.635593220338983,0.18888888888888888,967,967,118,540,75,102
soft,random_error_oracle,1,11,0,658,198,460,0.8635375494071147,0.772002772002772,0.8206686930091185,0.5959595959595959,0.9173913043478261,0.12792545989565157,0.02485381406775575,118,422,38,80,0.5,,0.0,0.0,0.0,0.0,0.0,0,0,118,540,0,0
soft,random_error_oracle,1,11,1,658,198,460,0.8660188844971455,0.7602434336607116,0.8009118541033434,0.6464646464646465,0.8673913043478261,0.13239526177138983,0.04772477161140412,128,399,61,70,0.5,1.0,0.7112462006079028,0.7112462006079028,0.135258358662614,0.3220338983050847,0.09444444444444444,468,468,118,540,38,51
soft,random_error_oracle,1,11,2,658,198,460,0.8784804567413264,0.7395152516156094,0.770516717325228,0.7070707070707071,0.7978260869565217,0.1339571262096952,0.0908733762961523,140,367,93,58,0.5,1.0,1.1443768996960486,1.1443768996960486,0.22644376899696048,0.4915254237288136,0.1685185185185185,753,753,118,540,58,91
soft,random_error_oracle,1,11,3,658,198,460,0.8857378129117259,0.7601017740646793,0.7857142857142857,0.7626262626262627,0.7956521739130434,0.1325518998610908,0.08612128126867612,151,366,94,47,0.5,1.0,1.3632218844984803,1.3632218844984803,0.25379939209726443,0.6101694915254238,0.17592592592592593,897,897,118,540,72,95
soft,random_error_oracle,1,11,4,658,198,460,0.8900417215634606,0.7601017740646793,0.7857142857142857,0.7626262626262627,0.7956521739130434,0.13044516898078432,0.08680037039306196,151,366,94,47,0.5,1.0,1.4437689969604863,1.4437689969604863,0.2629179331306991,0.635593220338983,0.1814814814814815,950,950,118,540,75,98
soft,random_error_oracle,1,11,5,658,198,460,0.8873517786561265,0.7538409938208697,0.7796352583586627,0.7575757575757576,0.7891304347826087,0.13216959120823557,0.09236048021617412,150,363,97,48,0.5,1.0,1.4635258358662615,1.4635258358662615,0.2689969604863222,0.635593220338983,0.18888888888888888,963,963,118,540,75,102
soft,random_error_oracle,1,11,6,658,198,460,0.8863855950812471,0.7538409938208697,0.7796352583586627,0.7575757575757576,0.7891304347826087,0.13269821801204643,0.09034770361418558,150,363,97,48,0.5,1.0,1.4680851063829787,1.4680851063829787,0.2689969604863222,0.635593220338983,0.18888888888888888,966,966,118,540,75,102
soft,random_error_oracle,1,11,7,658,198,460,0.886528326745718,0.7538409938208697,0.7796352583586627,0.7575757575757576,0.7891304347826087,0.13258977388471305,0.09029093052665495,150,363,97,48,0.5,1.0,1.4696048632218845,1.4696048632218845,0.2689969604863222,0.635593220338983,0.18888888888888888,967,967,118,540,75,102
soft,random_error_oracle,1,12,0,658,198,460,0.8635375494071147,0.772002772002772,0.8206686930091185,0.5959595959595959,0.9173913043478261,0.12792545989565157,0.02485381406775575,118,422,38,80,0.5,,0.0,0.0,0.0,0.0,0.0,0,0,118,540,0,0
soft,random_error_oracle,1,12,1,658,198,460,0.8783487044356609,0.7756951895565093,0.8145896656534954,0.6616161616161617,0.8804347826086957,0.12674221464698315,0.05470515644376318,131,405,55,67,0.5,1.0,0.7112462006079028,0.7112462006079028,0.12462006079027356,0.3305084745762712,0.07962962962962963,468,468,118,540,39,43
soft,random_error_oracle,1,12,2,658,198,460,0.8838713219148001,0.7451916871046856,0.776595744680851,0.7070707070707071,0.8065217391304348,0.13141296129422683,0.09080950531890757,140,371,89,58,0.5,1.0,1.1443768996960486,1.1443768996960486,0.21732522796352582,0.4830508474576271,0.15925925925925927,753,753,118,540,57,86
soft,random_error_oracle,1,12,3,658,198,460,0.88288317962231,0.7501898253606682,0.7781155015197568,0.7373737373737373,0.7956521739130434,0.1341337685963869,0.09083760693460506,146,366,94,52,0.5,1.0,1.3632218844984803,1.3632218844984803,0.2553191489361702,0.5932203389830508,0.1814814814814815,897,897,118,540,70,98
soft,random_error_oracle,1,12,4,658,198,460,0.8837834870443567,0.7538409938208697,0.7796352583586627,0.7575757575757576,0.7891304347826087,0.13379129534001621,0.08780709412196985,150,363,97,48,0.5,1.0,1.4437689969604863,1.4437689969604863,0.2689969604863222,0.635593220338983,0.18888888888888888,950,950,118,540,75,102
soft,random_error_oracle,1,12,5,658,198,460,0.886725955204216,0.7538409938208697,0.7796352583586627,0.7575757575757576,0.7891304347826087,0.13249235353979924,0.09029156313350634,150,363,97,48,0.5,1.0,1.4635258358662615,1.4635258358662615,0.2689969604863222,0.635593220338983,0.18888888888888888,963,963,118,540,75,102
soft,random_error_oracle,1,12,6,658,198,460,0.8863855950812471,0.7538409938208697,0.7796352583586627,0.7575757575757576,0.7891304347826087,0.13269821801204643,0.09034770361418558,150,363,97,48,0.5,1.0,1.4680851063829787,1.4680851063829787,0.2689969604863222,0.635593220338983,0.18888888888888888,966,966,118,540,75,102
soft,random_error_oracle,1,12,7,658,198,460,0.886528326745718,0.7538409938208697,0.7796352583586627,0.7575757575757576,0.7891304347826087,0.13258977388471305,0.09029093052665495,150,363,97,48,0.5,1.0,1.4696048632218845,1.4696048632218845,0.2689969604863222,0.635593220338983,0.18888888888888888,967,967,118,540,75,102
soft,random_error_oracle,1,13,0,658,198,460,0.8635375494071147,0.772002772002772,0.8206686930091185,0.5959595959595959,0.9173913043478261,0.12792545989565157,0.02485381406775575,118,422,38,80,0.5,,0.0,0.0,0.0,0.0,0.0,0,0,118,540,0,0
soft,random_error_oracle,1,13,1,658,198,460,0.8585309617918313,0.7507575757575757,0.790273556231003,0.6515151515151515,0.85,0.13684630078714874,0.06251441889492058,129,391,69,69,0.5,1.0,0.7112462006079028,0.7112462006079028,0.13677811550151975,0.2966101694915254,0.10185185185185185,468,468,118,540,35,55
soft,random_error_oracle,1,13,2,658,198,460,0.868006148440931,0.7354325494122562,0.7674772036474165,0.696969696969697,0.7978260869565217,0.13915987096186574,0.07933650643118646,138,367,93,60,0.5,1.0,1.1443768996960486,1.1443768996960486,0.22340425531914893,0.4745762711864407,0.1685185185185185,753,753,118,540,56,91
soft,random_error_oracle,1,13,3,658,198,460,0.8835748792270531,0.7581308178966006,0.78419452887538,0.7575757575757576,0.7956521739130434,0.13305901971015144,0.09389853572086822,150,366,94,48,0.5,1.0,1.3632218844984803,1.3632218844984803,0.2553191489361702,0.6101694915254238,0.17777777777777778,897,897,118,540,72,96
soft,random_error_oracle,1,13,4,658,198,460,0.8884387351778656,0.7572362904578231,0.7826747720364742,0.7626262626262627,0.7913043478260869,0.13126620521445562,0.08563528767783689,151,364,96,47,0.5,1.0,1.4437689969604863,1.4437689969604863,0.26595744680851063,0.635593220338983,0.18518518518518517,950,950,118,540,75,100
soft,random_error_oracle,1,13,5,658,198,460,0.8863306982872201,0.7538409938208697,0.7796352583586627,0.7575757575757576,0.7891304347826087,0.13231739017758312,0.08974517916240306,150,363,97,48,0.5,1.0,1.4635258358662615,1.4635258358662615,0.2689969604863222,0.635593220338983,0.18888888888888888,963,963,118,540,75,102
soft,random_error_oracle,1,13,6,658,198,460,0.8867808519982433,0.7538409938208697,0.7796352583586627,0.7575757575757576,0.7891304347826087,0.132435131912625,0.08996799949141948,150,363,97,48,0.5,1.0,1.4680851063829787,1.4680851063829787,0.2689969604863222,0.635593220338983,0.18888888888888888,966,966,118,540,75,102
soft,random_error_oracle,1,13,7,658,198,460,0.886528326745718,0.7538409938208697,0.7796352583586627,0.7575757575757576,0.7891304347826087,0.13258977388471305,0.09029093052665495,150,363,97,48,0.5,1.0,1.4696048632218845,1.4696048632218845,0.2689969604863222,0.635593220338983,0.18888888888888888,967,967,118,540,75,102
soft,random_error_oracle,1,14,0,658,198,460,0.8635375494071147,0.772002772002772,0.8206686930091185,0.5959595959595959,0.9173913043478261,0.12792545989565157,0.02485381406775575,118,422,38,80,0.5,,0.0,0.0,0.0,0.0,0.0,0,0,118,540,0,0
soft,random_error_oracle,1,14,1,658,198,460,0.8765480895915678,0.7573120578586423,0.7978723404255319,0.6464646464646465,0.8630434782608696,0.1283823465016066,0.052305597109610955,128,397,63,70,0.5,1.0,0.7112462006079028,0.7112462006079028,0.1413373860182371,0.3305084745762712,0.1,468,468,118,540,39,54
soft,random_error_oracle,1,14,2,658,198,460,0.8839371980676328,0.7498656389686316,0.7796352583586627,0.7222222222222222,0.8043478260869565,0.13103785208298083,0.08231886119344804,143,370,90,55,0.5,1.0,1.1443768996960486,1.1443768996960486,0.22340425531914893,0.5084745762711864,0.16111111111111112,753,753,118,540,60,87
soft,random_error_oracle,1,14,3,658,198,460,0.8865393061045235,0.761342257361671,0.7887537993920972,0.7474747474747475,0.8065217391304348,0.13124069020983878,0.08067371135490448,148,371,89,50,0.5,1.0,1.3632218844984803,1.3632218844984803,0.24772036474164133,0.6016949152542372,0.17037037037037037,897,897,118,540,71,92
soft,random_error_oracle,1,14,4,658,198,460,0.8882301273605621,0.7572362904578231,0.7826747720364742,0.7626262626262627,0.7913043478260869,0.13122311740722561,0.08598047880738088,151,364,96,47,0.5,1.0,1.4437689969604863,1.4437689969604863,0.26595744680851063,0.635593220338983,0.18518518518518517,950,950,118,540,75,100
soft,random_error_oracle,1,14,5,658,198,460,0.8861440491875275,0.7538409938208697,0.7796352583586627,0.7575757575757576,0.7891304347826087,0.1324510202170717,0.08959883559147892,150,363,97,48,0.5,1.0,1.4635258358662615,1.4635258358662615,0.2689969604863222,0.635593220338983,0.18888888888888888,963,963,118,540,75,102
soft,random_error_oracle,1,14,6,658,198,460,0.8870772946859902,0.7538409938208697,0.7796352583586627,0.7575757575757576,0.7891304347826087,0.13230404408262497,0.08989135458020613,150,363,97,48,0.5,1.0,1.4680851063829787,1.4680851063829787,0.2689969604863222,0.635593220338983,0.18888888888888888,966,966,118,540,75,102
soft,random_error_oracle,1,14,7,658,198,460,0.886528326745718,0.7538409938208697,0.7796352583586627,0.7575757575757576,0.7891304347826087,0.13258977388471305,0.09029093052665495,150,363,97,48,0.5,1.0,1.4696048632218845,1.4696048632218845,0.2689969604863222,0.635593220338983,0.18888888888888888,967,967,118,540,75,102
soft,random_error_oracle,1,15,0,658,198,460,0.8635375494071147,0.772002772002772,0.8206686930091185,0.5959595959595959,0.9173913043478261,0.12792545989565157,0.02485381406775575,118,422,38,80,0.5,,0.0,0.0,0.0,0.0,0.0,0,0,118,540,0,0
soft,random_error_oracle,1,15,1,658,198,460,0.868917435221783,0.7638373531230674,0.8024316109422492,0.6616161616161617,0.8630434782608696,0.1310099758966683,0.04876371540441295,131,397,63,67,0.5,1.0,0.7112462006079028,0.7112462006079028,0.1276595744680851,0.3050847457627119,0.08888888888888889,468,468,118,540,36,48
soft,random_error_oracle,1,15,2,658,198,460,0.8815766359244621,0.7541571945777553,0.78419452887538,0.7222222222222222,0.8108695652173913,0.13223200847966712,0.07954737105410743,143,373,87,55,0.5,1.0,1.1443768996960486,1.1443768996960486,0.20972644376899696,0.4830508474576271,0.15,753,753,118,540,57,81
soft,random_error_oracle,1,15,3,658,198,460,0.8902942468159859,0.7595646258503401,0.7857142857142857,0.7575757575757576,0.7978260869565217,0.13062032677361857,0.08792033698988448,150,367,93,48,0.5,1.0,1.3632218844984803,1.3632218844984803,0.25379939209726443,0.6101694915254238,0.17592592592592593,897,897,118,540,72,95
soft,random_error_oracle,1,15,4,658,198,460,0.8887022397891963,0.7581308178966006,0.78419452887538,0.7575757575757576,0.7956521739130434,0.13093418912076576,0.08779232696482471,150,366,94,48,0.5,1.0,1.4437689969604863,1.4437689969604863,0.26443768996960487,0.635593220338983,0.18333333333333332,950,950,118,540,75,99
soft,random_error_oracle,1,15,5,658,198,460,0.8883179622310057,0.7538409938208697,0.7796352583586627,0.7575757575757576,0.7891304347826087,0.13162813024140824,0.09202958588327358,150,363,97,48,0.5,1.0,1.4635258358662615,1.4635258358662615,0.2689969604863222,0.635593220338983,0.18888888888888888,963,963,118,540,75,102
soft,random_error_oracle,1,15,6,658,198,460,0.8867808519982433,0.7538409938208697,0.7796352583586627,0.7575757575757576,0.7891304347826087,0.132435131912625,0.08996799949141948,150,363,97,48,0.5,1.0,1.4680851063829787,1.4680851063829787,0.2689969604863222,0.635593220338983,0.18888888888888888,966,966,118,540,75,102
soft,random_error_oracle,1,15,7,658,198,460,0.886528326745718,0.7538409938208697,0.7796352583586627,0.7575757575757576,0.7891304347826087,0.13258977388471305,0.09029093052665495,150,363,97,48,0.5,1.0,1.4696048632218845,1.4696048632218845,0.2689969604863222,0.635593220338983,0.18888888888888888,967,967,118,540,75,102
soft,random_error_oracle,1,16,0,658,198,460,0.8635375494071147,0.772002772002772,0.8206686930091185,0.5959595959595959,0.9173913043478261,0.12792545989565157,0.02485381406775575,118,422,38,80,0.5,,0.0,0.0,0.0,0.0,0.0,0,0,118,540,0,0
soft,random_error_oracle,1,16,1,658,198,460,0.8676218708827405,0.7587762175613224,0.7993920972644377,0.6464646464646465,0.8652173913043478,0.13067497059290864,0.059941996876970355,128,398,62,70,0.5,1.0,0.7112462006079028,0.7112462006079028,0.11550151975683891,0.2627118644067797,0.08333333333333333,468,468,118,540,31,45
soft,random_error_oracle,1,16,2,658,198,460,0.8855841018884497,0.7469230769230769,0.7811550151975684,0.6868686868686869,0.8217391304347826,0.12970292553071636,0.08467392447023776,136,378,82,62,0.5,1.0,1.1443768996960486,1.1443768996960486,0.2127659574468085,0.4830508474576271,0.1537037037037037,753,753,118,540,57,83
soft,random_error_oracle,1,16,3,658,198,460,0.8890535792709706,0.761000415110004,0.7872340425531915,0.7575757575757576,0.8,0.13036123043820497,0.08905511504061304,150,368,92,48,0.5,1.0,1.3632218844984803,1.3632218844984803,0.2613981762917933,0.635593220338983,0.17962962962962964,897,897,118,540,75,97
soft,random_error_oracle,1,16,4,658,198,460,0.8887241985068073,0.7586680717414662,0.78419452887538,0.7626262626262627,0.7934782608695652,0.13077825360273765,0.08688753921148021,151,365,95,47,0.5,1.0,1.4437689969604863,1.4437689969604863,0.26443768996960487,0.635593220338983,0.18333333333333332,950,950,118,540,75,99
soft,random_error_oracle,1,16,5,658,198,460,0.8871761089152393,0.7538409938208697,0.7796352583586627,0.7575757575757576,0.7891304347826087,0.13221733061902713,0.08990136334099602,150,363,97,48,0.5,1.0,1.4635258358662615,1.4635258358662615,0.2689969604863222,0.635593220338983,0.18888888888888888,963,963,118,540,75,102
soft,random_error_oracle,1,16,6,658,198,460,0.8865063680281071,0.7538409938208697,0.7796352583586627,0.7575757575757576,0.7891304347826087,0.1326078385059408,0.09030054396180683,150,363,97,48,0.5,1.0,1.4680851063829787,1.4680851063829787,0.2689969604863222,0.635593220338983,0.18888888888888888,966,966,118,540,75,102
soft,random_error_oracle,1,16,7,658,198,460,0.886528326745718,0.7538409938208697,0.7796352583586627,0.7575757575757576,0.7891304347826087,0.13258977388471305,0.09029093052665495,150,363,97,48,0.5,1.0,1.4696048632218845,1.4696048632218845,0.2689969604863222,0.635593220338983,0.18888888888888888,967,967,118,540,75,102
soft,random_error_oracle,1,17,0,658,198,460,0.8635375494071147,0.772002772002772,0.8206686930091185,0.5959595959595959,0.9173913043478261,0.12792545989565157,0.02485381406775575,118,422,38,80,0.5,,0.0,0.0,0.0,0.0,0.0,0,0,118,540,0,0
soft,random_error_oracle,1,17,1,658,198,460,0.8646464646464647,0.7594949327130753,0.7993920972644377,0.6515151515151515,0.8630434782608696,0.1321521716932573,0.07035361959684111,129,397,63,69,0.5,1.0,0.7112462006079028,0.7112462006079028,0.13069908814589665,0.3050847457627119,0.09259259259259259,468,468,118,540,36,50
soft,random_error_oracle,1,17,2,658,198,460,0.8777887571365832,0.7470150834730436,0.776595744680851,0.7222222222222222,0.8,0.1348175106198664,0.07668692193277117,143,368,92,55,0.5,1.0,1.1443768996960486,1.1443768996960486,0.22644376899696048,0.5084745762711864,0.1648148148148148,753,753,118,540,60,89
soft,random_error_oracle,1,17,3,658,198,460,0.8882850241545893,0.7581308178966006,0.78419452887538,0.7575757575757576,0.7956521739130434,0.13146747870944075,0.09189102995176467,150,366,94,48,0.5,1.0,1.3632218844984803,1.3632218844984803,0.25835866261398177,0.6186440677966102,0.17962962962962964,897,897,118,540,73,97
soft,random_error_oracle,1,17,4,658,198,460,0.8903052261747915,0.7606315870947769,0.7857142857142857,0.7676767676767676,0.7934782608695652,0.13046228805815072,0.0859788509441471,152,365,95,46,0.5,1.0,1.4437689969604863,1.4437689969604863,0.2629179331306991,0.635593220338983,0.1814814814814815,950,950,118,540,75,98
soft,random_error_oracle,1,17,5,658,198,460,0.8885595081247255,0.7538409938208697,0.7796352583586627,0.7575757575757576,0.7891304347826087,0.13150555164744457,0.09196437270256877,150,363,97,48,0.5,1.0,1.4635258358662615,1.4635258358662615,0.2689969604863222,0.635593220338983,0.18888888888888888,963,963,118,540,75,102
soft,random_error_oracle,1,17,6,658,198,460,0.8870772946859902,0.7538409938208697,0.7796352583586627,0.7575757575757576,0.7891304347826087,0.13230404408262497,0.08989135458020613,150,363,97,48,0.5,1.0,1.4680851063829787,1.4680851063829787,0.2689969604863222,0.635593220338983,0.18888888888888888,966,966,118,540,75,102
soft,random_error_oracle,1,17,7,658,198,460,0.886528326745718,0.7538409938208697,0.7796352583586627,0.7575757575757576,0.7891304347826087,0.13258977388471305,0.09029093052665495,150,363,97,48,0.5,1.0,1.4696048632218845,1.4696048632218845,0.2689969604863222,0.635593220338983,0.18888888888888888,967,967,118,540,75,102
soft,random_error_oracle,1,18,0,658,198,460,0.8635375494071147,0.772002772002772,0.8206686930091185,0.5959595959595959,0.9173913043478261,0.12792545989565157,0.02485381406775575,118,422,38,80,0.5,,0.0,0.0,0.0,0.0,0.0,0,0,118,540,0,0
soft,random_error_oracle,1,18,1,658,198,460,0.8729139218269653,0.7587762175613224,0.7993920972644377,0.6464646464646465,0.8652173913043478,0.12988186577709093,0.05842129663854989,128,398,62,70,0.5,1.0,0.7112462006079028,0.7112462006079028,0.1276595744680851,0.2966101694915254,0.09074074074074075,468,468,118,540,35,49
soft,random_error_oracle,1,18,2,658,198,460,0.8824000878348705,0.7403068956807275,0.7720364741641338,0.702020202020202,0.8021739130434783,0.13180611815202503,0.08920889400160195,139,369,91,59,0.5,1.0,1.1443768996960486,1.1443768996960486,0.21580547112462006,0.4661016949152542,0.16111111111111112,753,753,118,540,55,87
soft,random_error_oracle,1,18,3,658,198,460,0.8899319279754062,0.7590200595839514,0.7857142857142857,0.7525252525252525,0.8,0.1304318560713,0.09287105060669593,149,368,92,49,0.5,1.0,1.3632218844984803,1.3632218844984803,0.25379939209726443,0.6101694915254238,0.17592592592592593,897,897,118,540,72,95
soft,random_error_oracle,1,18,4,658,198,460,0.890689503732982,0.7620671129845442,0.7872340425531915,0.7676767676767676,0.7956521739130434,0.13002350263116255,0.08461576998736207,152,366,94,46,0.5,1.0,1.4437689969604863,1.4437689969604863,0.2613981762917933,0.635593220338983,0.17962962962962964,950,950,118,540,75,97
soft,random_error_oracle,1,18,5,658,198,460,0.8887571365832234,0.7538409938208697,0.7796352583586627,0.7575757575757576,0.7891304347826087,0.13134502544726334,0.09182919738832639,150,363,97,48,0.5,1.0,1.4635258358662615,1.4635258358662615,0.2689969604863222,0.635593220338983,0.18888888888888888,963,963,118,540,75,102
soft,random_error_oracle,1,18,6,658,198,460,0.8870663153271849,0.7538409938208697,0.7796352583586627,0.7575757575757576,0.7891304347826087,0.13231563272604865,0.08989831691980435,150,363,97,48,0.5,1.0,1.4680851063829787,1.4680851063829787,0.2689969604863222,0.635593220338983,0.18888888888888888,966,966,118,540,75,102
soft,random_error_oracle,1,18,7,658,198,460,0.886528326745718,0.7538409938208697,0.7796352583586627,0.7575757575757576,0.7891304347826087,0.13258977388471305,0.09029093052665495,150,363,97,48,0.5,1.0,1.4696048632218845,1.4696048632218845,0.2689969604863222,0.635593220338983,0.18888888888888888,967,967,118,540,75,102
soft,random_error_oracle,1,19,0,658,198,460,0.8635375494071147,0.772002772002772,0.8206686930091185,0.5959595959595959,0.9173913043478261,0.12792545989565157,0.02485381406775575,118,422,38,80,0.5,,0.0,0.0,0.0,0.0,0.0,0,0,118,540,0,0
soft,random_error_oracle,1,19,1,658,198,460,0.8682916117698726,0.7587762175613224,0.7993920972644377,0.6464646464646465,0.8652173913043478,0.1303604236945531,0.05663836715026945,128,398,62,70,0.5,1.0,0.7112462006079028,0.7112462006079028,0.13677811550151975,0.3220338983050847,0.0962962962962963,468,468,118,540,38,52
soft,random_error_oracle,1,19,2,658,198,460,0.8869126043039087,0.752950757255267,0.78419452887538,0.7121212121212122,0.8152173913043478,0.12965494752408177,0.0823119440164148,141,375,85,57,0.5,1.0,1.1443768996960486,1.1443768996960486,0.2127659574468085,0.4915254237288136,0.15185185185185185,753,753,118,540,58,82
soft,random_error_oracle,1,19,3,658,198,460,0.8881752305665349,0.7615374260952401,0.7872340425531915,0.7626262626262627,0.7978260869565217,0.13044435684176497,0.08743179191750704,151,367,93,47,0.5,1.0,1.3632218844984803,1.3632218844984803,0.2553191489361702,0.6186440677966102,0.17592592592592593,897,897,118,540,73,95
soft,random_error_oracle,1,19,4,658,198,460,0.8904808959156785,0.7586680717414662,0.78419452887538,0.7626262626262627,0.7934782608695652,0.13010115074253775,0.08894369948750427,151,365,95,47,0.5,1.0,1.4437689969604863,1.4437689969604863,0.26443768996960487,0.635593220338983,0.18333333333333332,950,950,118,540,75,99
soft,random_error_oracle,1,19,5,658,198,460,0.8875274483970136,0.7538409938208697,0.7796352583586627,0.7575757575757576,0.7891304347826087,0.13207511245569858,0.0923103420258693,150,363,97,48,0.5,1.0,1.4635258358662615,1.4635258358662615,0.2689969604863222,0.635593220338983,0.18888888888888888,963,963,118,540,75,102
soft,random_error_oracle,1,19,6,658,198,460,0.8865063680281071,0.7538409938208697,0.7796352583586627,0.7575757575757576,0.7891304347826087,0.1326078385059408,0.09030054396180683,150,363,97,48,0.5,1.0,1.4680851063829787,1.4680851063829787,0.2689969604863222,0.635593220338983,0.18888888888888888,966,966,118,540,75,102
soft,random_error_oracle,1,19,7,658,198,460,0.886528326745718,0.7538409938208697,0.7796352583586627,0.7575757575757576,0.7891304347826087,0.13258977388471305,0.09029093052665495,150,363,97,48,0.5,1.0,1.4696048632218845,1.4696048632218845,0.2689969604863222,0.635593220338983,0.18888888888888888,967,967,118,540,75,102
soft,random_error_oracle,1,20,0,658,198,460,0.8635375494071147,0.772002772002772,0.8206686930091185,0.5959595959595959,0.9173913043478261,0.12792545989565157,0.02485381406775575,118,422,38,80,0.5,,0.0,0.0,0.0,0.0,0.0,0,0,118,540,0,0
soft,random_error_oracle,1,20,1,658,198,460,0.8702349582784366,0.7660860291503733,0.8054711246200608,0.6565656565656566,0.8695652173913043,0.13066217044297934,0.05275158667644828,130,400,60,68,0.5,1.0,0.7112462006079028,0.7112462006079028,0.12158054711246201,0.2966101694915254,0.08333333333333333,468,468,118,540,35,45
soft,random_error_oracle,1,20,2,658,198,460,0.8788537549407115,0.7504570551264715,0.7796352583586627,0.7272727272727273,0.8021739130434783,0.1334028961505212,0.07907287967242874,144,369,91,54,0.5,1.0,1.1443768996960486,1.1443768996960486,0.22340425531914893,0.5084745762711864,0.16111111111111112,753,753,118,540,60,87
soft,random_error_oracle,1,20,3,658,198,460,0.8874286341677645,0.7575861353258613,0.78419452887538,0.7525252525252525,0.7978260869565217,0.13211321727303527,0.09032238938784863,149,367,93,49,0.5,1.0,1.3632218844984803,1.3632218844984803,0.25227963525835867,0.6016949152542372,0.17592592592592593,897,897,118,540,71,95
soft,random_error_oracle,1,20,4,658,198,460,0.8884716732542819,0.7577662617166483,0.7826747720364742,0.7676767676767676,0.7891304347826087,0.13168748695601437,0.08927492068130827,152,363,97,46,0.5,1.0,1.4437689969604863,1.4437689969604863,0.26595744680851063,0.635593220338983,0.18518518518518517,950,950,118,540,75,100
soft,random_error_oracle,1,20,5,658,198,460,0.8874505928853754,0.7538409938208697,0.7796352583586627,0.7575757575757576,0.7891304347826087,0.1321430757309925,0.09234523546102814,150,363,97,48,0.5,1.0,1.4635258358662615,1.4635258358662615,0.2689969604863222,0.635593220338983,0.18888888888888888,963,963,118,540,75,102
soft,random_error_oracle,1,20,6,658,198,460,0.8865393061045235,0.7538409938208697,0.7796352583586627,0.7575757575757576,0.7891304347826087,0.13257179033593056,0.09028129529181703,150,363,97,48,0.5,1.0,1.4680851063829787,1.4680851063829787,0.2689969604863222,0.635593220338983,0.18888888888888888,966,966,118,540,75,102
soft,random_error_oracle,1,20,7,658,198,460,0.886528326745718,0.7538409938208697,0.7796352583586627,0.7575757575757576,0.7891304347826087,0.13258977388471305,0.09029093052665495,150,363,97,48,0.5,1.0,1.4696048632218845,1.4696048632218845,0.2689969604863222,0.635593220338983,0.18888888888888888,967,967,118,540,75,102
soft,random_error_oracle,1,21,0,658,198,460,0.8635375494071147,0.772002772002772,0.8206686930091185,0.5959595959595959,0.9173913043478261,0.12792545989565157,0.02485381406775575,118,422,38,80,0.5,,0.0,0.0,0.0,0.0,0.0,0,0,118,540,0,0
soft,random_error_oracle,1,21,1,658,198,460,0.871651295564339,0.7631871887510986,0.8039513677811551,0.6464646464646465,0.8717391304347826,0.12837731623520976,0.05215619736653433,128,401,59,70,0.5,1.0,0.7112462006079028,0.7112462006079028,0.12310030395136778,0.2966101694915254,0.08518518518518518,468,468,118,540,35,46
soft,random_error_oracle,1,21,2,658,198,460,0.8820926657883179,0.7502780026274234,0.7826747720364742,0.702020202020202,0.8173913043478261,0.13076939081774847,0.07273445830379875,139,376,84,59,0.5,1.0,1.1443768996960486,1.1443768996960486,0.20820668693009117,0.4745762711864407,0.15,753,753,118,540,56,81
soft,random_error_oracle,1,21,3,658,198,460,0.892215634606939,0.761342257361671,0.7887537993920972,0.7474747474747475,0.8065217391304348,0.12821042856130832,0.08509741725220862,148,371,89,50,0.5,1.0,1.3632218844984803,1.3632218844984803,0.2507598784194529,0.6101694915254238,0.17222222222222222,897,897,118,540,72,93
soft,random_error_oracle,1,21,4,658,198,460,0.8915019762845849,0.7601017740646793,0.7857142857142857,0.7626262626262627,0.7956521739130434,0.12966932061271053,0.08571806246123352,151,366,94,47,0.5,1.0,1.4437689969604863,1.4437689969604863,0.2629179331306991,0.635593220338983,0.1814814814814815,950,950,118,540,75,98
soft,random_error_oracle,1,21,5,658,198,460,0.8888010540184452,0.7538409938208697,0.7796352583586627,0.7575757575757576,0.7891304347826087,0.13134094050326905,0.09183846681053694,150,363,97,48,0.5,1.0,1.4635258358662615,1.4635258358662615,0.2689969604863222,0.635593220338983,0.18888888888888888,963,963,118,540,75,102
soft,random_error_oracle,1,21,6,658,198,460,0.8869565217391304,0.7538409938208697,0.7796352583586627,0.7575757575757576,0.7891304347826087,0.13235132717029552,0.08991952558886733,150,363,97,48,0.5,1.0,1.4680851063829787,1.4680851063829787,0.2689969604863222,0.635593220338983,0.18888888888888888,966,966,118,540,75,102
soft,random_error_oracle,1,21,7,658,198,460,0.886528326745718,0.7538409938208697,0.7796352583586627,0.7575757575757576,0.7891304347826087,0.13258977388471305,0.09029093052665495,150,363,97,48,0.5,1.0,1.4696048632218845,1.4696048632218845,0.2689969604863222,0.635593220338983,0.18888888888888888,967,967,118,540,75,102
soft,random_error_oracle,1,22,0,658,198,460,0.8635375494071147,0.772002772002772,0.8206686930091185,0.5959595959595959,0.9173913043478261,0.12792545989565157,0.02485381406775575,118,422,38,80,0.5,,0.0,0.0,0.0,0.0,0.0,0,0,118,540,0,0
soft,random_error_oracle,1,22,1,658,198,460,0.8726613965744401,0.7580313817653972,0.7978723404255319,0.6515151515151515,0.8608695652173913,0.13052887740125632,0.05367960605863477,129,396,64,69,0.5,1.0,0.7112462006079028,0.7112462006079028,0.12310030395136778,0.2796610169491525,0.08888888888888889,468,468,118,540,33,48
soft,random_error_oracle,1,22,2,658,198,460,0.8711242863416777,0.7426425395710443,0.776595744680851,0.6868686868686869,0.8152173913043478,0.13696137949337997,0.06463519217345035,136,375,85,62,0.5,1.0,1.1443768996960486,1.1443768996960486,0.20820668693009117,0.4576271186440678,0.1537037037037037,753,753,118,540,54,83
soft,random_error_oracle,1,22,3,658,198,460,0.8828941589811156,0.7590200595839514,0.7857142857142857,0.7525252525252525,0.8,0.13380990379461702,0.08021090114346566,149,368,92,49,0.5,1.0,1.3632218844984803,1.3632218844984803,0.25379939209726443,0.6101694915254238,0.17592592592592593,897,897,118,540,72,95
soft,random_error_oracle,1,22,4,658,198,460,0.888350900307422,0.7566989623492847,0.7826747720364742,0.7575757575757576,0.7934782608695652,0.13141141347461968,0.08704803574523776,150,365,95,48,0.5,1.0,1.4437689969604863,1.4437689969604863,0.26595744680851063,0.635593220338983,0.18518518518518517,950,950,118,540,75,100
soft,random_error_oracle,1,22,5,658,198,460,0.8883728590250329,0.7538409938208697,0.7796352583586627,0.7575757575757576,0.7891304347826087,0.13156075823538993,0.0900573775899699,150,363,97,48,0.5,1.0,1.4635258358662615,1.4635258358662615,0.2689969604863222,0.635593220338983,0.18888888888888888,963,963,118,540,75,102
soft,random_error_oracle,1,22,6,658,198,460,0.8870772946859902,0.7538409938208697,0.7796352583586627,0.7575757575757576,0.7891304347826087,0.13230404408262497,0.08989135458020613,150,363,97,48,0.5,1.0,1.4680851063829787,1.4680851063829787,0.2689969604863222,0.635593220338983,0.18888888888888888,966,966,118,540,75,102
soft,random_error_oracle,1,22,7,658,198,460,0.886528326745718,0.7538409938208697,0.7796352583586627,0.7575757575757576,0.7891304347826087,0.13258977388471305,0.09029093052665495,150,363,97,48,0.5,1.0,1.4696048632218845,1.4696048632218845,0.2689969604863222,0.635593220338983,0.18888888888888888,967,967,118,540,75,102
soft,random_error_oracle,1,23,0,658,198,460,0.8635375494071147,0.772002772002772,0.8206686930091185,0.5959595959595959,0.9173913043478261,0.12792545989565157,0.02485381406775575,118,422,38,80,0.5,,0.0,0.0,0.0,0.0,0.0,0,0,118,540,0,0
soft,random_error_oracle,1,23,1,658,198,460,0.871135265700483,0.7690456292829684,0.8085106382978723,0.6565656565656566,0.8739130434782608,0.13008092768300172,0.059551612834838286,130,402,58,68,0.5,1.0,0.7112462006079028,0.7112462006079028,0.13677811550151975,0.3474576271186441,0.09074074074074075,468,468,118,540,41,49
soft,random_error_oracle,1,23,2,658,198,460,0.8862648221343874,0.7478397816158329,0.7781155015197568,0.7171717171717171,0.8043478260869565,0.13021751613836338,0.08668109634532829,142,370,90,56,0.5,1.0,1.1443768996960486,1.1443768996960486,0.20972644376899696,0.4661016949152542,0.1537037037037037,753,753,118,540,55,83
soft,random_error_oracle,1,23,3,658,198,460,0.8862099253403601,0.75329615063389,0.7796352583586627,0.7525252525252525,0.7913043478260869,0.13268205843357528,0.09347043821193488,149,364,96,49,0.5,1.0,1.3632218844984803,1.3632218844984803,0.2629179331306991,0.6186440677966102,0.18518518518518517,897,897,118,540,73,100
soft,random_error_oracle,1,23,4,658,198,460,0.8866271409749671,0.7538409938208697,0.7796352583586627,0.7575757575757576,0.7891304347826087,0.13257528685901673,0.09022868963975107,150,363,97,48,0.5,1.0,1.4437689969604863,1.4437689969604863,0.2689969604863222,0.635593220338983,0.18888888888888888,950,950,118,540,75,102
soft,random_error_oracle,1,23,5,658,198,460,0.8867698726394379,0.7538409938208697,0.7796352583586627,0.7575757575757576,0.7891304347826087,0.13251215351394866,0.09030939750607443,150,363,97,48,0.5,1.0,1.4635258358662615,1.4635258358662615,0.2689969604863222,0.635593220338983,0.18888888888888888,963,963,118,540,75,102
soft,random_error_oracle,1,23,6,658,198,460,0.8863855950812471,0.7538409938208697,0.7796352583586627,0.7575757575757576,0.7891304347826087,0.13269821801204643,0.09034770361418558,150,363,97,48,0.5,1.0,1.4680851063829787,1.4680851063829787,0.2689969604863222,0.635593220338983,0.18888888888888888,966,966,118,540,75,102
soft,random_error_oracle,1,23,7,658,198,460,0.886528326745718,0.7538409938208697,0.7796352583586627,0.7575757575757576,0.7891304347826087,0.13258977388471305,0.09029093052665495,150,363,97,48,0.5,1.0,1.4696048632218845,1.4696048632218845,0.2689969604863222,0.635593220338983,0.18888888888888888,967,967,118,540,75,102
soft,random_error_oracle,1,24,0,658,198,460,0.8635375494071147,0.772002772002772,0.8206686930091185,0.5959595959595959,0.9173913043478261,0.12792545989565157,0.02485381406775575,118,422,38,80,0.5,,0.0,0.0,0.0,0.0,0.0,0,0,118,540,0,0
soft,random_error_oracle,1,24,1,658,198,460,0.866897233201581,0.7580313817653972,0.7978723404255319,0.6515151515151515,0.8608695652173913,0.13309343717920266,0.05514797138515992,129,396,64,69,0.5,1.0,0.7112462006079028,0.7112462006079028,0.12613981762917933,0.288135593220339,0.09074074074074075,468,468,118,540,34,49
soft,random_error_oracle,1,24,2,658,198,460,0.8738691260430391,0.7307291666666667,0.7659574468085106,0.6717171717171717,0.8065217391304348,0.1356441871749215,0.07645606432650162,133,371,89,65,0.5,1.0,1.1443768996960486,1.1443768996960486,0.2188449848024316,0.4576271186440678,0.16666666666666666,753,753,118,540,54,90
soft,random_error_oracle,1,24,3,658,198,460,0.8824989020641194,0.7552690304983882,0.7811550151975684,0.7575757575757576,0.7913043478260869,0.13406947876507844,0.08985062550063,150,364,96,48,0.5,1.0,1.3632218844984803,1.3632218844984803,0.25835866261398177,0.6101694915254238,0.1814814814814815,897,897,118,540,72,98
soft,random_error_oracle,1,24,4,658,198,460,0.8876262626262625,0.7538409938208697,0.7796352583586627,0.7575757575757576,0.7891304347826087,0.13203311695114664,0.08999397065607095,150,363,97,48,0.5,1.0,1.4437689969604863,1.4437689969604863,0.2689969604863222,0.635593220338983,0.18888888888888888,950,950,118,540,75,102
soft,random_error_oracle,1,24,5,658,198,460,0.8878238910847607,0.7538409938208697,0.7796352583586627,0.7575757575757576,0.7891304347826087,0.13184245703946254,0.08988968854754983,150,363,97,48,0.5,1.0,1.4635258358662615,1.4635258358662615,0.2689969604863222,0.635593220338983,0.18888888888888888,963,963,118,540,75,102
soft,random_error_oracle,1,24,6,658,198,460,0.8870663153271849,0.7538409938208697,0.7796352583586627,0.7575757575757576,0.7891304347826087,0.13231563272604865,0.08989831691980435,150,363,97,48,0.5,1.0,1.4680851063829787,1.4680851063829787,0.2689969604863222,0.635593220338983,0.18888888888888888,966,966,118,540,75,102
soft,random_error_oracle,1,24,7,658,198,460,0.886528326745718,0.7538409938208697,0.7796352583586627,0.7575757575757576,0.7891304347826087,0.13258977388471305,0.09029093052665495,150,363,97,48,0.5,1.0,1.4696048632218845,1.4696048632218845,0.2689969604863222,0.635593220338983,0.18888888888888888,967,967,118,540,75,102
soft,random_error_oracle,1,25,0,658,198,460,0.8635375494071147,0.772002772002772,0.8206686930091185,0.5959595959595959,0.9173913043478261,0.12792545989565157,0.02485381406775575,118,422,38,80,0.5,,0.0,0.0,0.0,0.0,0.0,0,0,118,540,0,0
soft,random_error_oracle,1,25,1,658,198,460,0.8803140096618357,0.7813590297391593,0.817629179331307,0.6818181818181818,0.8760869565217392,0.12628887430087848,0.06188914134114078,135,403,57,63,0.5,1.0,0.7112462006079028,0.7112462006079028,0.12158054711246201,0.3305084745762712,0.07592592592592592,468,468,118,540,39,41
soft,random_error_oracle,1,25,2,658,198,460,0.8839920948616601,0.7486584668719689,0.7796352583586627,0.7121212121212122,0.808695652173913,0.13102430674251447,0.0827714587175493,141,372,88,57,0.5,1.0,1.1443768996960486,1.1443768996960486,0.21428571428571427,0.4830508474576271,0.15555555555555556,753,753,118,540,57,84
soft,random_error_oracle,1,25,3,658,198,460,0.8881862099253404,0.7593445980542755,0.7872340425531915,0.7424242424242424,0.8065217391304348,0.13016171281171046,0.08448359711518562,147,371,89,51,0.5,1.0,1.3632218844984803,1.3632218844984803,0.25227963525835867,0.6101694915254238,0.17407407407407408,897,897,118,540,72,94
soft,random_error_oracle,1,25,4,658,198,460,0.8907444005270092,0.7586680717414662,0.78419452887538,0.7626262626262627,0.7934782608695652,0.1299616226485405,0.08683444335754072,151,365,95,47,0.5,1.0,1.4437689969604863,1.4437689969604863,0.26443768996960487,0.635593220338983,0.18333333333333332,950,950,118,540,75,99
soft,random_error_oracle,1,25,5,658,198,460,0.8874505928853755,0.7538409938208697,0.7796352583586627,0.7575757575757576,0.7891304347826087,0.13211002714341424,0.09041693512056327,150,363,97,48,0.5,1.0,1.4635258358662615,1.4635258358662615,0.2689969604863222,0.635593220338983,0.18888888888888888,963,963,118,540,75,102
soft,random_error_oracle,1,25,6,658,198,460,0.8865393061045235,0.7538409938208697,0.7796352583586627,0.7575757575757576,0.7891304347826087,0.13257179033593056,0.09028129529181703,150,363,97,48,0.5,1.0,1.4680851063829787,1.4680851063829787,0.2689969604863222,0.635593220338983,0.18888888888888888,966,966,118,540,75,102
soft,random_error_oracle,1,25,7,658,198,460,0.886528326745718,0.7538409938208697,0.7796352583586627,0.7575757575757576,0.7891304347826087,0.13258977388471305,0.09029093052665495,150,363,97,48,0.5,1.0,1.4696048632218845,1.4696048632218845,0.2689969604863222,0.635593220338983,0.18888888888888888,967,967,118,540,75,102
soft,random_error_oracle,1,26,0,658,198,460,0.8635375494071147,0.772002772002772,0.8206686930091185,0.5959595959595959,0.9173913043478261,0.12792545989565157,0.02485381406775575,118,422,38,80,0.5,,0.0,0.0,0.0,0.0,0.0,0,0,118,540,0,0
soft,random_error_oracle,1,26,1,658,198,460,0.8810935441370223,0.7768808978356339,0.8130699088145896,0.6818181818181818,0.8695652173913043,0.1251047563176136,0.05600319743659176,135,400,60,63,0.5,1.0,0.7112462006079028,0.7112462006079028,0.13829787234042554,0.3644067796610169,0.08888888888888889,468,468,118,540,43,48
soft,random_error_oracle,1,26,2,658,198,460,0.8808080808080808,0.7417249073374025,0.7735562310030395,0.702020202020202,0.8043478260869565,0.13267265597527636,0.08549986951613206,139,370,90,59,0.5,1.0,1.1443768996960486,1.1443768996960486,0.22036474164133737,0.4830508474576271,0.16296296296296298,753,753,118,540,57,88
soft,random_error_oracle,1,26,3,658,198,460,0.8884167764602547,0.753044203502919,0.7811550151975684,0.7373737373737373,0.8,0.13044069540996409,0.09217937792965228,146,368,92,52,0.5,1.0,1.3632218844984803,1.3632218844984803,0.2553191489361702,0.6016949152542372,0.17962962962962964,897,897,118,540,71,97
soft,random_error_oracle,1,26,4,658,198,460,0.8892072902942467,0.7566989623492847,0.7826747720364742,0.7575757575757576,0.7934782608695652,0.13081905526323184,0.08722299497534752,150,365,95,48,0.5,1.0,1.4437689969604863,1.4437689969604863,0.26595744680851063,0.635593220338983,0.18518518518518517,950,950,118,540,75,100
soft,random_error_oracle,1,26,5,658,198,460,0.8873188405797101,0.7538409938208697,0.7796352583586627,0.7575757575757576,0.7891304347826087,0.1321623046650201,0.0898811978390939,150,363,97,48,0.5,1.0,1.4635258358662615,1.4635258358662615,0.2689969604863222,0.635593220338983,0.18888888888888888,963,963,118,540,75,102
soft,random_error_oracle,1,26,6,658,198,460,0.8865063680281071,0.7538409938208697,0.7796352583586627,0.7575757575757576,0.7891304347826087,0.1326078385059408,0.09030054396180683,150,363,97,48,0.5,1.0,1.4680851063829787,1.4680851063829787,0.2689969604863222,0.635593220338983,0.18888888888888888,966,966,118,540,75,102
soft,random_error_oracle,1,26,7,658,198,460,0.886528326745718,0.7538409938208697,0.7796352583586627,0.7575757575757576,0.7891304347826087,0.13258977388471305,0.09029093052665495,150,363,97,48,0.5,1.0,1.4696048632218845,1.4696048632218845,0.2689969604863222,0.635593220338983,0.18888888888888888,967,967,118,540,75,102
soft,random_error_oracle,1,27,0,658,198,460,0.8635375494071147,0.772002772002772,0.8206686930091185,0.5959595959595959,0.9173913043478261,0.12792545989565157,0.02485381406775575,118,422,38,80,0.5,,0.0,0.0,0.0,0.0,0.0,0,0,118,540,0,0
soft,random_error_oracle,1,27,1,658,198,460,0.881499780412824,0.7624608564976115,0.8039513677811551,0.6414141414141414,0.8739130434782608,0.12498455798450395,0.06311544874813098,127,402,58,71,0.5,1.0,0.7112462006079028,0.7112462006079028,0.11398176291793313,0.2711864406779661,0.07962962962962963,468,468,118,540,32,43
soft,random_error_oracle,1,27,2,658,198,460,0.8884277558190602,0.7482142857142857,0.7811550151975684,0.696969696969697,0.8173913043478261,0.12842247036883642,0.09678487171310904,138,376,84,60,0.5,1.0,1.1443768996960486,1.1443768996960486,0.2127659574468085,0.4830508474576271,0.1537037037037037,753,753,118,540,57,83
soft,random_error_oracle,1,27,3,658,198,460,0.8864844093104963,0.7575861353258613,0.78419452887538,0.7525252525252525,0.7978260869565217,0.1323047298242428,0.08683511352161072,149,367,93,49,0.5,1.0,1.3632218844984803,1.3632218844984803,0.25227963525835867,0.6016949152542372,0.17592592592592593,897,897,118,540,71,95
soft,random_error_oracle,1,27,4,658,198,460,0.8898440931049626,0.7615374260952401,0.7872340425531915,0.7626262626262627,0.7978260869565217,0.13023786579850805,0.08480415234315489,151,367,93,47,0.5,1.0,1.4437689969604863,1.4437689969604863,0.2613981762917933,0.635593220338983,0.17962962962962964,950,950,118,540,75,97
soft,random_error_oracle,1,27,5,658,198,460,0.8883069828722003,0.7538409938208697,0.7796352583586627,0.7575757575757576,0.7891304347826087,0.13163675128953206,0.09012550578509693,150,363,97,48,0.5,1.0,1.4635258358662615,1.4635258358662615,0.2689969604863222,0.635593220338983,0.18888888888888888,963,963,118,540,75,102
soft,random_error_oracle,1,27,6,658,198,460,0.8867808519982433,0.7538409938208697,0.7796352583586627,0.7575757575757576,0.7891304347826087,0.132435131912625,0.08996799949141948,150,363,97,48,0.5,1.0,1.4680851063829787,1.4680851063829787,0.2689969604863222,0.635593220338983,0.18888888888888888,966,966,118,540,75,102
soft,random_error_oracle,1,27,7,658,198,460,0.886528326745718,0.7538409938208697,0.7796352583586627,0.7575757575757576,0.7891304347826087,0.13258977388471305,0.09029093052665495,150,363,97,48,0.5,1.0,1.4696048632218845,1.4696048632218845,0.2689969604863222,0.635593220338983,0.18888888888888888,967,967,118,540,75,102
soft,random_error_oracle,1,28,0,658,198,460,0.8635375494071147,0.772002772002772,0.8206686930091185,0.5959595959595959,0.9173913043478261,0.12792545989565157,0.02485381406775575,118,422,38,80,0.5,,0.0,0.0,0.0,0.0,0.0,0,0,118,540,0,0
soft,random_error_oracle,1,28,1,658,198,460,0.8734519104084322,0.7573095493562232,0.7993920972644377,0.6363636363636364,0.8695652173913043,0.12761107976589708,0.06225751919169221,126,400,60,72,0.5,1.0,0.7112462006079028,0.7112462006079028,0.1276595744680851,0.2966101694915254,0.09074074074074075,468,468,118,540,35,49
soft,random_error_oracle,1,28,2,658,198,460,0.8820816864295125,0.7537706179752917,0.7857142857142857,0.7070707070707071,0.8195652173913044,0.1306812038733942,0.07058568010174307,140,377,83,58,0.5,1.0,1.1443768996960486,1.1443768996960486,0.22340425531914893,0.5254237288135594,0.1574074074074074,753,753,118,540,62,85
soft,random_error_oracle,1,28,3,658,198,460,0.8873298199385157,0.761000415110004,0.7872340425531915,0.7575757575757576,0.8,0.131170100339002,0.08819507522310542,150,368,92,48,0.5,1.0,1.3632218844984803,1.3632218844984803,0.24924012158054712,0.6016949152542372,0.17222222222222222,897,897,118,540,71,93
soft,random_error_oracle,1,28,4,658,198,460,0.8869016249451032,0.7558064017318695,0.7811550151975684,0.7626262626262627,0.7891304347826087,0.13247347679730376,0.08848626632025869,151,363,97,47,0.5,1.0,1.4437689969604863,1.4437689969604863,0.2674772036474164,0.635593220338983,0.18703703703703703,950,950,118,540,75,101
soft,random_error_oracle,1,28,5,658,198,460,0.8873956960913483,0.7538409938208697,0.7796352583586627,0.7575757575757576,0.7891304347826087,0.13213594923568833,0.08986127591048397,150,363,97,48,0.5,1.0,1.4635258358662615,1.4635258358662615,0.2689969604863222,0.635593220338983,0.18888888888888888,963,963,118,540,75,102
soft,random_error_oracle,1,28,6,658,198,460,0.8865393061045235,0.7538409938208697,0.7796352583586627,0.7575757575757576,0.7891304347826087,0.13257179033593056,0.09028129529181703,150,363,97,48,0.5,1.0,1.4680851063829787,1.4680851063829787,0.2689969604863222,0.635593220338983,0.18888888888888888,966,966,118,540,75,102
soft,random_error_oracle,1,28,7,658,198,460,0.886528326745718,0.7538409938208697,0.7796352583586627,0.7575757575757576,0.7891304347826087,0.13258977388471305,0.09029093052665495,150,363,97,48,0.5,1.0,1.4696048632218845,1.4696048632218845,0.2689969604863222,0.635593220338983,0.18888888888888888,967,967,118,540,75,102
soft,random_error_oracle,1,29,0,658,198,460,0.8635375494071147,0.772002772002772,0.8206686930091185,0.5959595959595959,0.9173913043478261,0.12792545989565157,0.02485381406775575,118,422,38,80,0.5,,0.0,0.0,0.0,0.0,0.0,0,0,118,540,0,0
soft,random_error_oracle,1,29,1,658,198,460,0.864580588493632,0.7638373531230674,0.8024316109422492,0.6616161616161617,0.8630434782608696,0.13289017321344807,0.06161243930119238,131,397,63,67,0.5,1.0,0.7112462006079028,0.7112462006079028,0.13069908814589665,0.3135593220338983,0.09074074074074075,468,468,118,540,37,49
soft,random_error_oracle,1,29,2,658,198,460,0.8765590689503733,0.738890947459155,0.770516717325228,0.702020202020202,0.8,0.1350626381487223,0.07609102861260816,139,368,92,59,0.5,1.0,1.1443768996960486,1.1443768996960486,0.22644376899696048,0.4915254237288136,0.1685185185185185,753,753,118,540,58,91
soft,random_error_oracle,1,29,3,658,198,460,0.8811045234958279,0.7561541950113378,0.7826747720364742,0.7525252525252525,0.7956521739130434,0.13458643497622175,0.08443645717660861,149,366,94,49,0.5,1.0,1.3632218844984803,1.3632218844984803,0.25987841945288753,0.6186440677966102,0.1814814814814815,897,897,118,540,73,98
soft,random_error_oracle,1,29,4,658,198,460,0.8867039964866051,0.7558064017318695,0.7811550151975684,0.7626262626262627,0.7891304347826087,0.1325758410541799,0.0886916381157808,151,363,97,47,0.5,1.0,1.4437689969604863,1.4437689969604863,0.2674772036474164,0.635593220338983,0.18703703703703703,950,950,118,540,75,101
soft,random_error_oracle,1,29,5,658,198,460,0.8879336846728151,0.7538409938208697,0.7796352583586627,0.7575757575757576,0.7891304347826087,0.13178082570807423,0.08984165672631411,150,363,97,48,0.5,1.0,1.4635258358662615,1.4635258358662615,0.2689969604863222,0.635593220338983,0.18888888888888888,963,963,118,540,75,102
soft,random_error_oracle,1,29,6,658,198,460,0.8870772946859902,0.7538409938208697,0.7796352583586627,0.7575757575757576,0.7891304347826087,0.13230404408262497,0.08989135458020613,150,363,97,48,0.5,1.0,1.4680851063829787,1.4680851063829787,0.2689969604863222,0.635593220338983,0.18888888888888888,966,966,118,540,75,102
soft,random_error_oracle,1,29,7,658,198,460,0.886528326745718,0.7538409938208697,0.7796352583586627,0.7575757575757576,0.7891304347826087,0.13258977388471305,0.09029093052665495,150,363,97,48,0.5,1.0,1.4696048632218845,1.4696048632218845,0.2689969604863222,0.635593220338983,0.18888888888888888,967,967,118,540,75,102
soft,random_error_oracle,1,30,0,658,198,460,0.8635375494071147,0.772002772002772,0.8206686930091185,0.5959595959595959,0.9173913043478261,0.12792545989565157,0.02485381406775575,118,422,38,80,0.5,,0.0,0.0,0.0,0.0,0.0,0,0,118,540,0,0
soft,random_error_oracle,1,30,1,658,198,460,0.8704216073781291,0.7426010371959942,0.7872340425531915,0.6161616161616161,0.8608695652173913,0.13109476607479886,0.0525900520449931,122,396,64,76,0.5,1.0,0.7112462006079028,0.7112462006079028,0.11854103343465046,0.23728813559322035,0.09259259259259259,468,468,118,540,28,50
soft,random_error_oracle,1,30,2,658,198,460,0.8770092226613966,0.7410919654056909,0.7735562310030395,0.696969696969697,0.8065217391304348,0.13401916723542603,0.07247553954356543,138,371,89,60,0.5,1.0,1.1443768996960486,1.1443768996960486,0.22036474164133737,0.4830508474576271,0.16296296296296298,753,753,118,540,57,88
soft,random_error_oracle,1,30,3,658,198,460,0.8849363197189285,0.753044203502919,0.7811550151975684,0.7373737373737373,0.8,0.13284664998626466,0.09235327705264942,146,368,92,52,0.5,1.0,1.3632218844984803,1.3632218844984803,0.25835866261398177,0.6101694915254238,0.1814814814814815,897,897,118,540,72,98
soft,random_error_oracle,1,30,4,658,198,460,0.8872859025032938,0.7572362904578231,0.7826747720364742,0.7626262626262627,0.7913043478260869,0.13212036642285452,0.08813353403593863,151,364,96,47,0.5,1.0,1.4437689969604863,1.4437689969604863,0.26595744680851063,0.635593220338983,0.18518518518518517,950,950,118,540,75,100
soft,random_error_oracle,1,30,5,658,198,460,0.8873517786561264,0.7538409938208697,0.7796352583586627,0.7575757575757576,0.7891304347826087,0.13219893184710144,0.09236215134879151,150,363,97,48,0.5,1.0,1.4635258358662615,1.4635258358662615,0.2689969604863222,0.635593220338983,0.18888888888888888,963,963,118,540,75,102
soft,random_error_oracle,1,30,6,658,198,460,0.8863855950812471,0.7538409938208697,0.7796352583586627,0.7575757575757576,0.7891304347826087,0.13269821801204643,0.09034770361418558,150,363,97,48,0.5,1.0,1.4680851063829787,1.4680851063829787,0.2689969604863222,0.635593220338983,0.18888888888888888,966,966,118,540,75,102
soft,random_error_oracle,1,30,7,658,198,460,0.886528326745718,0.7538409938208697,0.7796352583586627,0.7575757575757576,0.7891304347826087,0.13258977388471305,0.09029093052665495,150,363,97,48,0.5,1.0,1.4696048632218845,1.4696048632218845,0.2689969604863222,0.635593220338983,0.18888888888888888,967,967,118,540,75,102
soft,random_error_oracle,1,31,0,658,198,460,0.8635375494071147,0.772002772002772,0.8206686930091185,0.5959595959595959,0.9173913043478261,0.12792545989565157,0.02485381406775575,118,422,38,80,0.5,,0.0,0.0,0.0,0.0,0.0,0,0,118,540,0,0
soft,random_error_oracle,1,31,1,658,198,460,0.8808300395256916,0.7689472592797401,0.8069908814589666,0.6666666666666666,0.8673913043478261,0.12433011928540974,0.0647956285999244,132,399,61,66,0.5,1.0,0.7112462006079028,0.7112462006079028,0.1413373860182371,0.3559322033898305,0.09444444444444444,468,468,118,540,42,51
soft,random_error_oracle,1,31,2,658,198,460,0.8797211242863416,0.739216127339139,0.7750759878419453,0.6717171717171717,0.8195652173913044,0.1318199747393372,0.0819456096777043,133,377,83,65,0.5,1.0,1.1443768996960486,1.1443768996960486,0.21580547112462006,0.4745762711864407,0.15925925925925927,753,753,118,540,56,86
soft,random_error_oracle,1,31,3,658,198,460,0.8871651295564339,0.7595646258503401,0.7857142857142857,0.7575757575757576,0.7978260869565217,0.13103476163112623,0.0865140925132456,150,367,93,48,0.5,1.0,1.3632218844984803,1.3632218844984803,0.2507598784194529,0.6016949152542372,0.17407407407407408,897,897,118,540,71,94
soft,random_error_oracle,1,31,4,658,198,460,0.8918313570487483,0.7601017740646793,0.7857142857142857,0.7626262626262627,0.7956521739130434,0.12932673992330931,0.08753966429758658,151,366,94,47,0.5,1.0,1.4437689969604863,1.4437689969604863,0.2629179331306991,0.635593220338983,0.1814814814814815,950,950,118,540,75,98
soft,random_error_oracle,1,31,5,658,198,460,0.887143170838823,0.7538409938208697,0.7796352583586627,0.7575757575757576,0.7891304347826087,0.1322336872344987,0.08992086592181986,150,363,97,48,0.5,1.0,1.4635258358662615,1.4635258358662615,0.2689969604863222,0.635593220338983,0.18888888888888888,963,963,118,540,75,102
soft,random_error_oracle,1,31,6,658,198,460,0.8870772946859902,0.7538409938208697,0.7796352583586627,0.7575757575757576,0.7891304347826087,0.13230404408262497,0.08989135458020613,150,363,97,48,0.5,1.0,1.4680851063829787,1.4680851063829787,0.2689969604863222,0.635593220338983,0.18888888888888888,966,966,118,540,75,102
soft,random_error_oracle,1,31,7,658,198,460,0.886528326745718,0.7538409938208697,0.7796352583586627,0.7575757575757576,0.7891304347826087,0.13258977388471305,0.09029093052665495,150,363,97,48,0.5,1.0,1.4696048632218845,1.4696048632218845,0.2689969604863222,0.635593220338983,0.18888888888888888,967,967,118,540,75,102
soft,random_error_oracle,1,32,0,658,198,460,0.8635375494071147,0.772002772002772,0.8206686930091185,0.5959595959595959,0.9173913043478261,0.12792545989565157,0.02485381406775575,118,422,38,80,0.5,,0.0,0.0,0.0,0.0,0.0,0,0,118,540,0,0
soft,random_error_oracle,1,32,1,658,198,460,0.8702239789196311,0.7617137444983008,0.8024316109422492,0.6464646464646465,0.8695652173913043,0.13020543490706202,0.05035769600550891,128,400,60,70,0.5,1.0,0.7112462006079028,0.7112462006079028,0.11854103343465046,0.2796610169491525,0.08333333333333333,468,468,118,540,33,45
soft,random_error_oracle,1,32,2,658,198,460,0.8832125603864733,0.7492661415998507,0.7796352583586627,0.7171717171717171,0.8065217391304348,0.13130461184392211,0.07955465411287212,142,371,89,56,0.5,1.0,1.1443768996960486,1.1443768996960486,0.21732522796352582,0.4915254237288136,0.1574074074074074,753,753,118,540,58,85
soft,random_error_oracle,1,32,3,658,198,460,0.8855292050944225,0.7501898253606682,0.7781155015197568,0.7373737373737373,0.7956521739130434,0.13260582776088603,0.09397970370141294,146,366,94,52,0.5,1.0,1.3632218844984803,1.3632218844984803,0.24924012158054712,0.576271186440678,0.17777777777777778,897,897,118,540,68,96
soft,random_error_oracle,1,32,4,658,198,460,0.8877909530083443,0.7552690304983882,0.7811550151975684,0.7575757575757576,0.7913043478260869,0.1317111283443533,0.09129896931518326,150,364,96,48,0.5,1.0,1.4437689969604863,1.4437689969604863,0.2674772036474164,0.635593220338983,0.18703703703703703,950,950,118,540,75,101
soft,random_error_oracle,1,32,5,658,198,460,0.8876592007026789,0.7538409938208697,0.7796352583586627,0.7575757575757576,0.7891304347826087,0.13200009255650774,0.09203111008540346,150,363,97,48,0.5,1.0,1.4635258358662615,1.4635258358662615,0.2689969604863222,0.635593220338983,0.18888888888888888,963,963,118,540,75,102
soft,random_error_oracle,1,32,6,658,198,460,0.8867808519982433,0.7538409938208697,0.7796352583586627,0.7575757575757576,0.7891304347826087,0.132435131912625,0.08996799949141948,150,363,97,48,0.5,1.0,1.4680851063829787,1.4680851063829787,0.2689969604863222,0.635593220338983,0.18888888888888888,966,966,118,540,75,102
soft,random_error_oracle,1,32,7,658,198,460,0.886528326745718,0.7538409938208697,0.7796352583586627,0.7575757575757576,0.7891304347826087,0.13258977388471305,0.09029093052665495,150,363,97,48,0.5,1.0,1.4696048632218845,1.4696048632218845,0.2689969604863222,0.635593220338983,0.18888888888888888,967,967,118,540,75,102
soft,random_error_oracle,1,33,0,658,198,460,0.8635375494071147,0.772002772002772,0.8206686930091185,0.5959595959595959,0.9173913043478261,0.12792545989565157,0.02485381406775575,118,422,38,80,0.5,,0.0,0.0,0.0,0.0,0.0,0,0,118,540,0,0
soft,random_error_oracle,1,33,1,658,198,460,0.8767786561264822,0.764610943336578,0.8039513677811551,0.6565656565656566,0.8673913043478261,0.1283706261642453,0.05332350950132319,130,399,61,68,0.5,1.0,0.7112462006079028,0.7112462006079028,0.14437689969604864,0.3559322033898305,0.09814814814814815,468,468,118,540,42,53
soft,random_error_oracle,1,33,2,658,198,460,0.8722880983750549,0.7363075412359505,0.770516717325228,0.6818181818181818,0.808695652173913,0.13630215021421446,0.07426118008463335,135,372,88,63,0.5,1.0,1.1443768996960486,1.1443768996960486,0.21732522796352582,0.4661016949152542,0.16296296296296298,753,753,118,540,55,88
soft,random_error_oracle,1,33,3,658,198,460,0.8861550285463329,0.7579083330071628,0.7857142857142857,0.7424242424242424,0.8043478260869565,0.1314983504297442,0.08463332221455375,147,370,90,51,0.5,1.0,1.3632218844984803,1.3632218844984803,0.2507598784194529,0.6016949152542372,0.17407407407407408,897,897,118,540,71,94
soft,random_error_oracle,1,33,4,658,198,460,0.8909090909090909,0.7591979794855935,0.78419452887538,0.7676767676767676,0.7913043478260869,0.13013733057316984,0.08804946812516927,152,364,96,46,0.5,1.0,1.4437689969604863,1.4437689969604863,0.26443768996960487,0.635593220338983,0.18333333333333332,950,950,118,540,75,99
soft,random_error_oracle,1,33,5,658,198,460,0.8883179622310057,0.7538409938208697,0.7796352583586627,0.7575757575757576,0.7891304347826087,0.13162140795880922,0.09181510701958893,150,363,97,48,0.5,1.0,1.4635258358662615,1.4635258358662615,0.2689969604863222,0.635593220338983,0.18888888888888888,963,963,118,540,75,102
soft,random_error_oracle,1,33,6,658,198,460,0.8865393061045235,0.7538409938208697,0.7796352583586627,0.7575757575757576,0.7891304347826087,0.13257179033593056,0.09028129529181703,150,363,97,48,0.5,1.0,1.4680851063829787,1.4680851063829787,0.2689969604863222,0.635593220338983,0.18888888888888888,966,966,118,540,75,102
soft,random_error_oracle,1,33,7,658,198,460,0.886528326745718,0.7538409938208697,0.7796352583586627,0.7575757575757576,0.7891304347826087,0.13258977388471305,0.09029093052665495,150,363,97,48,0.5,1.0,1.4696048632218845,1.4696048632218845,0.2689969604863222,0.635593220338983,0.18888888888888888,967,967,118,540,75,102
soft,random_error_oracle,1,34,0,658,198,460,0.8635375494071147,0.772002772002772,0.8206686930091185,0.5959595959595959,0.9173913043478261,0.12792545989565157,0.02485381406775575,118,422,38,80,0.5,,0.0,0.0,0.0,0.0,0.0,0,0,118,540,0,0
soft,random_error_oracle,1,34,1,658,198,460,0.8716622749231445,0.7514852276705841,0.7917933130699089,0.6464646464646465,0.8543478260869565,0.13160297594262893,0.05530154789804405,128,393,67,70,0.5,1.0,0.7112462006079028,0.7112462006079028,0.12310030395136778,0.2627118644067797,0.09259259259259259,468,468,118,540,31,50
soft,random_error_oracle,1,34,2,658,198,460,0.8872200263504612,0.760500079126444,0.790273556231003,0.7272727272727273,0.8173913043478261,0.1287690928701876,0.07897246657059159,144,376,84,54,0.5,1.0,1.1443768996960486,1.1443768996960486,0.22188449848024316,0.5338983050847458,0.1537037037037037,753,753,118,540,63,83
soft,random_error_oracle,1,34,3,658,198,460,0.8869784804567414,0.7547242096979612,0.7811550151975684,0.7525252525252525,0.7934782608695652,0.13234124223784482,0.08926786453582654,149,365,95,49,0.5,1.0,1.3632218844984803,1.3632218844984803,0.25835866261398177,0.6101694915254238,0.1814814814814815,897,897,118,540,72,98
soft,random_error_oracle,1,34,4,658,198,460,0.8872090469916556,0.7538409938208697,0.7796352583586627,0.7575757575757576,0.7891304347826087,0.1322239095510835,0.0920983991121287,150,363,97,48,0.5,1.0,1.4437689969604863,1.4437689969604863,0.2689969604863222,0.635593220338983,0.18888888888888888,950,950,118,540,75,102
soft,random_error_oracle,1,34,5,658,198,460,0.8865063680281072,0.7538409938208697,0.7796352583586627,0.7575757575757576,0.7891304347826087,0.1326416135680672,0.09037006978562367,150,363,97,48,0.5,1.0,1.4635258358662615,1.4635258358662615,0.2689969604863222,0.635593220338983,0.18888888888888888,963,963,118,540,75,102
soft,random_error_oracle,1,34,6,658,198,460,0.8865063680281071,0.7538409938208697,0.7796352583586627,0.7575757575757576,0.7891304347826087,0.1326078385059408,0.09030054396180683,150,363,97,48,0.5,1.0,1.4680851063829787,1.4680851063829787,0.2689969604863222,0.635593220338983,0.18888888888888888,966,966,118,540,75,102
soft,random_error_oracle,1,34,7,658,198,460,0.886528326745718,0.7538409938208697,0.7796352583586627,0.7575757575757576,0.7891304347826087,0.13258977388471305,0.09029093052665495,150,363,97,48,0.5,1.0,1.4696048632218845,1.4696048632218845,0.2689969604863222,0.635593220338983,0.18888888888888888,967,967,118,540,75,102
soft,random_error_oracle,1,35,0,658,198,460,0.8635375494071147,0.772002772002772,0.8206686930091185,0.5959595959595959,0.9173913043478261,0.12792545989565157,0.02485381406775575,118,422,38,80,0.5,,0.0,0.0,0.0,0.0,0.0,0,0,118,540,0,0
soft,random_error_oracle,1,35,1,658,198,460,0.881576635924462,0.7832674571805007,0.817629179331307,0.696969696969697,0.8695652173913043,0.12506662685061964,0.061583506683874495,138,400,60,60,0.5,1.0,0.7112462006079028,0.7112462006079028,0.14285714285714285,0.3898305084745763,0.08888888888888889,468,468,118,540,46,48
soft,random_error_oracle,1,35,2,658,198,460,0.875911286780852,0.7376166897735525,0.770516717325228,0.6919191919191919,0.8043478260869565,0.1345586059280044,0.08461629094933593,137,370,90,61,0.5,1.0,1.1443768996960486,1.1443768996960486,0.22644376899696048,0.4915254237288136,0.1685185185185185,753,753,118,540,58,91
soft,random_error_oracle,1,35,3,658,198,460,0.8877250768555116,0.7595646258503401,0.7857142857142857,0.7575757575757576,0.7978260869565217,0.13117527674582552,0.09208394050583706,150,367,93,48,0.5,1.0,1.3632218844984803,1.3632218844984803,0.2507598784194529,0.6016949152542372,0.17407407407407408,897,897,118,540,71,94
soft,random_error_oracle,1,35,4,658,198,460,0.8882081686429513,0.7591979794855935,0.78419452887538,0.7676767676767676,0.7913043478260869,0.131639483723889,0.08855649494624859,152,364,96,46,0.5,1.0,1.4437689969604863,1.4437689969604863,0.26443768996960487,0.635593220338983,0.18333333333333332,950,950,118,540,75,99
soft,random_error_oracle,1,35,5,658,198,460,0.887856829161177,0.7538409938208697,0.7796352583586627,0.7575757575757576,0.7891304347826087,0.13191251600701748,0.0919772498400655,150,363,97,48,0.5,1.0,1.4635258358662615,1.4635258358662615,0.2689969604863222,0.635593220338983,0.18888888888888888,963,963,118,540,75,102
soft,random_error_oracle,1,35,6,658,198,460,0.8865393061045235,0.7538409938208697,0.7796352583586627,0.7575757575757576,0.7891304347826087,0.13257179033593056,0.09028129529181703,150,363,97,48,0.5,1.0,1.4680851063829787,1.4680851063829787,0.2689969604863222,0.635593220338983,0.18888888888888888,966,966,118,540,75,102
soft,random_error_oracle,1,35,7,658,198,460,0.886528326745718,0.7538409938208697,0.7796352583586627,0.7575757575757576,0.7891304347826087,0.13258977388471305,0.09029093052665495,150,363,97,48,0.5,1.0,1.4696048632218845,1.4696048632218845,0.2689969604863222,0.635593220338983,0.18888888888888888,967,967,118,540,75,102
soft,random_error_oracle,1,36,0,658,198,460,0.8635375494071147,0.772002772002772,0.8206686930091185,0.5959595959595959,0.9173913043478261,0.12792545989565157,0.02485381406775575,118,422,38,80,0.5,,0.0,0.0,0.0,0.0,0.0,0,0,118,540,0,0
soft,random_error_oracle,1,36,1,658,198,460,0.8783487044356609,0.7724308300395257,0.8085106382978723,0.6818181818181818,0.8630434782608696,0.12821789511527945,0.04883658940226893,135,397,63,63,0.5,1.0,0.7112462006079028,0.7112462006079028,0.14285714285714285,0.3644067796610169,0.09444444444444444,468,468,118,540,43,51
soft,random_error_oracle,1,36,2,658,198,460,0.8732652613087396,0.7350929733015068,0.7644376899696048,0.7171717171717171,0.7847826086956522,0.13766273504379103,0.08377284048502914,142,361,99,56,0.5,1.0,1.1443768996960486,1.1443768996960486,0.23860182370820668,0.5084745762711864,0.17962962962962964,753,753,118,540,60,97
soft,random_error_oracle,1,36,3,658,198,460,0.8831686429512516,0.7556019044007449,0.7826747720364742,0.7474747474747475,0.7978260869565217,0.13352484991351835,0.08720330218626555,148,367,93,50,0.5,1.0,1.3632218844984803,1.3632218844984803,0.256838905775076,0.6101694915254238,0.17962962962962964,897,897,118,540,72,97
soft,random_error_oracle,1,36,4,658,198,460,0.8871651295564339,0.7538409938208697,0.7796352583586627,0.7575757575757576,0.7891304347826087,0.13220644657523478,0.09002810156905638,150,363,97,48,0.5,1.0,1.4437689969604863,1.4437689969604863,0.2689969604863222,0.635593220338983,0.18888888888888888,950,950,118,540,75,102
soft,random_error_oracle,1,36,5,658,198,460,0.8880873956960913,0.7538409938208697,0.7796352583586627,0.7575757575757576,0.7891304347826087,0.13169856056149623,0.08959339214080222,150,363,97,48,0.5,1.0,1.4635258358662615,1.4635258358662615,0.2689969604863222,0.635593220338983,0.18888888888888888,963,963,118,540,75,102
soft,random_error_oracle,1,36,6,658,198,460,0.8870772946859902,0.7538409938208697,0.7796352583586627,0.7575757575757576,0.7891304347826087,0.13230404408262497,0.08989135458020613,150,363,97,48,0.5,1.0,1.4680851063829787,1.4680851063829787,0.2689969604863222,0.635593220338983,0.18888888888888888,966,966,118,540,75,102
soft,random_error_oracle,1,36,7,658,198,460,0.886528326745718,0.7538409938208697,0.7796352583586627,0.7575757575757576,0.7891304347826087,0.13258977388471305,0.09029093052665495,150,363,97,48,0.5,1.0,1.4696048632218845,1.4696048632218845,0.2689969604863222,0.635593220338983,0.18888888888888888,967,967,118,540,75,102
soft,random_error_oracle,1,37,0,658,198,460,0.8635375494071147,0.772002772002772,0.8206686930091185,0.5959595959595959,0.9173913043478261,0.12792545989565157,0.02485381406775575,118,422,38,80,0.5,,0.0,0.0,0.0,0.0,0.0,0,0,118,540,0,0
soft,random_error_oracle,1,37,1,658,198,460,0.862659200702679,0.7536626151196746,0.7948328267477204,0.6414141414141414,0.8608695652173913,0.13483953475255195,0.05621124925424556,127,396,64,71,0.5,1.0,0.7112462006079028,0.7112462006079028,0.12310030395136778,0.2711864406779661,0.09074074074074075,468,468,118,540,32,49
soft,random_error_oracle,1,37,2,658,198,460,0.8836627140974967,0.7470150834730436,0.776595744680851,0.7222222222222222,0.8,0.1315057260598309,0.0847599605917401,143,368,92,55,0.5,1.0,1.1443768996960486,1.1443768996960486,0.22340425531914893,0.5,0.16296296296296298,753,753,118,540,59,88
soft,random_error_oracle,1,37,3,658,198,460,0.8867039964866053,0.7570339397343485,0.78419452887538,0.7474747474747475,0.8,0.13215581942128918,0.08582291260782228,148,368,92,50,0.5,1.0,1.3632218844984803,1.3632218844984803,0.2553191489361702,0.6101694915254238,0.17777777777777778,897,897,118,540,72,96
soft,random_error_oracle,1,37,4,658,198,460,0.8898221343873517,0.7586680717414662,0.78419452887538,0.7626262626262627,0.7934782608695652,0.13054481028407894,0.08711959732918144,151,365,95,47,0.5,1.0,1.4437689969604863,1.4437689969604863,0.26443768996960487,0.635593220338983,0.18333333333333332,950,950,118,540,75,99
soft,random_error_oracle,1,37,5,658,198,460,0.885935441370224,0.7538409938208697,0.7796352583586627,0.7575757575757576,0.7891304347826087,0.1325517127422918,0.08965645059803518,150,363,97,48,0.5,1.0,1.4635258358662615,1.4635258358662615,0.2689969604863222,0.635593220338983,0.18888888888888888,963,963,118,540,75,102
soft,random_error_oracle,1,37,6,658,198,460,0.8869565217391304,0.7538409938208697,0.7796352583586627,0.7575757575757576,0.7891304347826087,0.13235132717029552,0.08991952558886733,150,363,97,48,0.5,1.0,1.4680851063829787,1.4680851063829787,0.2689969604863222,0.635593220338983,0.18888888888888888,966,966,118,540,75,102
soft,random_error_oracle,1,37,7,658,198,460,0.886528326745718,0.7538409938208697,0.7796352583586627,0.7575757575757576,0.7891304347826087,0.13258977388471305,0.09029093052665495,150,363,97,48,0.5,1.0,1.4696048632218845,1.4696048632218845,0.2689969604863222,0.635593220338983,0.18888888888888888,967,967,118,540,75,102
soft,random_error_oracle,1,38,0,658,198,460,0.8635375494071147,0.772002772002772,0.8206686930091185,0.5959595959595959,0.9173913043478261,0.12792545989565157,0.02485381406775575,118,422,38,80,0.5,,0.0,0.0,0.0,0.0,0.0,0,0,118,540,0,0
soft,random_error_oracle,1,38,1,658,198,460,0.8688735177865613,0.7573120578586423,0.7978723404255319,0.6464646464646465,0.8630434782608696,0.13187225750580597,0.0485016644534401,128,397,63,70,0.5,1.0,0.7112462006079028,0.7112462006079028,0.12613981762917933,0.288135593220339,0.09074074074074075,468,468,118,540,34,49
soft,random_error_oracle,1,38,2,658,198,460,0.8753732981993853,0.7427402337264479,0.7781155015197568,0.6767676767676768,0.8217391304347826,0.13440707242572045,0.07948603620590225,134,378,82,64,0.5,1.0,1.1443768996960486,1.1443768996960486,0.2066869300911854,0.4576271186440678,0.15185185185185185,753,753,118,540,54,82
soft,random_error_oracle,1,38,3,658,198,460,0.8895696091348265,0.7667639699749791,0.7933130699088146,0.7575757575757576,0.808695652173913,0.1294541754498552,0.07996281397301715,150,372,88,48,0.5,1.0,1.3632218844984803,1.3632218844984803,0.24924012158054712,0.6186440677966102,0.1685185185185185,897,897,118,540,73,91
soft,random_error_oracle,1,38,4,658,198,460,0.8893500219587176,0.7581308178966006,0.78419452887538,0.7575757575757576,0.7956521739130434,0.1306628548590346,0.08556532227929924,150,366,94,48,0.5,1.0,1.4437689969604863,1.4437689969604863,0.26443768996960487,0.635593220338983,0.18333333333333332,950,950,118,540,75,99
soft,random_error_oracle,1,38,5,658,198,460,0.8879336846728151,0.7538409938208697,0.7796352583586627,0.7575757575757576,0.7891304347826087,0.13178082570807423,0.08984165672631411,150,363,97,48,0.5,1.0,1.4635258358662615,1.4635258358662615,0.2689969604863222,0.635593220338983,0.18888888888888888,963,963,118,540,75,102
soft,random_error_oracle,1,38,6,658,198,460,0.8870772946859902,0.7538409938208697,0.7796352583586627,0.7575757575757576,0.7891304347826087,0.13230404408262497,0.08989135458020613,150,363,97,48,0.5,1.0,1.4680851063829787,1.4680851063829787,0.2689969604863222,0.635593220338983,0.18888888888888888,966,966,118,540,75,102
soft,random_error_oracle,1,38,7,658,198,460,0.886528326745718,0.7538409938208697,0.7796352583586627,0.7575757575757576,0.7891304347826087,0.13258977388471305,0.09029093052665495,150,363,97,48,0.5,1.0,1.4696048632218845,1.4696048632218845,0.2689969604863222,0.635593220338983,0.18888888888888888,967,967,118,540,75,102
soft,random_error_oracle,1,39,0,658,198,460,0.8635375494071147,0.772002772002772,0.8206686930091185,0.5959595959595959,0.9173913043478261,0.12792545989565157,0.02485381406775575,118,422,38,80,0.5,,0.0,0.0,0.0,0.0,0.0,0,0,118,540,0,0
soft,random_error_oracle,1,39,1,658,198,460,0.8843434343434343,0.7688186209925341,0.8054711246200608,0.6767676767676768,0.8608695652173913,0.1243979961893802,0.06187987125724329,134,396,64,64,0.5,1.0,0.7112462006079028,0.7112462006079028,0.1398176291793313,0.3474576271186441,0.09444444444444444,468,468,118,540,41,51
soft,random_error_oracle,1,39,2,658,198,460,0.886231884057971,0.756182937693648,0.7857142857142857,0.7272727272727273,0.8108695652173913,0.1300749891166461,0.08278645295165717,144,373,87,54,0.5,1.0,1.1443768996960486,1.1443768996960486,0.22644376899696048,0.5338983050847458,0.15925925925925927,753,753,118,540,63,86
soft,random_error_oracle,1,39,3,658,198,460,0.8872639437856829,0.7556019044007449,0.7826747720364742,0.7474747474747475,0.7978260869565217,0.13123768612007086,0.09126547725097128,148,367,93,50,0.5,1.0,1.3632218844984803,1.3632218844984803,0.256838905775076,0.6101694915254238,0.17962962962962964,897,897,118,540,72,97
soft,random_error_oracle,1,39,4,658,198,460,0.8872310057092665,0.7566989623492847,0.7826747720364742,0.7575757575757576,0.7934782608695652,0.13184572436414166,0.08425786168103701,150,365,95,48,0.5,1.0,1.4437689969604863,1.4437689969604863,0.26595744680851063,0.635593220338983,0.18518518518518517,950,950,118,540,75,100
soft,random_error_oracle,1,39,5,658,198,460,0.8870772946859903,0.7538409938208697,0.7796352583586627,0.7575757575757576,0.7891304347826087,0.1322591724975734,0.08993457795529751,150,363,97,48,0.5,1.0,1.4635258358662615,1.4635258358662615,0.2689969604863222,0.635593220338983,0.18888888888888888,963,963,118,540,75,102
soft,random_error_oracle,1,39,6,658,198,460,0.8869565217391304,0.7538409938208697,0.7796352583586627,0.7575757575757576,0.7891304347826087,0.13235132717029552,0.08991952558886733,150,363,97,48,0.5,1.0,1.4680851063829787,1.4680851063829787,0.2689969604863222,0.635593220338983,0.18888888888888888,966,966,118,540,75,102
soft,random_error_oracle,1,39,7,658,198,460,0.886528326745718,0.7538409938208697,0.7796352583586627,0.7575757575757576,0.7891304347826087,0.13258977388471305,0.09029093052665495,150,363,97,48,0.5,1.0,1.4696048632218845,1.4696048632218845,0.2689969604863222,0.635593220338983,0.18888888888888888,967,967,118,540,75,102
soft,random_error_oracle,1,40,0,658,198,460,0.8635375494071147,0.772002772002772,0.8206686930091185,0.5959595959595959,0.9173913043478261,0.12792545989565157,0.02485381406775575,118,422,38,80,0.5,,0.0,0.0,0.0,0.0,0.0,0,0,118,540,0,0
soft,random_error_oracle,1,40,1,658,198,460,0.8797211242863416,0.767564244846644,0.8069908814589666,0.6565656565656566,0.8717391304347826,0.12649356778645196,0.05389302402678299,130,401,59,68,0.5,1.0,0.7112462006079028,0.7112462006079028,0.1413373860182371,0.3559322033898305,0.09444444444444444,468,468,118,540,42,51
soft,random_error_oracle,1,40,2,658,198,460,0.8712011418533159,0.7363075412359505,0.770516717325228,0.6818181818181818,0.808695652173913,0.13736424609343886,0.07435368159749513,135,372,88,63,0.5,1.0,1.1443768996960486,1.1443768996960486,0.22036474164133737,0.4745762711864407,0.1648148148148148,753,753,118,540,56,89
soft,random_error_oracle,1,40,3,658,198,460,0.8847496706192358,0.7561541950113378,0.7826747720364742,0.7525252525252525,0.7956521739130434,0.13265815266010533,0.08723214645443007,149,366,94,49,0.5,1.0,1.3632218844984803,1.3632218844984803,0.256838905775076,0.6101694915254238,0.17962962962962964,897,897,118,540,72,97
soft,random_error_oracle,1,40,4,658,198,460,0.887834870443566,0.7581308178966006,0.78419452887538,0.7575757575757576,0.7956521739130434,0.13142562567746802,0.08274321826691916,150,366,94,48,0.5,1.0,1.4437689969604863,1.4437689969604863,0.26443768996960487,0.635593220338983,0.18333333333333332,950,950,118,540,75,99
soft,random_error_oracle,1,40,5,658,198,460,0.8861111111111111,0.7538409938208697,0.7796352583586627,0.7575757575757576,0.7891304347826087,0.13246998264876467,0.08961212206259858,150,363,97,48,0.5,1.0,1.4635258358662615,1.4635258358662615,0.2689969604863222,0.635593220338983,0.18888888888888888,963,963,118,540,75,102
soft,random_error_oracle,1,40,6,658,198,460,0.8869565217391304,0.7538409938208697,0.7796352583586627,0.7575757575757576,0.7891304347826087,0.13235132717029552,0.08991952558886733,150,363,97,48,0.5,1.0,1.4680851063829787,1.4680851063829787,0.2689969604863222,0.635593220338983,0.18888888888888888,966,966,118,540,75,102
soft,random_error_oracle,1,40,7,658,198,460,0.886528326745718,0.7538409938208697,0.7796352583586627,0.7575757575757576,0.7891304347826087,0.13258977388471305,0.09029093052665495,150,363,97,48,0.5,1.0,1.4696048632218845,1.4696048632218845,0.2689969604863222,0.635593220338983,0.18888888888888888,967,967,118,540,75,102
soft,random_error_oracle,1,41,0,658,198,460,0.8635375494071147,0.772002772002772,0.8206686930091185,0.5959595959595959,0.9173913043478261,0.12792545989565157,0.02485381406775575,118,422,38,80,0.5,,0.0,0.0,0.0,0.0,0.0,0,0,118,540,0,0
soft,random_error_oracle,1,41,1,658,198,460,0.8582894158981116,0.7500131723807067,0.7917933130699089,0.6363636363636364,0.8586956521739131,0.13550134452729637,0.06989258734769199,126,395,65,72,0.5,1.0,0.7112462006079028,0.7112462006079028,0.13221884498480244,0.288135593220339,0.09814814814814815,468,468,118,540,34,53
soft,random_error_oracle,1,41,2,658,198,460,0.873375054896794,0.7391410775243918,0.7735562310030395,0.6818181818181818,0.8130434782608695,0.1356818873869877,0.07389808945897183,135,374,86,63,0.5,1.0,1.1443768996960486,1.1443768996960486,0.21124620060790272,0.4576271186440678,0.1574074074074074,753,753,118,540,54,85
soft,random_error_oracle,1,41,3,658,198,460,0.8888449714536671,0.7618939766689317,0.7887537993920972,0.7525252525252525,0.8043478260869565,0.13031624593145708,0.08276458349300093,149,370,90,49,0.5,1.0,1.3632218844984803,1.3632218844984803,0.25379939209726443,0.6186440677966102,0.17407407407407408,897,897,118,540,73,94
soft,random_error_oracle,1,41,4,658,198,460,0.8879995608256478,0.7572362904578231,0.7826747720364742,0.7626262626262627,0.7913043478260869,0.1316503577051916,0.08843367467794933,151,364,96,47,0.5,1.0,1.4437689969604863,1.4437689969604863,0.26595744680851063,0.635593220338983,0.18518518518518517,950,950,118,540,75,100
soft,random_error_oracle,1,41,5,658,198,460,0.888350900307422,0.7538409938208697,0.7796352583586627,0.7575757575757576,0.7891304347826087,0.13161698417050266,0.0920336637867983,150,363,97,48,0.5,1.0,1.4635258358662615,1.4635258358662615,0.2689969604863222,0.635593220338983,0.18888888888888888,963,963,118,540,75,102
soft,random_error_oracle,1,41,6,658,198,460,0.8867808519982433,0.7538409938208697,0.7796352583586627,0.7575757575757576,0.7891304347826087,0.132435131912625,0.08996799949141948,150,363,97,48,0.5,1.0,1.4680851063829787,1.4680851063829787,0.2689969604863222,0.635593220338983,0.18888888888888888,966,966,118,540,75,102
soft,random_error_oracle,1,41,7,658,198,460,0.886528326745718,0.7538409938208697,0.7796352583586627,0.7575757575757576,0.7891304347826087,0.13258977388471305,0.09029093052665495,150,363,97,48,0.5,1.0,1.4696048632218845,1.4696048632218845,0.2689969604863222,0.635593220338983,0.18888888888888888,967,967,118,540,75,102
soft,random_error_oracle,1,42,0,658,198,460,0.8635375494071147,0.772002772002772,0.8206686930091185,0.5959595959595959,0.9173913043478261,0.12792545989565157,0.02485381406775575,118,422,38,80,0.5,,0.0,0.0,0.0,0.0,0.0,0,0,118,540,0,0
soft,random_error_oracle,1,42,1,658,198,460,0.8680390865173474,0.7565830280677452,0.7978723404255319,0.6414141414141414,0.8652173913043478,0.13224839527727963,0.04963464606295839,127,398,62,71,0.5,1.0,0.7112462006079028,0.7112462006079028,0.135258358662614,0.3135593220338983,0.0962962962962963,468,468,118,540,37,52
soft,random_error_oracle,1,42,2,658,198,460,0.8897672375933245,0.7596413357405465,0.7887537993920972,0.7323232323232324,0.8130434782608695,0.12825893605185554,0.0825856778346285,145,374,86,53,0.5,1.0,1.1443768996960486,1.1443768996960486,0.22036474164133737,0.5254237288135594,0.1537037037037037,753,753,118,540,62,83
soft,random_error_oracle,1,42,3,658,198,460,0.8898660518225735,0.761000415110004,0.7872340425531915,0.7575757575757576,0.8,0.13019004498254655,0.08991318046287226,150,368,92,48,0.5,1.0,1.3632218844984803,1.3632218844984803,0.2553191489361702,0.6186440677966102,0.17592592592592593,897,897,118,540,73,95
soft,random_error_oracle,1,42,4,658,198,460,0.8898880105401844,0.7601017740646793,0.7857142857142857,0.7626262626262627,0.7956521739130434,0.13054567539248846,0.08530892597336014,151,366,94,47,0.5,1.0,1.4437689969604863,1.4437689969604863,0.2629179331306991,0.635593220338983,0.1814814814814815,950,950,118,540,75,98
soft,random_error_oracle,1,42,5,658,198,460,0.8869565217391304,0.7538409938208697,0.7796352583586627,0.7575757575757576,0.7891304347826087,0.13236655470486358,0.09023253060555847,150,363,97,48,0.5,1.0,1.4635258358662615,1.4635258358662615,0.2689969604863222,0.635593220338983,0.18888888888888888,963,963,118,540,75,102
soft,random_error_oracle,1,42,6,658,198,460,0.8865063680281071,0.7538409938208697,0.7796352583586627,0.7575757575757576,0.7891304347826087,0.1326078385059408,0.09030054396180683,150,363,97,48,0.5,1.0,1.4680851063829787,1.4680851063829787,0.2689969604863222,0.635593220338983,0.18888888888888888,966,966,118,540,75,102
soft,random_error_oracle,1,42,7,658,198,460,0.886528326745718,0.7538409938208697,0.7796352583586627,0.7575757575757576,0.7891304347826087,0.13258977388471305,0.09029093052665495,150,363,97,48,0.5,1.0,1.4696048632218845,1.4696048632218845,0.2689969604863222,0.635593220338983,0.18888888888888888,967,967,118,540,75,102
soft,random_error_oracle,1,43,0,658,198,460,0.8635375494071147,0.772002772002772,0.8206686930091185,0.5959595959595959,0.9173913043478261,0.12792545989565157,0.02485381406775575,118,422,38,80,0.5,,0.0,0.0,0.0,0.0,0.0,0,0,118,540,0,0
soft,random_error_oracle,1,43,1,658,198,460,0.8815436978480456,0.7681491350738299,0.8054711246200608,0.6717171717171717,0.8630434782608696,0.12612440150354515,0.05446799642881689,133,397,63,65,0.5,1.0,0.7112462006079028,0.7112462006079028,0.1398176291793313,0.3474576271186441,0.09444444444444444,468,468,118,540,41,51
soft,random_error_oracle,1,43,2,658,198,460,0.8791611769872639,0.7410919654056909,0.7735562310030395,0.696969696969697,0.8065217391304348,0.13307706571179131,0.08336989509036535,138,371,89,60,0.5,1.0,1.1443768996960486,1.1443768996960486,0.21124620060790272,0.4576271186440678,0.1574074074074074,753,753,118,540,54,85
soft,random_error_oracle,1,43,3,658,198,460,0.8843873517786562,0.7606315870947769,0.7857142857142857,0.7676767676767676,0.7934782608695652,0.133587924073238,0.08287786272338968,152,365,95,46,0.5,1.0,1.3632218844984803,1.3632218844984803,0.25987841945288753,0.6271186440677966,0.17962962962962964,897,897,118,540,74,97
soft,random_error_oracle,1,43,4,658,198,460,0.888866930171278,0.7566989623492847,0.7826747720364742,0.7575757575757576,0.7934782608695652,0.1310816817793614,0.08634725585434384,150,365,95,48,0.5,1.0,1.4437689969604863,1.4437689969604863,0.26595744680851063,0.635593220338983,0.18518518518518517,950,950,118,540,75,100
soft,random_error_oracle,1,43,5,658,198,460,0.8879666227492314,0.7538409938208697,0.7796352583586627,0.7575757575757576,0.7891304347826087,0.1318184302176092,0.08989223183349997,150,363,97,48,0.5,1.0,1.4635258358662615,1.4635258358662615,0.2689969604863222,0.635593220338983,0.18888888888888888,963,963,118,540,75,102
soft,random_error_oracle,1,43,6,658,198,460,0.8870663153271849,0.7538409938208697,0.7796352583586627,0.7575757575757576,0.7891304347826087,0.13231563272604865,0.08989831691980435,150,363,97,48,0.5,1.0,1.4680851063829787,1.4680851063829787,0.2689969604863222,0.635593220338983,0.18888888888888888,966,966,118,540,75,102
soft,random_error_oracle,1,43,7,658,198,460,0.886528326745718,0.7538409938208697,0.7796352583586627,0.7575757575757576,0.7891304347826087,0.13258977388471305,0.09029093052665495,150,363,97,48,0.5,1.0,1.4696048632218845,1.4696048632218845,0.2689969604863222,0.635593220338983,0.18888888888888888,967,967,118,540,75,102
soft,random_error_oracle,1,44,0,658,198,460,0.8635375494071147,0.772002772002772,0.8206686930091185,0.5959595959595959,0.9173913043478261,0.12792545989565157,0.02485381406775575,118,422,38,80,0.5,,0.0,0.0,0.0,0.0,0.0,0,0,118,540,0,0
soft,random_error_oracle,1,44,1,658,198,460,0.8747804128238911,0.7617137444983008,0.8024316109422492,0.6464646464646465,0.8695652173913043,0.12856761577833423,0.049093158624397434,128,400,60,70,0.5,1.0,0.7112462006079028,0.7112462006079028,0.12462006079027356,0.2966101694915254,0.08703703703703704,468,468,118,540,35,47
soft,random_error_oracle,1,44,2,658,198,460,0.8779314888010541,0.7396739990504827,0.7720364741641338,0.696969696969697,0.8043478260869565,0.13432297448945094,0.08756207407693599,138,370,90,60,0.5,1.0,1.1443768996960486,1.1443768996960486,0.22492401215805471,0.4915254237288136,0.16666666666666666,753,753,118,540,58,90
soft,random_error_oracle,1,44,3,658,198,460,0.8831357048748353,0.756474145120934,0.78419452887538,0.7424242424242424,0.8021739130434783,0.13313534838999658,0.08283308073005083,147,369,91,51,0.5,1.0,1.3632218844984803,1.3632218844984803,0.24924012158054712,0.5932203389830508,0.17407407407407408,897,897,118,540,70,94
soft,random_error_oracle,1,44,4,658,198,460,0.8880324989020641,0.7566989623492847,0.7826747720364742,0.7575757575757576,0.7934782608695652,0.13140719392162428,0.08753615571918809,150,365,95,48,0.5,1.0,1.4437689969604863,1.4437689969604863,0.26595744680851063,0.635593220338983,0.18518518518518517,950,950,118,540,75,100
soft,random_error_oracle,1,44,5,658,198,460,0.8876262626262625,0.7538409938208697,0.7796352583586627,0.7575757575757576,0.7891304347826087,0.13200267871680715,0.0920163917879051,150,363,97,48,0.5,1.0,1.4635258358662615,1.4635258358662615,0.2689969604863222,0.635593220338983,0.18888888888888888,963,963,118,540,75,102
soft,random_error_oracle,1,44,6,658,198,460,0.8865393061045235,0.7538409938208697,0.7796352583586627,0.7575757575757576,0.7891304347826087,0.13257179033593056,0.09028129529181703,150,363,97,48,0.5,1.0,1.4680851063829787,1.4680851063829787,0.2689969604863222,0.635593220338983,0.18888888888888888,966,966,118,540,75,102
soft,random_error_oracle,1,44,7,658,198,460,0.886528326745718,0.7538409938208697,0.7796352583586627,0.7575757575757576,0.7891304347826087,0.13258977388471305,0.09029093052665495,150,363,97,48,0.5,1.0,1.4696048632218845,1.4696048632218845,0.2689969604863222,0.635593220338983,0.18888888888888888,967,967,118,540,75,102
soft,random_error_oracle,1,45,0,658,198,460,0.8635375494071147,0.772002772002772,0.8206686930091185,0.5959595959595959,0.9173913043478261,0.12792545989565157,0.02485381406775575,118,422,38,80,0.5,,0.0,0.0,0.0,0.0,0.0,0,0,118,540,0,0
soft,random_error_oracle,1,45,1,658,198,460,0.8676877470355732,0.7522065998708064,0.7917933130699089,0.6515151515151515,0.8521739130434782,0.13219713438755895,0.06603726271157719,129,392,68,69,0.5,1.0,0.7112462006079028,0.7112462006079028,0.13829787234042554,0.3050847457627119,0.10185185185185185,468,468,118,540,36,55
soft,random_error_oracle,1,45,2,658,198,460,0.8761747913921827,0.7492661415998507,0.7796352583586627,0.7171717171717171,0.8065217391304348,0.1352255790916596,0.07555944766255654,142,371,89,56,0.5,1.0,1.1443768996960486,1.1443768996960486,0.22036474164133737,0.5,0.15925925925925927,753,753,118,540,59,86
soft,random_error_oracle,1,45,3,658,198,460,0.8888010540184454,0.7595646258503401,0.7857142857142857,0.7575757575757576,0.7978260869565217,0.13080341793190925,0.0932577161805644,150,367,93,48,0.5,1.0,1.3632218844984803,1.3632218844984803,0.25379939209726443,0.6101694915254238,0.17592592592592593,897,897,118,540,72,95
soft,random_error_oracle,1,45,4,658,198,460,0.8883618796662275,0.7572362904578231,0.7826747720364742,0.7626262626262627,0.7913043478260869,0.1314327388813168,0.08842891089199426,151,364,96,47,0.5,1.0,1.4437689969604863,1.4437689969604863,0.26595744680851063,0.635593220338983,0.18518518518518517,950,950,118,540,75,100
soft,random_error_oracle,1,45,5,658,198,460,0.8870992534036012,0.7538409938208697,0.7796352583586627,0.7575757575757576,0.7891304347826087,0.13227801541566736,0.08993264943728801,150,363,97,48,0.5,1.0,1.4635258358662615,1.4635258358662615,0.2689969604863222,0.635593220338983,0.18888888888888888,963,963,118,540,75,102
soft,random_error_oracle,1,45,6,658,198,460,0.8870772946859902,0.7538409938208697,0.7796352583586627,0.7575757575757576,0.7891304347826087,0.13230404408262497,0.08989135458020613,150,363,97,48,0.5,1.0,1.4680851063829787,1.4680851063829787,0.2689969604863222,0.635593220338983,0.18888888888888888,966,966,118,540,75,102
soft,random_error_oracle,1,45,7,658,198,460,0.886528326745718,0.7538409938208697,0.7796352583586627,0.7575757575757576,0.7891304347826087,0.13258977388471305,0.09029093052665495,150,363,97,48,0.5,1.0,1.4696048632218845,1.4696048632218845,0.2689969604863222,0.635593220338983,0.18888888888888888,967,967,118,540,75,102
soft,random_error_oracle,1,46,0,658,198,460,0.8635375494071147,0.772002772002772,0.8206686930091185,0.5959595959595959,0.9173913043478261,0.12792545989565157,0.02485381406775575,118,422,38,80,0.5,,0.0,0.0,0.0,0.0,0.0,0,0,118,540,0,0
soft,random_error_oracle,1,46,1,658,198,460,0.8796881862099253,0.7668587052045699,0.8069908814589666,0.6515151515151515,0.8739130434782608,0.1266880961815394,0.05445138903995072,129,402,58,69,0.5,1.0,0.7112462006079028,0.7112462006079028,0.12310030395136778,0.3050847457627119,0.08333333333333333,468,468,118,540,36,45
soft,random_error_oracle,1,46,2,658,198,460,0.8840030742204655,0.7439343038447181,0.776595744680851,0.696969696969697,0.8108695652173913,0.1308498546950856,0.0838649423501293,138,373,87,60,0.5,1.0,1.1443768996960486,1.1443768996960486,0.22036474164133737,0.4915254237288136,0.16111111111111112,753,753,118,540,58,87
soft,random_error_oracle,1,46,3,658,198,460,0.8838274044795784,0.7570339397343485,0.78419452887538,0.7474747474747475,0.8,0.1328774103970068,0.08216838934480745,148,368,92,50,0.5,1.0,1.3632218844984803,1.3632218844984803,0.25227963525835867,0.6016949152542372,0.17592592592592593,897,897,118,540,71,95
soft,random_error_oracle,1,46,4,658,198,460,0.8870553359683795,0.7566989623492847,0.7826747720364742,0.7575757575757576,0.7934782608695652,0.1320631948799963,0.08692878890405636,150,365,95,48,0.5,1.0,1.4437689969604863,1.4437689969604863,0.26595744680851063,0.635593220338983,0.18518518518518517,950,950,118,540,75,100
soft,random_error_oracle,1,46,5,658,198,460,0.8873627580149319,0.7538409938208697,0.7796352583586627,0.7575757575757576,0.7891304347826087,0.13208221800784745,0.0898364362524008,150,363,97,48,0.5,1.0,1.4635258358662615,1.4635258358662615,0.2689969604863222,0.635593220338983,0.18888888888888888,963,963,118,540,75,102
soft,random_error_oracle,1,46,6,658,198,460,0.8865393061045235,0.7538409938208697,0.7796352583586627,0.7575757575757576,0.7891304347826087,0.13257179033593056,0.09028129529181703,150,363,97,48,0.5,1.0,1.4680851063829787,1.4680851063829787,0.2689969604863222,0.635593220338983,0.18888888888888888,966,966,118,540,75,102
soft,random_error_oracle,1,46,7,658,198,460,0.886528326745718,0.7538409938208697,0.7796352583586627,0.7575757575757576,0.7891304347826087,0.13258977388471305,0.09029093052665495,150,363,97,48,0.5,1.0,1.4696048632218845,1.4696048632218845,0.2689969604863222,0.635593220338983,0.18888888888888888,967,967,118,540,75,102
soft,random_error_oracle,1,47,0,658,198,460,0.8635375494071147,0.772002772002772,0.8206686930091185,0.5959595959595959,0.9173913043478261,0.12792545989565157,0.02485381406775575,118,422,38,80,0.5,,0.0,0.0,0.0,0.0,0.0,0,0,118,540,0,0
soft,random_error_oracle,1,47,1,658,198,460,0.8750329380764165,0.7543818597136331,0.7963525835866262,0.6363636363636364,0.8652173913043478,0.1303616480851905,0.0563720370252561,126,398,62,72,0.5,1.0,0.7112462006079028,0.7112462006079028,0.12158054711246201,0.2711864406779661,0.08888888888888889,468,468,118,540,32,48
soft,random_error_oracle,1,47,2,658,198,460,0.8799626701800616,0.7527245396467493,0.7826747720364742,0.7222222222222222,0.808695652173913,0.13235392997922898,0.07975645643653305,143,372,88,55,0.5,1.0,1.1443768996960486,1.1443768996960486,0.21124620060790272,0.4830508474576271,0.15185185185185185,753,753,118,540,57,82
soft,random_error_oracle,1,47,3,658,198,460,0.8880654369784805,0.7544744086526545,0.7826747720364742,0.7373737373737373,0.8021739130434783,0.13084245121048466,0.08998738421005299,146,369,91,52,0.5,1.0,1.3632218844984803,1.3632218844984803,0.2507598784194529,0.5932203389830508,0.17592592592592593,897,897,118,540,70,95
soft,random_error_oracle,1,47,4,658,198,460,0.8895256916996047,0.7572362904578231,0.7826747720364742,0.7626262626262627,0.7913043478260869,0.1308979664254385,0.08977673447427743,151,364,96,47,0.5,1.0,1.4437689969604863,1.4437689969604863,0.26595744680851063,0.635593220338983,0.18518518518518517,950,950,118,540,75,100
soft,random_error_oracle,1,47,5,658,198,460,0.8877799736495389,0.7538409938208697,0.7796352583586627,0.7575757575757576,0.7891304347826087,0.13189499365326773,0.09195985905325951,150,363,97,48,0.5,1.0,1.4635258358662615,1.4635258358662615,0.2689969604863222,0.635593220338983,0.18888888888888888,963,963,118,540,75,102
soft,random_error_oracle,1,47,6,658,198,460,0.8863855950812471,0.7538409938208697,0.7796352583586627,0.7575757575757576,0.7891304347826087,0.13269821801204643,0.09034770361418558,150,363,97,48,0.5,1.0,1.4680851063829787,1.4680851063829787,0.2689969604863222,0.635593220338983,0.18888888888888888,966,966,118,540,75,102
soft,random_error_oracle,1,47,7,658,198,460,0.886528326745718,0.7538409938208697,0.7796352583586627,0.7575757575757576,0.7891304347826087,0.13258977388471305,0.09029093052665495,150,363,97,48,0.5,1.0,1.4696048632218845,1.4696048632218845,0.2689969604863222,0.635593220338983,0.18888888888888888,967,967,118,540,75,102
soft,random_error_oracle,1,48,0,658,198,460,0.8635375494071147,0.772002772002772,0.8206686930091185,0.5959595959595959,0.9173913043478261,0.12792545989565157,0.02485381406775575,118,422,38,80,0.5,,0.0,0.0,0.0,0.0,0.0,0,0,118,540,0,0
soft,random_error_oracle,1,48,1,658,198,460,0.8620553359683795,0.7669028340080972,0.8085106382978723,0.6414141414141414,0.8804347826086957,0.1330768084896169,0.057378274074088194,127,405,55,71,0.5,1.0,0.7112462006079028,0.7112462006079028,0.1276595744680851,0.3220338983050847,0.08518518518518518,468,468,118,540,38,46
soft,random_error_oracle,1,48,2,658,198,460,0.8786122090469916,0.7437694704049844,0.7750759878419453,0.7070707070707071,0.8043478260869565,0.1335876901957062,0.07095407293234905,140,370,90,58,0.5,1.0,1.1443768996960486,1.1443768996960486,0.2188449848024316,0.4830508474576271,0.16111111111111112,753,753,118,540,57,87
soft,random_error_oracle,1,48,3,658,198,460,0.880368906455863,0.7493333333333333,0.776595744680851,0.7424242424242424,0.7913043478260869,0.13532429494585083,0.08929657044316751,147,364,96,51,0.5,1.0,1.3632218844984803,1.3632218844984803,0.256838905775076,0.5932203389830508,0.18333333333333332,897,897,118,540,70,99
soft,random_error_oracle,1,48,4,658,198,460,0.8880983750548967,0.7572362904578231,0.7826747720364742,0.7626262626262627,0.7913043478260869,0.1316620412925816,0.08752177267141803,151,364,96,47,0.5,1.0,1.4437689969604863,1.4437689969604863,0.26595744680851063,0.635593220338983,0.18518518518518517,950,950,118,540,75,100
soft,random_error_oracle,1,48,5,658,198,460,0.8869126043039086,0.7538409938208697,0.7796352583586627,0.7575757575757576,0.7891304347826087,0.1323939291382466,0.09000789489172388,150,363,97,48,0.5,1.0,1.4635258358662615,1.4635258358662615,0.2689969604863222,0.635593220338983,0.18888888888888888,963,963,118,540,75,102
soft,random_error_oracle,1,48,6,658,198,460,0.8867808519982433,0.7538409938208697,0.7796352583586627,0.7575757575757576,0.7891304347826087,0.132435131912625,0.08996799949141948,150,363,97,48,0.5,1.0,1.4680851063829787,1.4680851063829787,0.2689969604863222,0.635593220338983,0.18888888888888888,966,966,118,540,75,102
soft,random_error_oracle,1,48,7,658,198,460,0.886528326745718,0.7538409938208697,0.7796352583586627,0.7575757575757576,0.7891304347826087,0.13258977388471305,0.09029093052665495,150,363,97,48,0.5,1.0,1.4696048632218845,1.4696048632218845,0.2689969604863222,0.635593220338983,0.18888888888888888,967,967,118,540,75,102
soft,random_error_oracle,1,49,0,658,198,460,0.8635375494071147,0.772002772002772,0.8206686930091185,0.5959595959595959,0.9173913043478261,0.12792545989565157,0.02485381406775575,118,422,38,80,0.5,,0.0,0.0,0.0,0.0,0.0,0,0,118,540,0,0
soft,random_error_oracle,1,49,1,658,198,460,0.8702898550724637,0.7646638054363376,0.8054711246200608,0.6464646464646465,0.8739130434782608,0.13031476935807546,0.04267593021650424,128,402,58,70,0.5,1.0,0.7112462006079028,0.7112462006079028,0.13069908814589665,0.3220338983050847,0.08888888888888889,468,468,118,540,38,48
soft,random_error_oracle,1,49,2,658,198,460,0.8842446201141854,0.7549930679342445,0.7857142857142857,0.7171717171717171,0.8152173913043478,0.1311851710656514,0.08004665092810767,142,375,85,56,0.5,1.0,1.1443768996960486,1.1443768996960486,0.21428571428571427,0.5,0.15185185185185185,753,753,118,540,59,82
soft,random_error_oracle,1,49,3,658,198,460,0.8897342995169082,0.758467990721722,0.7857142857142857,0.7474747474747475,0.8021739130434783,0.13007943162868085,0.09063867653780108,148,369,91,50,0.5,1.0,1.3632218844984803,1.3632218844984803,0.24772036474164133,0.5932203389830508,0.17222222222222222,897,897,118,540,70,93
soft,random_error_oracle,1,49,4,658,198,460,0.8877031181379007,0.7558064017318695,0.7811550151975684,0.7626262626262627,0.7891304347826087,0.1320649753541635,0.08862840475107295,151,363,97,47,0.5,1.0,1.4437689969604863,1.4437689969604863,0.2674772036474164,0.635593220338983,0.18703703703703703,950,950,118,540,75,101
soft,random_error_oracle,1,49,5,658,198,460,0.886528326745718,0.7538409938208697,0.7796352583586627,0.7575757575757576,0.7891304347826087,0.13261864240625848,0.09036634880278516,150,363,97,48,0.5,1.0,1.4635258358662615,1.4635258358662615,0.2689969604863222,0.635593220338983,0.18888888888888888,963,963,118,540,75,102
soft,random_error_oracle,1,49,6,658,198,460,0.8863855950812471,0.7538409938208697,0.7796352583586627,0.7575757575757576,0.7891304347826087,0.13269821801204643,0.09034770361418558,150,363,97,48,0.5,1.0,1.4680851063829787,1.4680851063829787,0.2689969604863222,0.635593220338983,0.18888888888888888,966,966,118,540,75,102
soft,random_error_oracle,1,49,7,658,198,460,0.886528326745718,0.7538409938208697,0.7796352583586627,0.7575757575757576,0.7891304347826087,0.13258977388471305,0.09029093052665495,150,363,97,48,0.5,1.0,1.4696048632218845,1.4696048632218845,0.2689969604863222,0.635593220338983,0.18888888888888888,967,967,118,540,75,102
soft,random_error_oracle,1,50,0,658,198,460,0.8635375494071147,0.772002772002772,0.8206686930091185,0.5959595959595959,0.9173913043478261,0.12792545989565157,0.02485381406775575,118,422,38,80,0.5,,0.0,0.0,0.0,0.0,0.0,0,0,118,540,0,0
soft,random_error_oracle,1,50,1,658,198,460,0.8855072463768117,0.764610943336578,0.8039513677811551,0.6565656565656566,0.8673913043478261,0.12391863879783845,0.0662356859175057,130,399,61,68,0.5,1.0,0.7112462006079028,0.7112462006079028,0.13221884498480244,0.3220338983050847,0.09074074074074075,468,468,118,540,38,49
soft,random_error_oracle,1,50,2,658,198,460,0.8850461133069829,0.758777442600972,0.7872340425531915,0.7373737373737373,0.808695652173913,0.13120204130404728,0.07299583645733126,146,372,88,52,0.5,1.0,1.1443768996960486,1.1443768996960486,0.20972644376899696,0.4915254237288136,0.14814814814814814,753,753,118,540,58,80
soft,random_error_oracle,1,50,3,658,198,460,0.8884936319718929,0.7629750566893424,0.7887537993920972,0.7626262626262627,0.8,0.1310030887644672,0.09260509522450538,151,368,92,47,0.5,1.0,1.3632218844984803,1.3632218844984803,0.24772036474164133,0.6016949152542372,0.17037037037037037,897,897,118,540,71,92
soft,random_error_oracle,1,50,4,658,198,460,0.8887022397891963,0.7586680717414662,0.78419452887538,0.7626262626262627,0.7934782608695652,0.13125163290090913,0.08882236513126114,151,365,95,47,0.5,1.0,1.4437689969604863,1.4437689969604863,0.26443768996960487,0.635593220338983,0.18333333333333332,950,950,118,540,75,99
soft,random_error_oracle,1,50,5,658,198,460,0.8881862099253404,0.7538409938208697,0.7796352583586627,0.7575757575757576,0.7891304347826087,0.1317083727060373,0.09016324622104666,150,363,97,48,0.5,1.0,1.4635258358662615,1.4635258358662615,0.2689969604863222,0.635593220338983,0.18888888888888888,963,963,118,540,75,102
soft,random_error_oracle,1,50,6,658,198,460,0.8867808519982433,0.7538409938208697,0.7796352583586627,0.7575757575757576,0.7891304347826087,0.132435131912625,0.08996799949141948,150,363,97,48,0.5,1.0,1.4680851063829787,1.4680851063829787,0.2689969604863222,0.635593220338983,0.18888888888888888,966,966,118,540,75,102
soft,random_error_oracle,1,50,7,658,198,460,0.886528326745718,0.7538409938208697,0.7796352583586627,0.7575757575757576,0.7891304347826087,0.13258977388471305,0.09029093052665495,150,363,97,48,0.5,1.0,1.4696048632218845,1.4696048632218845,0.2689969604863222,0.635593220338983,0.18888888888888888,967,967,118,540,75,102
soft,random_error_oracle,1,51,0,658,198,460,0.8635375494071147,0.772002772002772,0.8206686930091185,0.5959595959595959,0.9173913043478261,0.12792545989565157,0.02485381406775575,118,422,38,80,0.5,,0.0,0.0,0.0,0.0,0.0,0,0,118,540,0,0
soft,random_error_oracle,1,51,1,658,198,460,0.8760649978041282,0.7747371675943104,0.8115501519756839,0.6767676767676768,0.8695652173913043,0.12659471364367675,0.053719338565229244,134,400,60,64,0.5,1.0,0.7112462006079028,0.7112462006079028,0.12462006079027356,0.3220338983050847,0.08148148148148149,468,468,118,540,38,44
soft,random_error_oracle,1,51,2,658,198,460,0.8846508563899868,0.7417249073374025,0.7735562310030395,0.702020202020202,0.8043478260869565,0.13108336303678766,0.09163850284582316,139,370,90,59,0.5,1.0,1.1443768996960486,1.1443768996960486,0.21732522796352582,0.4745762711864407,0.16111111111111112,753,753,118,540,56,87
soft,random_error_oracle,1,51,3,658,198,460,0.8892072902942468,0.7629750566893424,0.7887537993920972,0.7626262626262627,0.8,0.13038427460540183,0.0851208062935442,151,368,92,47,0.5,1.0,1.3632218844984803,1.3632218844984803,0.25379939209726443,0.6186440677966102,0.17407407407407408,897,897,118,540,73,94
soft,random_error_oracle,1,51,4,658,198,460,0.8894817742643829,0.7572362904578231,0.7826747720364742,0.7626262626262627,0.7913043478260869,0.13094238109157869,0.08957815588307158,151,364,96,47,0.5,1.0,1.4437689969604863,1.4437689969604863,0.26595744680851063,0.635593220338983,0.18518518518518517,950,950,118,540,75,100
soft,random_error_oracle,1,51,5,658,198,460,0.8870333772507686,0.7538409938208697,0.7796352583586627,0.7575757575757576,0.7891304347826087,0.1323223077217414,0.08997015445577415,150,363,97,48,0.5,1.0,1.4635258358662615,1.4635258358662615,0.2689969604863222,0.635593220338983,0.18888888888888888,963,963,118,540,75,102
soft,random_error_oracle,1,51,6,658,198,460,0.8867808519982433,0.7538409938208697,0.7796352583586627,0.7575757575757576,0.7891304347826087,0.132435131912625,0.08996799949141948,150,363,97,48,0.5,1.0,1.4680851063829787,1.4680851063829787,0.2689969604863222,0.635593220338983,0.18888888888888888,966,966,118,540,75,102
soft,random_error_oracle,1,51,7,658,198,460,0.886528326745718,0.7538409938208697,0.7796352583586627,0.7575757575757576,0.7891304347826087,0.13258977388471305,0.09029093052665495,150,363,97,48,0.5,1.0,1.4696048632218845,1.4696048632218845,0.2689969604863222,0.635593220338983,0.18888888888888888,967,967,118,540,75,102
soft,random_error_oracle,1,52,0,658,198,460,0.8635375494071147,0.772002772002772,0.8206686930091185,0.5959595959595959,0.9173913043478261,0.12792545989565157,0.02485381406775575,118,422,38,80,0.5,,0.0,0.0,0.0,0.0,0.0,0,0,118,540,0,0
soft,random_error_oracle,1,52,1,658,198,460,0.877119016249451,0.7756951895565093,0.8145896656534954,0.6616161616161617,0.8804347826086957,0.12564955690866306,0.04778242336884626,131,405,55,67,0.5,1.0,0.7112462006079028,0.7112462006079028,0.12158054711246201,0.3220338983050847,0.07777777777777778,468,468,118,540,38,42
soft,random_error_oracle,1,52,2,658,198,460,0.8815876152832675,0.7486584668719689,0.7796352583586627,0.7121212121212122,0.808695652173913,0.1326536728688754,0.08387096982382773,141,372,88,57,0.5,1.0,1.1443768996960486,1.1443768996960486,0.20820668693009117,0.4661016949152542,0.15185185185185185,753,753,118,540,55,82
soft,random_error_oracle,1,52,3,658,198,460,0.8860342555994729,0.7541718555417185,0.7811550151975684,0.7474747474747475,0.7956521739130434,0.13211788602795005,0.09296585967240678,148,366,94,50,0.5,1.0,1.3632218844984803,1.3632218844984803,0.25227963525835867,0.5932203389830508,0.17777777777777778,897,897,118,540,70,96
soft,random_error_oracle,1,52,4,658,198,460,0.886528326745718,0.7552690304983882,0.7811550151975684,0.7575757575757576,0.7913043478260869,0.13246434260722934,0.08646546542695581,150,364,96,48,0.5,1.0,1.4437689969604863,1.4437689969604863,0.2674772036474164,0.635593220338983,0.18703703703703703,950,950,118,540,75,101
soft,random_error_oracle,1,52,5,658,198,460,0.8856389986824769,0.7538409938208697,0.7796352583586627,0.7575757575757576,0.7891304347826087,0.1327004985635882,0.08974262546100822,150,363,97,48,0.5,1.0,1.4635258358662615,1.4635258358662615,0.2689969604863222,0.635593220338983,0.18888888888888888,963,963,118,540,75,102
soft,random_error_oracle,1,52,6,658,198,460,0.8867808519982433,0.7538409938208697,0.7796352583586627,0.7575757575757576,0.7891304347826087,0.132435131912625,0.08996799949141948,150,363,97,48,0.5,1.0,1.4680851063829787,1.4680851063829787,0.2689969604863222,0.635593220338983,0.18888888888888888,966,966,118,540,75,102
soft,random_error_oracle,1,52,7,658,198,460,0.886528326745718,0.7538409938208697,0.7796352583586627,0.7575757575757576,0.7891304347826087,0.13258977388471305,0.09029093052665495,150,363,97,48,0.5,1.0,1.4696048632218845,1.4696048632218845,0.2689969604863222,0.635593220338983,0.18888888888888888,967,967,118,540,75,102
soft,random_error_oracle,1,53,0,658,198,460,0.8635375494071147,0.772002772002772,0.8206686930091185,0.5959595959595959,0.9173913043478261,0.12792545989565157,0.02485381406775575,118,422,38,80,0.5,,0.0,0.0,0.0,0.0,0.0,0,0,118,540,0,0
soft,random_error_oracle,1,53,1,658,198,460,0.8726394378568291,0.7669028340080972,0.8085106382978723,0.6414141414141414,0.8804347826086957,0.1275666219003837,0.05178951673445124,127,405,55,71,0.5,1.0,0.7112462006079028,0.7112462006079028,0.11550151975683891,0.288135593220339,0.07777777777777778,468,468,118,540,34,42
soft,random_error_oracle,1,53,2,658,198,460,0.881993851559069,0.7434081196581197,0.7781155015197568,0.6818181818181818,0.8195652173913044,0.13126887033097595,0.0815393329097257,135,377,83,63,0.5,1.0,1.1443768996960486,1.1443768996960486,0.20972644376899696,0.4661016949152542,0.1537037037037037,753,753,118,540,55,83
soft,random_error_oracle,1,53,3,658,198,460,0.8845630215195432,0.753044203502919,0.7811550151975684,0.7373737373737373,0.8,0.1323585809142718,0.0848107415482581,146,368,92,52,0.5,1.0,1.3632218844984803,1.3632218844984803,0.25227963525835867,0.5932203389830508,0.17777777777777778,897,897,118,540,70,96
soft,random_error_oracle,1,53,4,658,198,460,0.8888779095300834,0.7601017740646793,0.7857142857142857,0.7626262626262627,0.7956521739130434,0.1306464282343677,0.086011731450645,151,366,94,47,0.5,1.0,1.4437689969604863,1.4437689969604863,0.2629179331306991,0.635593220338983,0.1814814814814815,950,950,118,540,75,98
soft,random_error_oracle,1,53,5,658,198,460,0.8878019323671498,0.7538409938208697,0.7796352583586627,0.7575757575757576,0.7891304347826087,0.1318493384996174,0.08988514764639427,150,363,97,48,0.5,1.0,1.4635258358662615,1.4635258358662615,0.2689969604863222,0.635593220338983,0.18888888888888888,963,963,118,540,75,102
soft,random_error_oracle,1,53,6,658,198,460,0.8870663153271849,0.7538409938208697,0.7796352583586627,0.7575757575757576,0.7891304347826087,0.13231563272604865,0.08989831691980435,150,363,97,48,0.5,1.0,1.4680851063829787,1.4680851063829787,0.2689969604863222,0.635593220338983,0.18888888888888888,966,966,118,540,75,102
soft,random_error_oracle,1,53,7,658,198,460,0.886528326745718,0.7538409938208697,0.7796352583586627,0.7575757575757576,0.7891304347826087,0.13258977388471305,0.09029093052665495,150,363,97,48,0.5,1.0,1.4696048632218845,1.4696048632218845,0.2689969604863222,0.635593220338983,0.18888888888888888,967,967,118,540,75,102
soft,random_error_oracle,1,54,0,658,198,460,0.8635375494071147,0.772002772002772,0.8206686930091185,0.5959595959595959,0.9173913043478261,0.12792545989565157,0.02485381406775575,118,422,38,80,0.5,,0.0,0.0,0.0,0.0,0.0,0,0,118,540,0,0
soft,random_error_oracle,1,54,1,658,198,460,0.8654808959156786,0.7462781652360515,0.790273556231003,0.6212121212121212,0.8630434782608696,0.13372093096474266,0.048318725642393166,123,397,63,75,0.5,1.0,0.7112462006079028,0.7112462006079028,0.1398176291793313,0.3050847457627119,0.1037037037037037,468,468,118,540,36,56
soft,random_error_oracle,1,54,2,658,198,460,0.8816205533596838,0.7486584668719689,0.7796352583586627,0.7121212121212122,0.808695652173913,0.13237580231333954,0.0842234825256056,141,372,88,57,0.5,1.0,1.1443768996960486,1.1443768996960486,0.22036474164133737,0.5,0.15925925925925927,753,753,118,540,59,86
soft,random_error_oracle,1,54,3,658,198,460,0.8860452349582785,0.7575861353258613,0.78419452887538,0.7525252525252525,0.7978260869565217,0.1326072452793316,0.08812000557795709,149,367,93,49,0.5,1.0,1.3632218844984803,1.3632218844984803,0.2553191489361702,0.6101694915254238,0.17777777777777778,897,897,118,540,72,96
soft,random_error_oracle,1,54,4,658,198,460,0.8912933684672815,0.7572362904578231,0.7826747720364742,0.7626262626262627,0.7913043478260869,0.12989878680710898,0.08995294023310406,151,364,96,47,0.5,1.0,1.4437689969604863,1.4437689969604863,0.26595744680851063,0.635593220338983,0.18518518518518517,950,950,118,540,75,100
soft,random_error_oracle,1,54,5,658,198,460,0.8889218269653052,0.7538409938208697,0.7796352583586627,0.7575757575757576,0.7891304347826087,0.13122649335001121,0.09153973153266978,150,363,97,48,0.5,1.0,1.4635258358662615,1.4635258358662615,0.2689969604863222,0.635593220338983,0.18888888888888888,963,963,118,540,75,102
soft,random_error_oracle,1,54,6,658,198,460,0.8870663153271849,0.7538409938208697,0.7796352583586627,0.7575757575757576,0.7891304347826087,0.13231563272604865,0.08989831691980435,150,363,97,48,0.5,1.0,1.4680851063829787,1.4680851063829787,0.2689969604863222,0.635593220338983,0.18888888888888888,966,966,118,540,75,102
soft,random_error_oracle,1,54,7,658,198,460,0.886528326745718,0.7538409938208697,0.7796352583586627,0.7575757575757576,0.7891304347826087,0.13258977388471305,0.09029093052665495,150,363,97,48,0.5,1.0,1.4696048632218845,1.4696048632218845,0.2689969604863222,0.635593220338983,0.18888888888888888,967,967,118,540,75,102
soft,random_error_oracle,1,55,0,658,198,460,0.8635375494071147,0.772002772002772,0.8206686930091185,0.5959595959595959,0.9173913043478261,0.12792545989565157,0.02485381406775575,118,422,38,80,0.5,,0.0,0.0,0.0,0.0,0.0,0,0,118,540,0,0
soft,random_error_oracle,1,55,1,658,198,460,0.8818401405357926,0.7666762874695914,0.8039513677811551,0.6717171717171717,0.8608695652173913,0.1270759808416328,0.05707842829258404,133,396,64,65,0.5,1.0,0.7112462006079028,0.7112462006079028,0.14437689969604864,0.3559322033898305,0.09814814814814815,468,468,118,540,42,53
soft,random_error_oracle,1,55,2,658,198,460,0.8854523495827844,0.7494711904560454,0.7811550151975684,0.7070707070707071,0.8130434782608695,0.12973596904285437,0.0855537270813863,140,374,86,58,0.5,1.0,1.1443768996960486,1.1443768996960486,0.22492401215805471,0.5169491525423728,0.16111111111111112,753,753,118,540,61,87
soft,random_error_oracle,1,55,3,658,198,460,0.8888120333772507,0.7593445980542755,0.7872340425531915,0.7424242424242424,0.8065217391304348,0.12993667147027152,0.08712597076712997,147,371,89,51,0.5,1.0,1.3632218844984803,1.3632218844984803,0.25227963525835867,0.6101694915254238,0.17407407407407408,897,897,118,540,72,94
soft,random_error_oracle,1,55,4,658,198,460,0.8882630654369785,0.7586680717414662,0.78419452887538,0.7626262626262627,0.7934782608695652,0.1314599606097883,0.08757828648231109,151,365,95,47,0.5,1.0,1.4437689969604863,1.4437689969604863,0.26443768996960487,0.635593220338983,0.18333333333333332,950,950,118,540,75,99
soft,random_error_oracle,1,55,5,658,198,460,0.8867039964866053,0.7538409938208697,0.7796352583586627,0.7575757575757576,0.7891304347826087,0.13208331018942154,0.089585656717809,150,363,97,48,0.5,1.0,1.4635258358662615,1.4635258358662615,0.2689969604863222,0.635593220338983,0.18888888888888888,963,963,118,540,75,102
soft,random_error_oracle,1,55,6,658,198,460,0.8869565217391304,0.7538409938208697,0.7796352583586627,0.7575757575757576,0.7891304347826087,0.13235132717029552,0.08991952558886733,150,363,97,48,0.5,1.0,1.4680851063829787,1.4680851063829787,0.2689969604863222,0.635593220338983,0.18888888888888888,966,966,118,540,75,102
soft,random_error_oracle,1,55,7,658,198,460,0.886528326745718,0.7538409938208697,0.7796352583586627,0.7575757575757576,0.7891304347826087,0.13258977388471305,0.09029093052665495,150,363,97,48,0.5,1.0,1.4696048632218845,1.4696048632218845,0.2689969604863222,0.635593220338983,0.18888888888888888,967,967,118,540,75,102
soft,random_error_oracle,1,56,0,658,198,460,0.8635375494071147,0.772002772002772,0.8206686930091185,0.5959595959595959,0.9173913043478261,0.12792545989565157,0.02485381406775575,118,422,38,80,0.5,,0.0,0.0,0.0,0.0,0.0,0,0,118,540,0,0
soft,random_error_oracle,1,56,1,658,198,460,0.8785133948177427,0.7595156722976272,0.8009118541033434,0.6414141414141414,0.8695652173913043,0.12851330257490115,0.04788718223713208,127,400,60,71,0.5,1.0,0.7112462006079028,0.7112462006079028,0.12917933130699089,0.3050847457627119,0.09074074074074075,468,468,118,540,36,49
soft,random_error_oracle,1,56,2,658,198,460,0.8751866490996926,0.7306661385092758,0.7644376899696048,0.6818181818181818,0.8,0.13618676194033663,0.07879285737915104,135,368,92,63,0.5,1.0,1.1443768996960486,1.1443768996960486,0.22036474164133737,0.4576271186440678,0.1685185185185185,753,753,118,540,54,91
soft,random_error_oracle,1,56,3,658,198,460,0.8898440931049627,0.7649440342938795,0.790273556231003,0.7676767676767676,0.8,0.13000495713189483,0.08764908634616758,152,368,92,46,0.5,1.0,1.3632218844984803,1.3632218844984803,0.25835866261398177,0.635593220338983,0.17592592592592593,897,897,118,540,75,95
soft,random_error_oracle,1,56,4,658,198,460,0.888449714536671,0.7577662617166483,0.7826747720364742,0.7676767676767676,0.7891304347826087,0.131774840302161,0.08937528348261457,152,363,97,46,0.5,1.0,1.4437689969604863,1.4437689969604863,0.26595744680851063,0.635593220338983,0.18518518518518517,950,950,118,540,75,100
soft,random_error_oracle,1,56,5,658,198,460,0.8878678085199825,0.7538409938208697,0.7796352583586627,0.7575757575757576,0.7891304347826087,0.13187219150389579,0.09004598022171979,150,363,97,48,0.5,1.0,1.4635258358662615,1.4635258358662615,0.2689969604863222,0.635593220338983,0.18888888888888888,963,963,118,540,75,102
soft,random_error_oracle,1,56,6,658,198,460,0.8870663153271849,0.7538409938208697,0.7796352583586627,0.7575757575757576,0.7891304347826087,0.13231563272604865,0.08989831691980435,150,363,97,48,0.5,1.0,1.4680851063829787,1.4680851063829787,0.2689969604863222,0.635593220338983,0.18888888888888888,966,966,118,540,75,102
soft,random_error_oracle,1,56,7,658,198,460,0.886528326745718,0.7538409938208697,0.7796352583586627,0.7575757575757576,0.7891304347826087,0.13258977388471305,0.09029093052665495,150,363,97,48,0.5,1.0,1.4696048632218845,1.4696048632218845,0.2689969604863222,0.635593220338983,0.18888888888888888,967,967,118,540,75,102
soft,random_error_oracle,1,57,0,658,198,460,0.8635375494071147,0.772002772002772,0.8206686930091185,0.5959595959595959,0.9173913043478261,0.12792545989565157,0.02485381406775575,118,422,38,80,0.5,,0.0,0.0,0.0,0.0,0.0,0,0,118,540,0,0
soft,random_error_oracle,1,57,1,658,198,460,0.8736275801493193,0.764610943336578,0.8039513677811551,0.6565656565656566,0.8673913043478261,0.12956622766011403,0.04849323079140588,130,399,61,68,0.5,1.0,0.7112462006079028,0.7112462006079028,0.13221884498480244,0.3220338983050847,0.09074074074074075,468,468,118,540,38,49
soft,random_error_oracle,1,57,2,658,198,460,0.881675450153711,0.7500870390884633,0.7811550151975684,0.7121212121212122,0.8108695652173913,0.1320488321449728,0.0856604179019775,141,373,87,57,0.5,1.0,1.1443768996960486,1.1443768996960486,0.22492401215805471,0.5169491525423728,0.16111111111111112,753,753,118,540,61,87
soft,random_error_oracle,1,57,3,658,198,460,0.8863965744400528,0.758467990721722,0.7857142857142857,0.7474747474747475,0.8021739130434783,0.13137988950379995,0.08845135686525668,148,369,91,50,0.5,1.0,1.3632218844984803,1.3632218844984803,0.2507598784194529,0.6016949152542372,0.17407407407407408,897,897,118,540,71,94
soft,random_error_oracle,1,57,4,658,198,460,0.8895915678524374,0.7586680717414662,0.78419452887538,0.7626262626262627,0.7934782608695652,0.1307488164501827,0.0880857695925557,151,365,95,47,0.5,1.0,1.4437689969604863,1.4437689969604863,0.26443768996960487,0.635593220338983,0.18333333333333332,950,950,118,540,75,99
soft,random_error_oracle,1,57,5,658,198,460,0.886824769433465,0.7538409938208697,0.7796352583586627,0.7575757575757576,0.7891304347826087,0.13242706641711888,0.09025724324943951,150,363,97,48,0.5,1.0,1.4635258358662615,1.4635258358662615,0.2689969604863222,0.635593220338983,0.18888888888888888,963,963,118,540,75,102
soft,random_error_oracle,1,57,6,658,198,460,0.8870663153271849,0.7538409938208697,0.7796352583586627,0.7575757575757576,0.7891304347826087,0.13231563272604865,0.08989831691980435,150,363,97,48,0.5,1.0,1.4680851063829787,1.4680851063829787,0.2689969604863222,0.635593220338983,0.18888888888888888,966,966,118,540,75,102
soft,random_error_oracle,1,57,7,658,198,460,0.886528326745718,0.7538409938208697,0.7796352583586627,0.7575757575757576,0.7891304347826087,0.13258977388471305,0.09029093052665495,150,363,97,48,0.5,1.0,1.4696048632218845,1.4696048632218845,0.2689969604863222,0.635593220338983,0.18888888888888888,967,967,118,540,75,102
soft,random_error_oracle,1,58,0,658,198,460,0.8635375494071147,0.772002772002772,0.8206686930091185,0.5959595959595959,0.9173913043478261,0.12792545989565157,0.02485381406775575,118,422,38,80,0.5,,0.0,0.0,0.0,0.0,0.0,0,0,118,540,0,0
soft,random_error_oracle,1,58,1,658,198,460,0.8794466403162057,0.7674706246134817,0.8054711246200608,0.6666666666666666,0.8652173913043478,0.1266269757833414,0.05233444552824241,132,398,62,66,0.5,1.0,0.7112462006079028,0.7112462006079028,0.13069908814589665,0.3220338983050847,0.08888888888888889,468,468,118,540,38,48
soft,random_error_oracle,1,58,2,658,198,460,0.8911176987263942,0.7613537389573224,0.7917933130699089,0.7222222222222222,0.8217391304347826,0.12643385350216996,0.0854375219669803,143,378,82,55,0.5,1.0,1.1443768996960486,1.1443768996960486,0.21428571428571427,0.5169491525423728,0.14814814814814814,753,753,118,540,61,80
soft,random_error_oracle,1,58,3,658,198,460,0.8846618357487923,0.7595646258503401,0.7857142857142857,0.7575757575757576,0.7978260869565217,0.13293006695352408,0.08769224967254353,150,367,93,48,0.5,1.0,1.3632218844984803,1.3632218844984803,0.256838905775076,0.6186440677966102,0.17777777777777778,897,897,118,540,73,96
soft,random_error_oracle,1,58,4,658,198,460,0.8881422924901186,0.7558064017318695,0.7811550151975684,0.7626262626262627,0.7891304347826087,0.13177268496316719,0.08836636847392691,151,363,97,47,0.5,1.0,1.4437689969604863,1.4437689969604863,0.2674772036474164,0.635593220338983,0.18703703703703703,950,950,118,540,75,101
soft,random_error_oracle,1,58,5,658,198,460,0.8881203337725078,0.7538409938208697,0.7796352583586627,0.7575757575757576,0.7891304347826087,0.13175360360117447,0.09188040246501926,150,363,97,48,0.5,1.0,1.4635258358662615,1.4635258358662615,0.2689969604863222,0.635593220338983,0.18888888888888888,963,963,118,540,75,102
soft,random_error_oracle,1,58,6,658,198,460,0.8870772946859902,0.7538409938208697,0.7796352583586627,0.7575757575757576,0.7891304347826087,0.13230404408262497,0.08989135458020613,150,363,97,48,0.5,1.0,1.4680851063829787,1.4680851063829787,0.2689969604863222,0.635593220338983,0.18888888888888888,966,966,118,540,75,102
soft,random_error_oracle,1,58,7,658,198,460,0.886528326745718,0.7538409938208697,0.7796352583586627,0.7575757575757576,0.7891304347826087,0.13258977388471305,0.09029093052665495,150,363,97,48,0.5,1.0,1.4696048632218845,1.4696048632218845,0.2689969604863222,0.635593220338983,0.18888888888888888,967,967,118,540,75,102
soft,random_error_oracle,1,59,0,658,198,460,0.8635375494071147,0.772002772002772,0.8206686930091185,0.5959595959595959,0.9173913043478261,0.12792545989565157,0.02485381406775575,118,422,38,80,0.5,,0.0,0.0,0.0,0.0,0.0,0,0,118,540,0,0
soft,random_error_oracle,1,59,1,658,198,460,0.8689174352217831,0.7514664059722715,0.7933130699088146,0.6363636363636364,0.8608695652173913,0.13102434535567556,0.05617742630827872,126,396,64,72,0.5,1.0,0.7112462006079028,0.7112462006079028,0.13069908814589665,0.288135593220339,0.0962962962962963,468,468,118,540,34,52
soft,random_error_oracle,1,59,2,658,198,460,0.8845630215195432,0.7549930679342445,0.7857142857142857,0.7171717171717171,0.8152173913043478,0.13100885224766698,0.07510236820257453,142,375,85,56,0.5,1.0,1.1443768996960486,1.1443768996960486,0.22644376899696048,0.5338983050847458,0.15925925925925927,753,753,118,540,63,86
soft,random_error_oracle,1,59,3,658,198,460,0.8861550285463329,0.7624382147671577,0.7887537993920972,0.7575757575757576,0.8021739130434783,0.13180163394766256,0.0876822876929989,150,369,91,48,0.5,1.0,1.3632218844984803,1.3632218844984803,0.25379939209726443,0.6186440677966102,0.17407407407407408,897,897,118,540,73,94
soft,random_error_oracle,1,59,4,658,198,460,0.8857927097057532,0.7566989623492847,0.7826747720364742,0.7575757575757576,0.7934782608695652,0.13240152586110315,0.08572859793113823,150,365,95,48,0.5,1.0,1.4437689969604863,1.4437689969604863,0.26595744680851063,0.635593220338983,0.18518518518518517,950,950,118,540,75,100
soft,random_error_oracle,1,59,5,658,198,460,0.8865393061045236,0.7538409938208697,0.7796352583586627,0.7575757575757576,0.7891304347826087,0.13215901654992107,0.08961412773154818,150,363,97,48,0.5,1.0,1.4635258358662615,1.4635258358662615,0.2689969604863222,0.635593220338983,0.18888888888888888,963,963,118,540,75,102
soft,random_error_oracle,1,59,6,658,198,460,0.8870772946859902,0.7538409938208697,0.7796352583586627,0.7575757575757576,0.7891304347826087,0.13230404408262497,0.08989135458020613,150,363,97,48,0.5,1.0,1.4680851063829787,1.4680851063829787,0.2689969604863222,0.635593220338983,0.18888888888888888,966,966,118,540,75,102
soft,random_error_oracle,1,59,7,658,198,460,0.886528326745718,0.7538409938208697,0.7796352583586627,0.7575757575757576,0.7891304347826087,0.13258977388471305,0.09029093052665495,150,363,97,48,0.5,1.0,1.4696048632218845,1.4696048632218845,0.2689969604863222,0.635593220338983,0.18888888888888888,967,967,118,540,75,102
soft,random_error_oracle,1,60,0,658,198,460,0.8635375494071147,0.772002772002772,0.8206686930091185,0.5959595959595959,0.9173913043478261,0.12792545989565157,0.02485381406775575,118,422,38,80,0.5,,0.0,0.0,0.0,0.0,0.0,0,0,118,540,0,0
soft,random_error_oracle,1,60,1,658,198,460,0.8701032059727711,0.7565048883766522,0.8009118541033434,0.6212121212121212,0.8782608695652174,0.13091843695393673,0.0505313392171382,123,404,56,75,0.5,1.0,0.7112462006079028,0.7112462006079028,0.13221884498480244,0.3135593220338983,0.09259259259259259,468,468,118,540,37,50
soft,random_error_oracle,1,60,2,658,198,460,0.8793148880105403,0.7584683435663828,0.7887537993920972,0.7222222222222222,0.8173913043478261,0.13241042294134112,0.07251822977768806,143,376,84,55,0.5,1.0,1.1443768996960486,1.1443768996960486,0.22340425531914893,0.5338983050847458,0.15555555555555556,753,753,118,540,63,84
soft,random_error_oracle,1,60,3,658,198,460,0.8873956960913483,0.7547242096979612,0.7811550151975684,0.7525252525252525,0.7934782608695652,0.1314914443230515,0.0895236218007558,149,365,95,49,0.5,1.0,1.3632218844984803,1.3632218844984803,0.25227963525835867,0.5932203389830508,0.17777777777777778,897,897,118,540,70,96
soft,random_error_oracle,1,60,4,658,198,460,0.8876482213438734,0.7586680717414662,0.78419452887538,0.7626262626262627,0.7934782608695652,0.1317870728749587,0.08495960654600837,151,365,95,47,0.5,1.0,1.4437689969604863,1.4437689969604863,0.26443768996960487,0.635593220338983,0.18333333333333332,950,950,118,540,75,99
soft,random_error_oracle,1,60,5,658,198,460,0.8866051822573563,0.7538409938208697,0.7796352583586627,0.7575757575757576,0.7891304347826087,0.13213722674894268,0.08940768148551075,150,363,97,48,0.5,1.0,1.4635258358662615,1.4635258358662615,0.2689969604863222,0.635593220338983,0.18888888888888888,963,963,118,540,75,102
soft,random_error_oracle,1,60,6,658,198,460,0.8869565217391304,0.7538409938208697,0.7796352583586627,0.7575757575757576,0.7891304347826087,0.13235132717029552,0.08991952558886733,150,363,97,48,0.5,1.0,1.4680851063829787,1.4680851063829787,0.2689969604863222,0.635593220338983,0.18888888888888888,966,966,118,540,75,102
soft,random_error_oracle,1,60,7,658,198,460,0.886528326745718,0.7538409938208697,0.7796352583586627,0.7575757575757576,0.7891304347826087,0.13258977388471305,0.09029093052665495,150,363,97,48,0.5,1.0,1.4696048632218845,1.4696048632218845,0.2689969604863222,0.635593220338983,0.18888888888888888,967,967,118,540,75,102
soft,random_error_oracle,1,61,0,658,198,460,0.8635375494071147,0.772002772002772,0.8206686930091185,0.5959595959595959,0.9173913043478261,0.12792545989565157,0.02485381406775575,118,422,38,80,0.5,,0.0,0.0,0.0,0.0,0.0,0,0,118,540,0,0
soft,random_error_oracle,1,61,1,658,198,460,0.8725845410628019,0.7616700076035114,0.8009118541033434,0.6565656565656566,0.8630434782608696,0.12927087347323937,0.05744689235885298,130,397,63,68,0.5,1.0,0.7112462006079028,0.7112462006079028,0.14437689969604864,0.3474576271186441,0.1,468,468,118,540,41,54
soft,random_error_oracle,1,61,2,658,198,460,0.8785353535353535,0.7478397816158329,0.7781155015197568,0.7171717171717171,0.8043478260869565,0.13443790309742865,0.077575816788914,142,370,90,56,0.5,1.0,1.1443768996960486,1.1443768996960486,0.2127659574468085,0.4745762711864407,0.15555555555555556,753,753,118,540,56,84
soft,random_error_oracle,1,61,3,658,198,460,0.8897891963109354,0.7581308178966006,0.78419452887538,0.7575757575757576,0.7956521739130434,0.13059047738599197,0.09548049740159484,150,366,94,48,0.5,1.0,1.3632218844984803,1.3632218844984803,0.25227963525835867,0.6016949152542372,0.17592592592592593,897,897,118,540,71,95
soft,random_error_oracle,1,61,4,658,198,460,0.887955643390426,0.7572362904578231,0.7826747720364742,0.7626262626262627,0.7913043478260869,0.13174891143267828,0.08789526143187437,151,364,96,47,0.5,1.0,1.4437689969604863,1.4437689969604863,0.26595744680851063,0.635593220338983,0.18518518518518517,950,950,118,540,75,100
soft,random_error_oracle,1,61,5,658,198,460,0.887143170838823,0.7538409938208697,0.7796352583586627,0.7575757575757576,0.7891304347826087,0.13224403475854718,0.0899255263745305,150,363,97,48,0.5,1.0,1.4635258358662615,1.4635258358662615,0.2689969604863222,0.635593220338983,0.18888888888888888,963,963,118,540,75,102
soft,random_error_oracle,1,61,6,658,198,460,0.8865063680281071,0.7538409938208697,0.7796352583586627,0.7575757575757576,0.7891304347826087,0.1326078385059408,0.09030054396180683,150,363,97,48,0.5,1.0,1.4680851063829787,1.4680851063829787,0.2689969604863222,0.635593220338983,0.18888888888888888,966,966,118,540,75,102
soft,random_error_oracle,1,61,7,658,198,460,0.886528326745718,0.7538409938208697,0.7796352583586627,0.7575757575757576,0.7891304347826087,0.13258977388471305,0.09029093052665495,150,363,97,48,0.5,1.0,1.4696048632218845,1.4696048632218845,0.2689969604863222,0.635593220338983,0.18888888888888888,967,967,118,540,75,102
soft,random_error_oracle,1,62,0,658,198,460,0.8635375494071147,0.772002772002772,0.8206686930091185,0.5959595959595959,0.9173913043478261,0.12792545989565157,0.02485381406775575,118,422,38,80,0.5,,0.0,0.0,0.0,0.0,0.0,0,0,118,540,0,0
soft,random_error_oracle,1,62,1,658,198,460,0.8769104084321476,0.7697409349448987,0.8085106382978723,0.6616161616161617,0.8717391304347826,0.1292490332800329,0.0644633547476196,131,401,59,67,0.5,1.0,0.7112462006079028,0.7112462006079028,0.13069908814589665,0.3305084745762712,0.08703703703703704,468,468,118,540,39,47
soft,random_error_oracle,1,62,2,658,198,460,0.8931379007465963,0.760500079126444,0.790273556231003,0.7272727272727273,0.8173913043478261,0.12635059219317674,0.08651605023764863,144,376,84,54,0.5,1.0,1.1443768996960486,1.1443768996960486,0.21580547112462006,0.5169491525423728,0.15,753,753,118,540,61,81
soft,random_error_oracle,1,62,3,658,198,460,0.8890755379885815,0.7538409938208697,0.7796352583586627,0.7575757575757576,0.7891304347826087,0.1317499936954699,0.09367305135289107,150,363,97,48,0.5,1.0,1.3632218844984803,1.3632218844984803,0.25379939209726443,0.5932203389830508,0.17962962962962964,897,897,118,540,70,97
soft,random_error_oracle,1,62,4,658,198,460,0.8870333772507686,0.7558064017318695,0.7811550151975684,0.7626262626262627,0.7891304347826087,0.13249443373646339,0.0892170535341048,151,363,97,47,0.5,1.0,1.4437689969604863,1.4437689969604863,0.2674772036474164,0.635593220338983,0.18703703703703703,950,950,118,540,75,101
soft,random_error_oracle,1,62,5,658,198,460,0.8872749231444884,0.7538409938208697,0.7796352583586627,0.7575757575757576,0.7891304347826087,0.13220228942934345,0.08988703686579409,150,363,97,48,0.5,1.0,1.4635258358662615,1.4635258358662615,0.2689969604863222,0.635593220338983,0.18888888888888888,963,963,118,540,75,102
soft,random_error_oracle,1,62,6,658,198,460,0.8865393061045235,0.7538409938208697,0.7796352583586627,0.7575757575757576,0.7891304347826087,0.13257179033593056,0.09028129529181703,150,363,97,48,0.5,1.0,1.4680851063829787,1.4680851063829787,0.2689969604863222,0.635593220338983,0.18888888888888888,966,966,118,540,75,102
soft,random_error_oracle,1,62,7,658,198,460,0.886528326745718,0.7538409938208697,0.7796352583586627,0.7575757575757576,0.7891304347826087,0.13258977388471305,0.09029093052665495,150,363,97,48,0.5,1.0,1.4696048632218845,1.4696048632218845,0.2689969604863222,0.635593220338983,0.18888888888888888,967,967,118,540,75,102
soft,random_error_oracle,1,63,0,658,198,460,0.8635375494071147,0.772002772002772,0.8206686930091185,0.5959595959595959,0.9173913043478261,0.12792545989565157,0.02485381406775575,118,422,38,80,0.5,,0.0,0.0,0.0,0.0,0.0,0,0,118,540,0,0
soft,random_error_oracle,1,63,1,658,198,460,0.8816974088713219,0.7704269812261173,0.8085106382978723,0.6666666666666666,0.8695652173913043,0.1243019533493601,0.061781468107271656,132,400,60,66,0.5,1.0,0.7112462006079028,0.7112462006079028,0.1398176291793313,0.3559322033898305,0.09259259259259259,468,468,118,540,42,50
soft,random_error_oracle,1,63,2,658,198,460,0.8819389547650417,0.7466160257424699,0.7781155015197568,0.7070707070707071,0.808695652173913,0.13182092556288824,0.08012238767338671,140,372,88,58,0.5,1.0,1.1443768996960486,1.1443768996960486,0.22492401215805471,0.5084745762711864,0.16296296296296298,753,753,118,540,60,88
soft,random_error_oracle,1,63,3,658,198,460,0.8915458937198069,0.7624382147671577,0.7887537993920972,0.7575757575757576,0.8021739130434783,0.12934335346489895,0.08662494239285316,150,369,91,48,0.5,1.0,1.3632218844984803,1.3632218844984803,0.256838905775076,0.6271186440677966,0.17592592592592593,897,897,118,540,74,95
soft,random_error_oracle,1,63,4,658,198,460,0.8882960035133948,0.7552690304983882,0.7811550151975684,0.7575757575757576,0.7913043478260869,0.13145918876168494,0.08763627967994707,150,364,96,48,0.5,1.0,1.4437689969604863,1.4437689969604863,0.2674772036474164,0.635593220338983,0.18703703703703703,950,950,118,540,75,101
soft,random_error_oracle,1,63,5,658,198,460,0.8876152832674572,0.7538409938208697,0.7796352583586627,0.7575757575757576,0.7891304347826087,0.1319834939668742,0.09010869098870757,150,363,97,48,0.5,1.0,1.4635258358662615,1.4635258358662615,0.2689969604863222,0.635593220338983,0.18888888888888888,963,963,118,540,75,102
soft,random_error_oracle,1,63,6,658,198,460,0.8863855950812471,0.7538409938208697,0.7796352583586627,0.7575757575757576,0.7891304347826087,0.13269821801204643,0.09034770361418558,150,363,97,48,0.5,1.0,1.4680851063829787,1.4680851063829787,0.2689969604863222,0.635593220338983,0.18888888888888888,966,966,118,540,75,102
soft,random_error_oracle,1,63,7,658,198,460,0.886528326745718,0.7538409938208697,0.7796352583586627,0.7575757575757576,0.7891304347826087,0.13258977388471305,0.09029093052665495,150,363,97,48,0.5,1.0,1.4696048632218845,1.4696048632218845,0.2689969604863222,0.635593220338983,0.18888888888888888,967,967,118,540,75,102
soft,random_error_oracle,1,64,0,658,198,460,0.8635375494071147,0.772002772002772,0.8206686930091185,0.5959595959595959,0.9173913043478261,0.12792545989565157,0.02485381406775575,118,422,38,80,0.5,,0.0,0.0,0.0,0.0,0.0,0,0,118,540,0,0
soft,random_error_oracle,1,64,1,658,198,460,0.87844751866491,0.7712246504396103,0.8100303951367781,0.6616161616161617,0.8739130434782608,0.1277917712977089,0.055065359367040455,131,402,58,67,0.5,1.0,0.7112462006079028,0.7112462006079028,0.12006079027355623,0.3050847457627119,0.07962962962962963,468,468,118,540,36,43
soft,random_error_oracle,1,64,2,658,198,460,0.8767127799736494,0.7403068956807275,0.7720364741641338,0.702020202020202,0.8021739130434783,0.1353631336090574,0.08400986943401952,139,369,91,59,0.5,1.0,1.1443768996960486,1.1443768996960486,0.2188449848024316,0.4745762711864407,0.16296296296296298,753,753,118,540,56,88
soft,random_error_oracle,1,64,3,658,198,460,0.8821475625823452,0.7527437641723356,0.7796352583586627,0.7474747474747475,0.7934782608695652,0.13448802916033395,0.09189234565782872,148,365,95,50,0.5,1.0,1.3632218844984803,1.3632218844984803,0.2507598784194529,0.5847457627118644,0.17777777777777778,897,897,118,540,69,96
soft,random_error_oracle,1,64,4,658,198,460,0.8880983750548967,0.7566989623492847,0.7826747720364742,0.7575757575757576,0.7934782608695652,0.13137998432723802,0.0911443536900576,150,365,95,48,0.5,1.0,1.4437689969604863,1.4437689969604863,0.26595744680851063,0.635593220338983,0.18518518518518517,950,950,118,540,75,100
soft,random_error_oracle,1,64,5,658,198,460,0.886528326745718,0.7538409938208697,0.7796352583586627,0.7575757575757576,0.7891304347826087,0.13263473210791232,0.09037461068677924,150,363,97,48,0.5,1.0,1.4635258358662615,1.4635258358662615,0.2689969604863222,0.635593220338983,0.18888888888888888,963,963,118,540,75,102
soft,random_error_oracle,1,64,6,658,198,460,0.8863855950812471,0.7538409938208697,0.7796352583586627,0.7575757575757576,0.7891304347826087,0.13269821801204643,0.09034770361418558,150,363,97,48,0.5,1.0,1.4680851063829787,1.4680851063829787,0.2689969604863222,0.635593220338983,0.18888888888888888,966,966,118,540,75,102
soft,random_error_oracle,1,64,7,658,198,460,0.886528326745718,0.7538409938208697,0.7796352583586627,0.7575757575757576,0.7891304347826087,0.13258977388471305,0.09029093052665495,150,363,97,48,0.5,1.0,1.4696048632218845,1.4696048632218845,0.2689969604863222,0.635593220338983,0.18888888888888888,967,967,118,540,75,102
soft,random_error_oracle,1,65,0,658,198,460,0.8635375494071147,0.772002772002772,0.8206686930091185,0.5959595959595959,0.9173913043478261,0.12792545989565157,0.02485381406775575,118,422,38,80,0.5,,0.0,0.0,0.0,0.0,0.0,0,0,118,540,0,0
soft,random_error_oracle,1,65,1,658,198,460,0.8729688186209925,0.7580313817653972,0.7978723404255319,0.6515151515151515,0.8608695652173913,0.12919215885065927,0.05953393885369681,129,396,64,69,0.5,1.0,0.7112462006079028,0.7112462006079028,0.11702127659574468,0.2627118644067797,0.08518518518518518,468,468,118,540,31,46
soft,random_error_oracle,1,65,2,658,198,460,0.8839920948616602,0.7451916871046856,0.776595744680851,0.7070707070707071,0.8065217391304348,0.13115988095078354,0.07817206074582059,140,371,89,58,0.5,1.0,1.1443768996960486,1.1443768996960486,0.22948328267477203,0.5169491525423728,0.16666666666666666,753,753,118,540,61,90
soft,random_error_oracle,1,65,3,658,198,460,0.8905357927097057,0.761000415110004,0.7872340425531915,0.7575757575757576,0.8,0.12930047285558643,0.08687424716541241,150,368,92,48,0.5,1.0,1.3632218844984803,1.3632218844984803,0.2553191489361702,0.6186440677966102,0.17592592592592593,897,897,118,540,73,95
soft,random_error_oracle,1,65,4,658,198,460,0.890074659639877,0.7591979794855935,0.78419452887538,0.7676767676767676,0.7913043478260869,0.13064522836872045,0.08821615546762868,152,364,96,46,0.5,1.0,1.4437689969604863,1.4437689969604863,0.26443768996960487,0.635593220338983,0.18333333333333332,950,950,118,540,75,99
soft,random_error_oracle,1,65,5,658,198,460,0.8876921387790954,0.7538409938208697,0.7796352583586627,0.7575757575757576,0.7891304347826087,0.13199871464137503,0.09225617195191911,150,363,97,48,0.5,1.0,1.4635258358662615,1.4635258358662615,0.2689969604863222,0.635593220338983,0.18888888888888888,963,963,118,540,75,102
soft,random_error_oracle,1,65,6,658,198,460,0.8863855950812471,0.7538409938208697,0.7796352583586627,0.7575757575757576,0.7891304347826087,0.13269821801204643,0.09034770361418558,150,363,97,48,0.5,1.0,1.4680851063829787,1.4680851063829787,0.2689969604863222,0.635593220338983,0.18888888888888888,966,966,118,540,75,102
soft,random_error_oracle,1,65,7,658,198,460,0.886528326745718,0.7538409938208697,0.7796352583586627,0.7575757575757576,0.7891304347826087,0.13258977388471305,0.09029093052665495,150,363,97,48,0.5,1.0,1.4696048632218845,1.4696048632218845,0.2689969604863222,0.635593220338983,0.18888888888888888,967,967,118,540,75,102
soft,random_error_oracle,1,66,0,658,198,460,0.8635375494071147,0.772002772002772,0.8206686930091185,0.5959595959595959,0.9173913043478261,0.12792545989565157,0.02485381406775575,118,422,38,80,0.5,,0.0,0.0,0.0,0.0,0.0,0,0,118,540,0,0
soft,random_error_oracle,1,66,1,658,198,460,0.877832674571805,0.7689472592797401,0.8069908814589666,0.6666666666666666,0.8673913043478261,0.12766279441705758,0.06104410940178352,132,399,61,66,0.5,1.0,0.7112462006079028,0.7112462006079028,0.13829787234042554,0.3474576271186441,0.09259259259259259,468,468,118,540,41,50
soft,random_error_oracle,1,66,2,658,198,460,0.8833443126921388,0.744717261904762,0.7781155015197568,0.6919191919191919,0.8152173913043478,0.13041195651728338,0.09153825188762167,137,375,85,61,0.5,1.0,1.1443768996960486,1.1443768996960486,0.2127659574468085,0.4745762711864407,0.15555555555555556,753,753,118,540,56,84
soft,random_error_oracle,1,66,3,658,198,460,0.8884606938954764,0.7570339397343485,0.78419452887538,0.7474747474747475,0.8,0.1308281763890697,0.0885324324826405,148,368,92,50,0.5,1.0,1.3632218844984803,1.3632218844984803,0.2613981762917933,0.6271186440677966,0.1814814814814815,897,897,118,540,74,98
soft,random_error_oracle,1,66,4,658,198,460,0.8899429073342117,0.7581308178966006,0.78419452887538,0.7575757575757576,0.7956521739130434,0.13028200366414275,0.0855331058825532,150,366,94,48,0.5,1.0,1.4437689969604863,1.4437689969604863,0.26443768996960487,0.635593220338983,0.18333333333333332,950,950,118,540,75,99
soft,random_error_oracle,1,66,5,658,198,460,0.8880215195432586,0.7538409938208697,0.7796352583586627,0.7575757575757576,0.7891304347826087,0.13182081698018375,0.09191143304659702,150,363,97,48,0.5,1.0,1.4635258358662615,1.4635258358662615,0.2689969604863222,0.635593220338983,0.18888888888888888,963,963,118,540,75,102
soft,random_error_oracle,1,66,6,658,198,460,0.8870772946859902,0.7538409938208697,0.7796352583586627,0.7575757575757576,0.7891304347826087,0.13230404408262497,0.08989135458020613,150,363,97,48,0.5,1.0,1.4680851063829787,1.4680851063829787,0.2689969604863222,0.635593220338983,0.18888888888888888,966,966,118,540,75,102
soft,random_error_oracle,1,66,7,658,198,460,0.886528326745718,0.7538409938208697,0.7796352583586627,0.7575757575757576,0.7891304347826087,0.13258977388471305,0.09029093052665495,150,363,97,48,0.5,1.0,1.4696048632218845,1.4696048632218845,0.2689969604863222,0.635593220338983,0.18888888888888888,967,967,118,540,75,102
soft,random_error_oracle,1,67,0,658,198,460,0.8635375494071147,0.772002772002772,0.8206686930091185,0.5959595959595959,0.9173913043478261,0.12792545989565157,0.02485381406775575,118,422,38,80,0.5,,0.0,0.0,0.0,0.0,0.0,0,0,118,540,0,0
soft,random_error_oracle,1,67,1,658,198,460,0.8684014053579271,0.7573095493562232,0.7993920972644377,0.6363636363636364,0.8695652173913043,0.13057239947850918,0.05133115275872155,126,400,60,72,0.5,1.0,0.7112462006079028,0.7112462006079028,0.1398176291793313,0.3305084745762712,0.09814814814814815,468,468,118,540,39,53
soft,random_error_oracle,1,67,2,658,198,460,0.8784036012296881,0.741870500546031,0.7750759878419453,0.6919191919191919,0.8108695652173913,0.13306284159091722,0.07572762228368735,137,373,87,61,0.5,1.0,1.1443768996960486,1.1443768996960486,0.2127659574468085,0.4661016949152542,0.1574074074074074,753,753,118,540,55,85
soft,random_error_oracle,1,67,3,658,198,460,0.8826306543697848,0.7550420047745123,0.7826747720364742,0.7424242424242424,0.8,0.13344562510966831,0.08384133078929233,147,368,92,51,0.5,1.0,1.3632218844984803,1.3632218844984803,0.256838905775076,0.6101694915254238,0.17962962962962964,897,897,118,540,72,97
soft,random_error_oracle,1,67,4,658,198,460,0.8875054896794027,0.7601017740646793,0.7857142857142857,0.7626262626262627,0.7956521739130434,0.1313984556848229,0.08546798178662851,151,366,94,47,0.5,1.0,1.4437689969604863,1.4437689969604863,0.2629179331306991,0.635593220338983,0.1814814814814815,950,950,118,540,75,98
soft,random_error_oracle,1,67,5,658,198,460,0.8862099253403602,0.7538409938208697,0.7796352583586627,0.7575757575757576,0.7891304347826087,0.13238901159408836,0.08978291959835279,150,363,97,48,0.5,1.0,1.4635258358662615,1.4635258358662615,0.2689969604863222,0.635593220338983,0.18888888888888888,963,963,118,540,75,102
soft,random_error_oracle,1,67,6,658,198,460,0.8867808519982433,0.7538409938208697,0.7796352583586627,0.7575757575757576,0.7891304347826087,0.132435131912625,0.08996799949141948,150,363,97,48,0.5,1.0,1.4680851063829787,1.4680851063829787,0.2689969604863222,0.635593220338983,0.18888888888888888,966,966,118,540,75,102
soft,random_error_oracle,1,67,7,658,198,460,0.886528326745718,0.7538409938208697,0.7796352583586627,0.7575757575757576,0.7891304347826087,0.13258977388471305,0.09029093052665495,150,363,97,48,0.5,1.0,1.4696048632218845,1.4696048632218845,0.2689969604863222,0.635593220338983,0.18888888888888888,967,967,118,540,75,102
soft,random_error_oracle,1,68,0,658,198,460,0.8635375494071147,0.772002772002772,0.8206686930091185,0.5959595959595959,0.9173913043478261,0.12792545989565157,0.02485381406775575,118,422,38,80,0.5,,0.0,0.0,0.0,0.0,0.0,0,0,118,540,0,0
soft,random_error_oracle,1,68,1,658,198,460,0.8767127799736496,0.7565613193268832,0.7993920972644377,0.6313131313131313,0.8717391304347826,0.12844213652909614,0.05605904288336628,125,401,59,73,0.5,1.0,0.7112462006079028,0.7112462006079028,0.12158054711246201,0.2796610169491525,0.08703703703703704,468,468,118,540,33,47
soft,random_error_oracle,1,68,2,658,198,460,0.87487922705314,0.7453587370251387,0.7781155015197568,0.696969696969697,0.8130434782608695,0.13468781036801417,0.07439415474561288,138,374,86,60,0.5,1.0,1.1443768996960486,1.1443768996960486,0.22188449848024316,0.5,0.16111111111111112,753,753,118,540,59,87
soft,random_error_oracle,1,68,3,658,198,460,0.8826745718050066,0.7541718555417185,0.7811550151975684,0.7474747474747475,0.7956521739130434,0.13333781888358825,0.08550916795562004,148,366,94,50,0.5,1.0,1.3632218844984803,1.3632218844984803,0.25835866261398177,0.6101694915254238,0.1814814814814815,897,897,118,540,72,98
soft,random_error_oracle,1,68,4,658,198,460,0.8878019323671498,0.7566989623492847,0.7826747720364742,0.7575757575757576,0.7934782608695652,0.13134172906762118,0.08759583318485445,150,365,95,48,0.5,1.0,1.4437689969604863,1.4437689969604863,0.26595744680851063,0.635593220338983,0.18518518518518517,950,950,118,540,75,100
soft,random_error_oracle,1,68,5,658,198,460,0.8872968818620993,0.7538409938208697,0.7796352583586627,0.7575757575757576,0.7891304347826087,0.13216918612517498,0.08987665693793834,150,363,97,48,0.5,1.0,1.4635258358662615,1.4635258358662615,0.2689969604863222,0.635593220338983,0.18888888888888888,963,963,118,540,75,102
soft,random_error_oracle,1,68,6,658,198,460,0.8869565217391304,0.7538409938208697,0.7796352583586627,0.7575757575757576,0.7891304347826087,0.13235132717029552,0.08991952558886733,150,363,97,48,0.5,1.0,1.4680851063829787,1.4680851063829787,0.2689969604863222,0.635593220338983,0.18888888888888888,966,966,118,540,75,102
soft,random_error_oracle,1,68,7,658,198,460,0.886528326745718,0.7538409938208697,0.7796352583586627,0.7575757575757576,0.7891304347826087,0.13258977388471305,0.09029093052665495,150,363,97,48,0.5,1.0,1.4696048632218845,1.4696048632218845,0.2689969604863222,0.635593220338983,0.18888888888888888,967,967,118,540,75,102
soft,random_error_oracle,1,69,0,658,198,460,0.8635375494071147,0.772002772002772,0.8206686930091185,0.5959595959595959,0.9173913043478261,0.12792545989565157,0.02485381406775575,118,422,38,80,0.5,,0.0,0.0,0.0,0.0,0.0,0,0,118,540,0,0
soft,random_error_oracle,1,69,1,658,198,460,0.8637351778656126,0.7507159173212992,0.7933130699088146,0.6313131313131313,0.8630434782608696,0.13501102693342154,0.05157546003648485,125,397,63,73,0.5,1.0,0.7112462006079028,0.7112462006079028,0.1094224924012158,0.2288135593220339,0.08333333333333333,468,468,118,540,27,45
soft,random_error_oracle,1,69,2,658,198,460,0.8742753623188406,0.7342261904761904,0.7689969604863222,0.6767676767676768,0.808695652173913,0.1352659392239364,0.07979998334961934,134,372,88,64,0.5,1.0,1.1443768996960486,1.1443768996960486,0.2188449848024316,0.4661016949152542,0.1648148148148148,753,753,118,540,55,89
soft,random_error_oracle,1,69,3,658,198,460,0.8850021958717611,0.7507575757575757,0.7781155015197568,0.7424242424242424,0.7934782608695652,0.13249299814128493,0.08731391850755388,147,365,95,51,0.5,1.0,1.3632218844984803,1.3632218844984803,0.2613981762917933,0.6101694915254238,0.18518518518518517,897,897,118,540,72,100
soft,random_error_oracle,1,69,4,658,198,460,0.8880983750548967,0.7552690304983882,0.7811550151975684,0.7575757575757576,0.7913043478260869,0.1314950780785954,0.08911724517385734,150,364,96,48,0.5,1.0,1.4437689969604863,1.4437689969604863,0.2674772036474164,0.635593220338983,0.18703703703703703,950,950,118,540,75,101
soft,random_error_oracle,1,69,5,658,198,460,0.8860232762406676,0.7538409938208697,0.7796352583586627,0.7575757575757576,0.7891304347826087,0.13249597328732696,0.08962759237229133,150,363,97,48,0.5,1.0,1.4635258358662615,1.4635258358662615,0.2689969604863222,0.635593220338983,0.18888888888888888,963,963,118,540,75,102
soft,random_error_oracle,1,69,6,658,198,460,0.8865063680281071,0.7538409938208697,0.7796352583586627,0.7575757575757576,0.7891304347826087,0.1326078385059408,0.09030054396180683,150,363,97,48,0.5,1.0,1.4680851063829787,1.4680851063829787,0.2689969604863222,0.635593220338983,0.18888888888888888,966,966,118,540,75,102
soft,random_error_oracle,1,69,7,658,198,460,0.886528326745718,0.7538409938208697,0.7796352583586627,0.7575757575757576,0.7891304347826087,0.13258977388471305,0.09029093052665495,150,363,97,48,0.5,1.0,1.4696048632218845,1.4696048632218845,0.2689969604863222,0.635593220338983,0.18888888888888888,967,967,118,540,75,102
soft,random_error_oracle,1,70,0,658,198,460,0.8635375494071147,0.772002772002772,0.8206686930091185,0.5959595959595959,0.9173913043478261,0.12792545989565157,0.02485381406775575,118,422,38,80,0.5,,0.0,0.0,0.0,0.0,0.0,0,0,118,540,0,0
soft,random_error_oracle,1,70,1,658,198,460,0.8814339042599912,0.7617137444983008,0.8024316109422492,0.6464646464646465,0.8695652173913043,0.12603941111850275,0.061482169149040936,128,400,60,70,0.5,1.0,0.7112462006079028,0.7112462006079028,0.12158054711246201,0.288135593220339,0.08518518518518518,468,468,118,540,34,46
soft,random_error_oracle,1,70,2,658,198,460,0.8863306982872201,0.7498656389686316,0.7796352583586627,0.7222222222222222,0.8043478260869565,0.1297615934052426,0.08753898124770691,143,370,90,55,0.5,1.0,1.1443768996960486,1.1443768996960486,0.22036474164133737,0.5,0.15925925925925927,753,753,118,540,59,86
soft,random_error_oracle,1,70,3,658,198,460,0.8908761528326746,0.7590200595839514,0.7857142857142857,0.7525252525252525,0.8,0.1299409212780762,0.0956071137004212,149,368,92,49,0.5,1.0,1.3632218844984803,1.3632218844984803,0.25987841945288753,0.6271186440677966,0.17962962962962964,897,897,118,540,74,97
soft,random_error_oracle,1,70,4,658,198,460,0.8865502854633289,0.7566989623492847,0.7826747720364742,0.7575757575757576,0.7934782608695652,0.13229104756919194,0.086433673539458,150,365,95,48,0.5,1.0,1.4437689969604863,1.4437689969604863,0.26595744680851063,0.635593220338983,0.18518518518518517,950,950,118,540,75,100
soft,random_error_oracle,1,70,5,658,198,460,0.8866381203337725,0.7538409938208697,0.7796352583586627,0.7575757575757576,0.7891304347826087,0.13254350882146476,0.09032721114211939,150,363,97,48,0.5,1.0,1.4635258358662615,1.4635258358662615,0.2689969604863222,0.635593220338983,0.18888888888888888,963,963,118,540,75,102
soft,random_error_oracle,1,70,6,658,198,460,0.8863855950812471,0.7538409938208697,0.7796352583586627,0.7575757575757576,0.7891304347826087,0.13269821801204643,0.09034770361418558,150,363,97,48,0.5,1.0,1.4680851063829787,1.4680851063829787,0.2689969604863222,0.635593220338983,0.18888888888888888,966,966,118,540,75,102
soft,random_error_oracle,1,70,7,658,198,460,0.886528326745718,0.7538409938208697,0.7796352583586627,0.7575757575757576,0.7891304347826087,0.13258977388471305,0.09029093052665495,150,363,97,48,0.5,1.0,1.4696048632218845,1.4696048632218845,0.2689969604863222,0.635593220338983,0.18888888888888888,967,967,118,540,75,102
soft,random_error_oracle,1,71,0,658,198,460,0.8635375494071147,0.772002772002772,0.8206686930091185,0.5959595959595959,0.9173913043478261,0.12792545989565157,0.02485381406775575,118,422,38,80,0.5,,0.0,0.0,0.0,0.0,0.0,0,0,118,540,0,0
soft,random_error_oracle,1,71,1,658,198,460,0.86699604743083,0.7543697848045674,0.7933130699088146,0.6565656565656566,0.8521739130434782,0.13258037659147093,0.0572364572337745,130,392,68,68,0.5,1.0,0.7112462006079028,0.7112462006079028,0.13677811550151975,0.3050847457627119,0.1,468,468,118,540,36,54
soft,random_error_oracle,1,71,2,658,198,460,0.8790074659639877,0.738890947459155,0.770516717325228,0.702020202020202,0.8,0.13380195028602193,0.08506558343384062,139,368,92,59,0.5,1.0,1.1443768996960486,1.1443768996960486,0.21428571428571427,0.4576271186440678,0.16111111111111112,753,753,118,540,54,87
soft,random_error_oracle,1,71,3,658,198,460,0.8883728590250329,0.7590200595839514,0.7857142857142857,0.7525252525252525,0.8,0.13044410933421935,0.0889715876344111,149,368,92,49,0.5,1.0,1.3632218844984803,1.3632218844984803,0.2507598784194529,0.6016949152542372,0.17407407407407408,897,897,118,540,71,94
soft,random_error_oracle,1,71,4,658,198,460,0.8909530083443127,0.7586680717414662,0.78419452887538,0.7626262626262627,0.7934782608695652,0.12984640627899,0.08558022892731788,151,365,95,47,0.5,1.0,1.4437689969604863,1.4437689969604863,0.26443768996960487,0.635593220338983,0.18333333333333332,950,950,118,540,75,99
soft,random_error_oracle,1,71,5,658,198,460,0.8876921387790954,0.7538409938208697,0.7796352583586627,0.7575757575757576,0.7891304347826087,0.13195392159742292,0.09009030875715639,150,363,97,48,0.5,1.0,1.4635258358662615,1.4635258358662615,0.2689969604863222,0.635593220338983,0.18888888888888888,963,963,118,540,75,102
soft,random_error_oracle,1,71,6,658,198,460,0.8870663153271849,0.7538409938208697,0.7796352583586627,0.7575757575757576,0.7891304347826087,0.13231563272604865,0.08989831691980435,150,363,97,48,0.5,1.0,1.4680851063829787,1.4680851063829787,0.2689969604863222,0.635593220338983,0.18888888888888888,966,966,118,540,75,102
soft,random_error_oracle,1,71,7,658,198,460,0.886528326745718,0.7538409938208697,0.7796352583586627,0.7575757575757576,0.7891304347826087,0.13258977388471305,0.09029093052665495,150,363,97,48,0.5,1.0,1.4696048632218845,1.4696048632218845,0.2689969604863222,0.635593220338983,0.18888888888888888,967,967,118,540,75,102
soft,random_error_oracle,1,72,0,658,198,460,0.8635375494071147,0.772002772002772,0.8206686930091185,0.5959595959595959,0.9173913043478261,0.12792545989565157,0.02485381406775575,118,422,38,80,0.5,,0.0,0.0,0.0,0.0,0.0,0,0,118,540,0,0
soft,random_error_oracle,1,72,1,658,198,460,0.8758124725516029,0.764610943336578,0.8039513677811551,0.6565656565656566,0.8673913043478261,0.12794604981929925,0.06008682780796191,130,399,61,68,0.5,1.0,0.7112462006079028,0.7112462006079028,0.1413373860182371,0.3474576271186441,0.0962962962962963,468,468,118,540,41,52
soft,random_error_oracle,1,72,2,658,198,460,0.8761528326745719,0.7396739990504827,0.7720364741641338,0.696969696969697,0.8043478260869565,0.13450661786105544,0.08248389119841804,138,370,90,60,0.5,1.0,1.1443768996960486,1.1443768996960486,0.22188449848024316,0.4830508474576271,0.1648148148148148,753,753,118,540,57,89
soft,random_error_oracle,1,72,3,658,198,460,0.8832454984628898,0.7556019044007449,0.7826747720364742,0.7474747474747475,0.7978260869565217,0.13302517385178325,0.09070975569507107,148,367,93,50,0.5,1.0,1.3632218844984803,1.3632218844984803,0.2507598784194529,0.5932203389830508,0.17592592592592593,897,897,118,540,70,95
soft,random_error_oracle,1,72,4,658,198,460,0.887044356609574,0.7586680717414662,0.78419452887538,0.7626262626262627,0.7934782608695652,0.1316906184320823,0.08608588199034795,151,365,95,47,0.5,1.0,1.4437689969604863,1.4437689969604863,0.26443768996960487,0.635593220338983,0.18333333333333332,950,950,118,540,75,99
soft,random_error_oracle,1,72,5,658,198,460,0.8851559068950374,0.7538409938208697,0.7796352583586627,0.7575757575757576,0.7891304347826087,0.13300251080505998,0.09014165587369867,150,363,97,48,0.5,1.0,1.4635258358662615,1.4635258358662615,0.2689969604863222,0.635593220338983,0.18888888888888888,963,963,118,540,75,102
soft,random_error_oracle,1,72,6,658,198,460,0.8863855950812471,0.7538409938208697,0.7796352583586627,0.7575757575757576,0.7891304347826087,0.13269821801204643,0.09034770361418558,150,363,97,48,0.5,1.0,1.4680851063829787,1.4680851063829787,0.2689969604863222,0.635593220338983,0.18888888888888888,966,966,118,540,75,102
soft,random_error_oracle,1,72,7,658,198,460,0.886528326745718,0.7538409938208697,0.7796352583586627,0.7575757575757576,0.7891304347826087,0.13258977388471305,0.09029093052665495,150,363,97,48,0.5,1.0,1.4696048632218845,1.4696048632218845,0.2689969604863222,0.635593220338983,0.18888888888888888,967,967,118,540,75,102
soft,random_error_oracle,1,73,0,658,198,460,0.8635375494071147,0.772002772002772,0.8206686930091185,0.5959595959595959,0.9173913043478261,0.12792545989565157,0.02485381406775575,118,422,38,80,0.5,,0.0,0.0,0.0,0.0,0.0,0,0,118,540,0,0
soft,random_error_oracle,1,73,1,658,198,460,0.8699055775142732,0.7536626151196746,0.7948328267477204,0.6414141414141414,0.8608695652173913,0.13013274700273805,0.05722779633213049,127,396,64,71,0.5,1.0,0.7112462006079028,0.7112462006079028,0.12917933130699089,0.288135593220339,0.09444444444444444,468,468,118,540,34,51
soft,random_error_oracle,1,73,2,658,198,460,0.8860013175230567,0.7576197693020122,0.7872340425531915,0.7272727272727273,0.8130434782608695,0.13003107407445194,0.08496190421411615,144,374,86,54,0.5,1.0,1.1443768996960486,1.1443768996960486,0.22492401215805471,0.5338983050847458,0.1574074074074074,753,753,118,540,63,85
soft,random_error_oracle,1,73,3,658,198,460,0.8853754940711462,0.7570339397343485,0.78419452887538,0.7474747474747475,0.8,0.13238917775601808,0.0851566978022482,148,368,92,50,0.5,1.0,1.3632218844984803,1.3632218844984803,0.25227963525835867,0.6016949152542372,0.17592592592592593,897,897,118,540,71,95
soft,random_error_oracle,1,73,4,658,198,460,0.8891633728590251,0.7572362904578231,0.7826747720364742,0.7626262626262627,0.7913043478260869,0.1309143486913742,0.08719872315130922,151,364,96,47,0.5,1.0,1.4437689969604863,1.4437689969604863,0.26595744680851063,0.635593220338983,0.18518518518518517,950,950,118,540,75,100
soft,random_error_oracle,1,73,5,658,198,460,0.8886363636363637,0.7538409938208697,0.7796352583586627,0.7575757575757576,0.7891304347826087,0.13147814282921727,0.09193890962329905,150,363,97,48,0.5,1.0,1.4635258358662615,1.4635258358662615,0.2689969604863222,0.635593220338983,0.18888888888888888,963,963,118,540,75,102
soft,random_error_oracle,1,73,6,658,198,460,0.8867808519982433,0.7538409938208697,0.7796352583586627,0.7575757575757576,0.7891304347826087,0.132435131912625,0.08996799949141948,150,363,97,48,0.5,1.0,1.4680851063829787,1.4680851063829787,0.2689969604863222,0.635593220338983,0.18888888888888888,966,966,118,540,75,102
soft,random_error_oracle,1,73,7,658,198,460,0.886528326745718,0.7538409938208697,0.7796352583586627,0.7575757575757576,0.7891304347826087,0.13258977388471305,0.09029093052665495,150,363,97,48,0.5,1.0,1.4696048632218845,1.4696048632218845,0.2689969604863222,0.635593220338983,0.18888888888888888,967,967,118,540,75,102
soft,random_error_oracle,1,74,0,658,198,460,0.8635375494071147,0.772002772002772,0.8206686930091185,0.5959595959595959,0.9173913043478261,0.12792545989565157,0.02485381406775575,118,422,38,80,0.5,,0.0,0.0,0.0,0.0,0.0,0,0,118,540,0,0
soft,random_error_oracle,1,74,1,658,198,460,0.87733860342556,0.7748850560325765,0.8130699088145896,0.6666666666666666,0.8760869565217392,0.1264344504947215,0.05853045387379639,132,403,57,66,0.5,1.0,0.7112462006079028,0.7112462006079028,0.12613981762917933,0.3305084745762712,0.08148148148148149,468,468,118,540,39,44
soft,random_error_oracle,1,74,2,658,198,460,0.8835529205094421,0.7488469735042463,0.7811550151975684,0.702020202020202,0.8152173913043478,0.1310507472051569,0.08320535517446251,139,375,85,59,0.5,1.0,1.1443768996960486,1.1443768996960486,0.21580547112462006,0.4915254237288136,0.15555555555555556,753,753,118,540,58,84
soft,random_error_oracle,1,74,3,658,198,460,0.8879007465963987,0.7541718555417185,0.7811550151975684,0.7474747474747475,0.7956521739130434,0.1312340566239464,0.09116135026283285,148,366,94,50,0.5,1.0,1.3632218844984803,1.3632218844984803,0.24924012158054712,0.5847457627118644,0.17592592592592593,897,897,118,540,69,95
soft,random_error_oracle,1,74,4,658,198,460,0.8892182696530522,0.7566989623492847,0.7826747720364742,0.7575757575757576,0.7934782608695652,0.1308578218881955,0.08784496864743152,150,365,95,48,0.5,1.0,1.4437689969604863,1.4437689969604863,0.26595744680851063,0.635593220338983,0.18518518518518517,950,950,118,540,75,100
soft,random_error_oracle,1,74,5,658,198,460,0.886945542380325,0.7538409938208697,0.7796352583586627,0.7575757575757576,0.7891304347826087,0.13237610923966042,0.09022977050468443,150,363,97,48,0.5,1.0,1.4635258358662615,1.4635258358662615,0.2689969604863222,0.635593220338983,0.18888888888888888,963,963,118,540,75,102
soft,random_error_oracle,1,74,6,658,198,460,0.8863855950812471,0.7538409938208697,0.7796352583586627,0.7575757575757576,0.7891304347826087,0.13269821801204643,0.09034770361418558,150,363,97,48,0.5,1.0,1.4680851063829787,1.4680851063829787,0.2689969604863222,0.635593220338983,0.18888888888888888,966,966,118,540,75,102
soft,random_error_oracle,1,74,7,658,198,460,0.886528326745718,0.7538409938208697,0.7796352583586627,0.7575757575757576,0.7891304347826087,0.13258977388471305,0.09029093052665495,150,363,97,48,0.5,1.0,1.4696048632218845,1.4696048632218845,0.2689969604863222,0.635593220338983,0.18888888888888888,967,967,118,540,75,102
soft,random_error_oracle,1,75,0,658,198,460,0.8635375494071147,0.772002772002772,0.8206686930091185,0.5959595959595959,0.9173913043478261,0.12792545989565157,0.02485381406775575,118,422,38,80,0.5,,0.0,0.0,0.0,0.0,0.0,0,0,118,540,0,0
soft,random_error_oracle,1,75,1,658,198,460,0.8659420289855073,0.7551131805513055,0.7948328267477204,0.6515151515151515,0.8565217391304348,0.13267142864095527,0.05435121889173299,129,394,66,69,0.5,1.0,0.7112462006079028,0.7112462006079028,0.14437689969604864,0.3305084745762712,0.1037037037037037,468,468,118,540,39,56
soft,random_error_oracle,1,75,2,658,198,460,0.8722880983750549,0.7374770329151137,0.7689969604863222,0.702020202020202,0.7978260869565217,0.13746180282752368,0.08146106171412731,139,367,93,59,0.5,1.0,1.1443768996960486,1.1443768996960486,0.22188449848024316,0.4745762711864407,0.16666666666666666,753,753,118,540,56,90
soft,random_error_oracle,1,75,3,658,198,460,0.884211682037769,0.7570339397343485,0.78419452887538,0.7474747474747475,0.8,0.1326215343787819,0.08430143137170222,148,368,92,50,0.5,1.0,1.3632218844984803,1.3632218844984803,0.25227963525835867,0.6016949152542372,0.17592592592592593,897,897,118,540,71,95
soft,random_error_oracle,1,75,4,658,198,460,0.8891853315766359,0.7572362904578231,0.7826747720364742,0.7626262626262627,0.7913043478260869,0.13109899202759076,0.08651432808481589,151,364,96,47,0.5,1.0,1.4437689969604863,1.4437689969604863,0.26595744680851063,0.635593220338983,0.18518518518518517,950,950,118,540,75,100
soft,random_error_oracle,1,75,5,658,198,460,0.8870992534036012,0.7538409938208697,0.7796352583586627,0.7575757575757576,0.7891304347826087,0.1322469029884784,0.0899197455725472,150,363,97,48,0.5,1.0,1.4635258358662615,1.4635258358662615,0.2689969604863222,0.635593220338983,0.18888888888888888,963,963,118,540,75,102
soft,random_error_oracle,1,75,6,658,198,460,0.8870663153271849,0.7538409938208697,0.7796352583586627,0.7575757575757576,0.7891304347826087,0.13231563272604865,0.08989831691980435,150,363,97,48,0.5,1.0,1.4680851063829787,1.4680851063829787,0.2689969604863222,0.635593220338983,0.18888888888888888,966,966,118,540,75,102
soft,random_error_oracle,1,75,7,658,198,460,0.886528326745718,0.7538409938208697,0.7796352583586627,0.7575757575757576,0.7891304347826087,0.13258977388471305,0.09029093052665495,150,363,97,48,0.5,1.0,1.4696048632218845,1.4696048632218845,0.2689969604863222,0.635593220338983,0.18888888888888888,967,967,118,540,75,102
soft,random_error_oracle,1,76,0,658,198,460,0.8635375494071147,0.772002772002772,0.8206686930091185,0.5959595959595959,0.9173913043478261,0.12792545989565157,0.02485381406775575,118,422,38,80,0.5,,0.0,0.0,0.0,0.0,0.0,0,0,118,540,0,0
soft,random_error_oracle,1,76,1,658,198,460,0.879358805445762,0.7558441558441558,0.7978723404255319,0.6363636363636364,0.8673913043478261,0.1283373864891822,0.05941215252489012,126,399,61,72,0.5,1.0,0.7112462006079028,0.7112462006079028,0.14437689969604864,0.3389830508474576,0.10185185185185185,468,468,118,540,40,55
soft,random_error_oracle,1,76,2,658,198,460,0.8853754940711462,0.7630997337874452,0.7917933130699089,0.7373737373737373,0.8152173913043478,0.1298654814638338,0.07822515803208617,146,375,85,52,0.5,1.0,1.1443768996960486,1.1443768996960486,0.22948328267477203,0.559322033898305,0.1574074074074074,753,753,118,540,66,85
soft,random_error_oracle,1,76,3,658,198,460,0.889580588493632,0.7575861353258613,0.78419452887538,0.7525252525252525,0.7978260869565217,0.13037728529513848,0.08711453957634976,149,367,93,49,0.5,1.0,1.3632218844984803,1.3632218844984803,0.25835866261398177,0.6186440677966102,0.17962962962962964,897,897,118,540,73,97
soft,random_error_oracle,1,76,4,658,198,460,0.8901624945103206,0.7572362904578231,0.7826747720364742,0.7626262626262627,0.7913043478260869,0.13052267576434268,0.08767598105811794,151,364,96,47,0.5,1.0,1.4437689969604863,1.4437689969604863,0.26595744680851063,0.635593220338983,0.18518518518518517,950,950,118,540,75,100
soft,random_error_oracle,1,76,5,658,198,460,0.8884826526130875,0.7538409938208697,0.7796352583586627,0.7575757575757576,0.7891304347826087,0.13155502119600493,0.09008117724966033,150,363,97,48,0.5,1.0,1.4635258358662615,1.4635258358662615,0.2689969604863222,0.635593220338983,0.18888888888888888,963,963,118,540,75,102
soft,random_error_oracle,1,76,6,658,198,460,0.8870663153271849,0.7538409938208697,0.7796352583586627,0.7575757575757576,0.7891304347826087,0.13231563272604865,0.08989831691980435,150,363,97,48,0.5,1.0,1.4680851063829787,1.4680851063829787,0.2689969604863222,0.635593220338983,0.18888888888888888,966,966,118,540,75,102
soft,random_error_oracle,1,76,7,658,198,460,0.886528326745718,0.7538409938208697,0.7796352583586627,0.7575757575757576,0.7891304347826087,0.13258977388471305,0.09029093052665495,150,363,97,48,0.5,1.0,1.4696048632218845,1.4696048632218845,0.2689969604863222,0.635593220338983,0.18888888888888888,967,967,118,540,75,102
soft,random_error_oracle,1,77,0,658,198,460,0.8635375494071147,0.772002772002772,0.8206686930091185,0.5959595959595959,0.9173913043478261,0.12792545989565157,0.02485381406775575,118,422,38,80,0.5,,0.0,0.0,0.0,0.0,0.0,0,0,118,540,0,0
soft,random_error_oracle,1,77,1,658,198,460,0.8710254721124286,0.7521726393906845,0.7948328267477204,0.6313131313131313,0.8652173913043478,0.1316398065072536,0.051004400471441044,125,398,62,73,0.5,1.0,0.7112462006079028,0.7112462006079028,0.12917933130699089,0.288135593220339,0.09444444444444444,468,468,118,540,34,51
soft,random_error_oracle,1,77,2,658,198,460,0.8879227053140096,0.760500079126444,0.790273556231003,0.7272727272727273,0.8173913043478261,0.12811948883947322,0.08542818424341073,144,376,84,54,0.5,1.0,1.1443768996960486,1.1443768996960486,0.2066869300911854,0.4915254237288136,0.14444444444444443,753,753,118,540,58,78
soft,random_error_oracle,1,77,3,658,198,460,0.8911067193675889,0.765856369950364,0.7917933130699089,0.7626262626262627,0.8043478260869565,0.1293145980299609,0.08470114475590694,151,370,90,47,0.5,1.0,1.3632218844984803,1.3632218844984803,0.24772036474164133,0.6101694915254238,0.1685185185185185,897,897,118,540,72,91
soft,random_error_oracle,1,77,4,658,198,460,0.8867149758454107,0.7566989623492847,0.7826747720364742,0.7575757575757576,0.7934782608695652,0.1318425349058643,0.08740936982746216,150,365,95,48,0.5,1.0,1.4437689969604863,1.4437689969604863,0.26595744680851063,0.635593220338983,0.18518518518518517,950,950,118,540,75,100
soft,random_error_oracle,1,77,5,658,198,460,0.8876043039086517,0.7538409938208697,0.7796352583586627,0.7575757575757576,0.7891304347826087,0.13199335847180457,0.0897842936517608,150,363,97,48,0.5,1.0,1.4635258358662615,1.4635258358662615,0.2689969604863222,0.635593220338983,0.18888888888888888,963,963,118,540,75,102
soft,random_error_oracle,1,77,6,658,198,460,0.8869565217391304,0.7538409938208697,0.7796352583586627,0.7575757575757576,0.7891304347826087,0.13235132717029552,0.08991952558886733,150,363,97,48,0.5,1.0,1.4680851063829787,1.4680851063829787,0.2689969604863222,0.635593220338983,0.18888888888888888,966,966,118,540,75,102
soft,random_error_oracle,1,77,7,658,198,460,0.886528326745718,0.7538409938208697,0.7796352583586627,0.7575757575757576,0.7891304347826087,0.13258977388471305,0.09029093052665495,150,363,97,48,0.5,1.0,1.4696048632218845,1.4696048632218845,0.2689969604863222,0.635593220338983,0.18888888888888888,967,967,118,540,75,102
soft,random_error_oracle,1,78,0,658,198,460,0.8635375494071147,0.772002772002772,0.8206686930091185,0.5959595959595959,0.9173913043478261,0.12792545989565157,0.02485381406775575,118,422,38,80,0.5,,0.0,0.0,0.0,0.0,0.0,0,0,118,540,0,0
soft,random_error_oracle,1,78,1,658,198,460,0.8724088713219149,0.7565830280677452,0.7978723404255319,0.6414141414141414,0.8652173913043478,0.12979349070269597,0.05694669794760282,127,398,62,71,0.5,1.0,0.7112462006079028,0.7112462006079028,0.13829787234042554,0.3220338983050847,0.09814814814814815,468,468,118,540,38,53
soft,random_error_oracle,1,78,2,658,198,460,0.880764163372859,0.7423493455060535,0.7735562310030395,0.7070707070707071,0.8021739130434783,0.1331151329608656,0.08605671037725092,140,369,91,58,0.5,1.0,1.1443768996960486,1.1443768996960486,0.22036474164133737,0.4830508474576271,0.16296296296296298,753,753,118,540,57,88
soft,random_error_oracle,1,78,3,658,198,460,0.8878019323671498,0.7590200595839514,0.7857142857142857,0.7525252525252525,0.8,0.13104317723049405,0.08668952121248832,149,368,92,49,0.5,1.0,1.3632218844984803,1.3632218844984803,0.256838905775076,0.6186440677966102,0.17777777777777778,897,897,118,540,73,96
soft,random_error_oracle,1,78,4,658,198,460,0.8902173913043478,0.7586680717414662,0.78419452887538,0.7626262626262627,0.7934782608695652,0.13017211014199678,0.08533047702975595,151,365,95,47,0.5,1.0,1.4437689969604863,1.4437689969604863,0.26443768996960487,0.635593220338983,0.18333333333333332,950,950,118,540,75,99
soft,random_error_oracle,1,78,5,658,198,460,0.8857487922705314,0.7538409938208697,0.7796352583586627,0.7575757575757576,0.7891304347826087,0.13261187807634553,0.08969333692705393,150,363,97,48,0.5,1.0,1.4635258358662615,1.4635258358662615,0.2689969604863222,0.635593220338983,0.18888888888888888,963,963,118,540,75,102
soft,random_error_oracle,1,78,6,658,198,460,0.8870772946859902,0.7538409938208697,0.7796352583586627,0.7575757575757576,0.7891304347826087,0.13230404408262497,0.08989135458020613,150,363,97,48,0.5,1.0,1.4680851063829787,1.4680851063829787,0.2689969604863222,0.635593220338983,0.18888888888888888,966,966,118,540,75,102
soft,random_error_oracle,1,78,7,658,198,460,0.886528326745718,0.7538409938208697,0.7796352583586627,0.7575757575757576,0.7891304347826087,0.13258977388471305,0.09029093052665495,150,363,97,48,0.5,1.0,1.4696048632218845,1.4696048632218845,0.2689969604863222,0.635593220338983,0.18888888888888888,967,967,118,540,75,102
soft,random_error_oracle,1,79,0,658,198,460,0.8635375494071147,0.772002772002772,0.8206686930091185,0.5959595959595959,0.9173913043478261,0.12792545989565157,0.02485381406775575,118,422,38,80,0.5,,0.0,0.0,0.0,0.0,0.0,0,0,118,540,0,0
soft,random_error_oracle,1,79,1,658,198,460,0.8706302151954325,0.7580313817653972,0.7978723404255319,0.6515151515151515,0.8608695652173913,0.1311317420926688,0.05464392300423271,129,396,64,69,0.5,1.0,0.7112462006079028,0.7112462006079028,0.11094224924012158,0.2457627118644068,0.08148148148148149,468,468,118,540,29,44
soft,random_error_oracle,1,79,2,658,198,460,0.888647342995169,0.7486584668719689,0.7796352583586627,0.7121212121212122,0.808695652173913,0.1291354043085683,0.09317014988080181,141,372,88,57,0.5,1.0,1.1443768996960486,1.1443768996960486,0.21124620060790272,0.4745762711864407,0.1537037037037037,753,753,118,540,56,83
soft,random_error_oracle,1,79,3,658,198,460,0.8908212560386475,0.7624382147671577,0.7887537993920972,0.7575757575757576,0.8021739130434783,0.1292881552517791,0.08897879496444819,150,369,91,48,0.5,1.0,1.3632218844984803,1.3632218844984803,0.25379939209726443,0.6186440677966102,0.17407407407407408,897,897,118,540,73,94
soft,random_error_oracle,1,79,4,658,198,460,0.8903271848924024,0.7601017740646793,0.7857142857142857,0.7626262626262627,0.7956521739130434,0.13032963606187223,0.08664931682199067,151,366,94,47,0.5,1.0,1.4437689969604863,1.4437689969604863,0.2629179331306991,0.635593220338983,0.1814814814814815,950,950,118,540,75,98
soft,random_error_oracle,1,79,5,658,198,460,0.8885485287659199,0.7538409938208697,0.7796352583586627,0.7575757575757576,0.7891304347826087,0.1315240633139722,0.09197051651037591,150,363,97,48,0.5,1.0,1.4635258358662615,1.4635258358662615,0.2689969604863222,0.635593220338983,0.18888888888888888,963,963,118,540,75,102
soft,random_error_oracle,1,79,6,658,198,460,0.8867808519982433,0.7538409938208697,0.7796352583586627,0.7575757575757576,0.7891304347826087,0.132435131912625,0.08996799949141948,150,363,97,48,0.5,1.0,1.4680851063829787,1.4680851063829787,0.2689969604863222,0.635593220338983,0.18888888888888888,966,966,118,540,75,102
soft,random_error_oracle,1,79,7,658,198,460,0.886528326745718,0.7538409938208697,0.7796352583586627,0.7575757575757576,0.7891304347826087,0.13258977388471305,0.09029093052665495,150,363,97,48,0.5,1.0,1.4696048632218845,1.4696048632218845,0.2689969604863222,0.635593220338983,0.18888888888888888,967,967,118,540,75,102
soft,random_error_oracle,1,80,0,658,198,460,0.8635375494071147,0.772002772002772,0.8206686930091185,0.5959595959595959,0.9173913043478261,0.12792545989565157,0.02485381406775575,118,422,38,80,0.5,,0.0,0.0,0.0,0.0,0.0,0,0,118,540,0,0
soft,random_error_oracle,1,80,1,658,198,460,0.8767676767676768,0.7697409349448987,0.8085106382978723,0.6616161616161617,0.8717391304347826,0.1287196361264079,0.05124585379412587,131,401,59,67,0.5,1.0,0.7112462006079028,0.7112462006079028,0.1337386018237082,0.3389830508474576,0.08888888888888889,468,468,118,540,40,48
soft,random_error_oracle,1,80,2,658,198,460,0.8808300395256917,0.7451916871046856,0.776595744680851,0.7070707070707071,0.8065217391304348,0.13238443822882773,0.08106529613284924,140,371,89,58,0.5,1.0,1.1443768996960486,1.1443768996960486,0.21732522796352582,0.4830508474576271,0.15925925925925927,753,753,118,540,57,86
soft,random_error_oracle,1,80,3,658,198,460,0.8850680720245938,0.7547242096979612,0.7811550151975684,0.7525252525252525,0.7934782608695652,0.13324912690504623,0.08976902324628944,149,365,95,49,0.5,1.0,1.3632218844984803,1.3632218844984803,0.25835866261398177,0.6101694915254238,0.1814814814814815,897,897,118,540,72,98
soft,random_error_oracle,1,80,4,658,198,460,0.8865502854633289,0.7558064017318695,0.7811550151975684,0.7626262626262627,0.7891304347826087,0.13271895240198833,0.09089234966466454,151,363,97,47,0.5,1.0,1.4437689969604863,1.4437689969604863,0.2674772036474164,0.635593220338983,0.18703703703703703,950,950,118,540,75,101
soft,random_error_oracle,1,80,5,658,198,460,0.8873956960913483,0.7538409938208697,0.7796352583586627,0.7575757575757576,0.7891304347826087,0.132189938348715,0.09237035313570374,150,363,97,48,0.5,1.0,1.4635258358662615,1.4635258358662615,0.2689969604863222,0.635593220338983,0.18888888888888888,963,963,118,540,75,102
soft,random_error_oracle,1,80,6,658,198,460,0.8865063680281071,0.7538409938208697,0.7796352583586627,0.7575757575757576,0.7891304347826087,0.1326078385059408,0.09030054396180683,150,363,97,48,0.5,1.0,1.4680851063829787,1.4680851063829787,0.2689969604863222,0.635593220338983,0.18888888888888888,966,966,118,540,75,102
soft,random_error_oracle,1,80,7,658,198,460,0.886528326745718,0.7538409938208697,0.7796352583586627,0.7575757575757576,0.7891304347826087,0.13258977388471305,0.09029093052665495,150,363,97,48,0.5,1.0,1.4696048632218845,1.4696048632218845,0.2689969604863222,0.635593220338983,0.18888888888888888,967,967,118,540,75,102
soft,random_error_oracle,1,81,0,658,198,460,0.8635375494071147,0.772002772002772,0.8206686930091185,0.5959595959595959,0.9173913043478261,0.12792545989565157,0.02485381406775575,118,422,38,80,0.5,,0.0,0.0,0.0,0.0,0.0,0,0,118,540,0,0
soft,random_error_oracle,1,81,1,658,198,460,0.8781840140535793,0.7639038392536778,0.8039513677811551,0.6515151515151515,0.8695652173913043,0.12652185896439433,0.053898572392484134,129,400,60,69,0.5,1.0,0.7112462006079028,0.7112462006079028,0.12917933130699089,0.3135593220338983,0.08888888888888889,468,468,118,540,37,48
soft,random_error_oracle,1,81,2,658,198,460,0.8783047870004392,0.7466160257424699,0.7781155015197568,0.7070707070707071,0.808695652173913,0.13339066697164637,0.08133106585378604,140,372,88,58,0.5,1.0,1.1443768996960486,1.1443768996960486,0.2188449848024316,0.4915254237288136,0.15925925925925927,753,753,118,540,58,86
soft,random_error_oracle,1,81,3,658,198,460,0.8874066754501537,0.7593445980542755,0.7872340425531915,0.7424242424242424,0.8065217391304348,0.13069708154136064,0.08565644538833757,147,371,89,51,0.5,1.0,1.3632218844984803,1.3632218844984803,0.24924012158054712,0.6016949152542372,0.17222222222222222,897,897,118,540,71,93
soft,random_error_oracle,1,81,4,658,198,460,0.8893719806763285,0.7566989623492847,0.7826747720364742,0.7575757575757576,0.7934782608695652,0.1308154047757973,0.08727605581865323,150,365,95,48,0.5,1.0,1.4437689969604863,1.4437689969604863,0.26595744680851063,0.635593220338983,0.18518518518518517,950,950,118,540,75,100
soft,random_error_oracle,1,81,5,658,198,460,0.887143170838823,0.7538409938208697,0.7796352583586627,0.7575757575757576,0.7891304347826087,0.1322336872344987,0.08992086592181986,150,363,97,48,0.5,1.0,1.4635258358662615,1.4635258358662615,0.2689969604863222,0.635593220338983,0.18888888888888888,963,963,118,540,75,102
soft,random_error_oracle,1,81,6,658,198,460,0.8870772946859902,0.7538409938208697,0.7796352583586627,0.7575757575757576,0.7891304347826087,0.13230404408262497,0.08989135458020613,150,363,97,48,0.5,1.0,1.4680851063829787,1.4680851063829787,0.2689969604863222,0.635593220338983,0.18888888888888888,966,966,118,540,75,102
soft,random_error_oracle,1,81,7,658,198,460,0.886528326745718,0.7538409938208697,0.7796352583586627,0.7575757575757576,0.7891304347826087,0.13258977388471305,0.09029093052665495,150,363,97,48,0.5,1.0,1.4696048632218845,1.4696048632218845,0.2689969604863222,0.635593220338983,0.18888888888888888,967,967,118,540,75,102
soft,random_error_oracle,1,82,0,658,198,460,0.8635375494071147,0.772002772002772,0.8206686930091185,0.5959595959595959,0.9173913043478261,0.12792545989565157,0.02485381406775575,118,422,38,80,0.5,,0.0,0.0,0.0,0.0,0.0,0,0,118,540,0,0
soft,random_error_oracle,1,82,1,658,198,460,0.8704984628897673,0.7624608564976115,0.8039513677811551,0.6414141414141414,0.8739130434782608,0.12970939051886893,0.059529665838863176,127,402,58,71,0.5,1.0,0.7112462006079028,0.7112462006079028,0.13221884498480244,0.3220338983050847,0.09074074074074075,468,468,118,540,38,49
soft,random_error_oracle,1,82,2,658,198,460,0.8796332894158981,0.7451916871046856,0.776595744680851,0.7070707070707071,0.8065217391304348,0.1333868610257893,0.07424571947704126,140,371,89,58,0.5,1.0,1.1443768996960486,1.1443768996960486,0.22644376899696048,0.5084745762711864,0.1648148148148148,753,753,118,540,60,89
soft,random_error_oracle,1,82,3,658,198,460,0.8861111111111112,0.7538409938208697,0.7796352583586627,0.7575757575757576,0.7891304347826087,0.13265670562230733,0.0945482267968694,150,363,97,48,0.5,1.0,1.3632218844984803,1.3632218844984803,0.2629179331306991,0.6186440677966102,0.18518518518518517,897,897,118,540,73,100
soft,random_error_oracle,1,82,4,658,198,460,0.8873956960913483,0.7572362904578231,0.7826747720364742,0.7626262626262627,0.7913043478260869,0.1320565680170054,0.08691108174039018,151,364,96,47,0.5,1.0,1.4437689969604863,1.4437689969604863,0.26595744680851063,0.635593220338983,0.18518518518518517,950,950,118,540,75,100
soft,random_error_oracle,1,82,5,658,198,460,0.8874835309617919,0.7538409938208697,0.7796352583586627,0.7575757575757576,0.7891304347826087,0.13210636592423133,0.09041529536896191,150,363,97,48,0.5,1.0,1.4635258358662615,1.4635258358662615,0.2689969604863222,0.635593220338983,0.18888888888888888,963,963,118,540,75,102
soft,random_error_oracle,1,82,6,658,198,460,0.8863855950812471,0.7538409938208697,0.7796352583586627,0.7575757575757576,0.7891304347826087,0.13269821801204643,0.09034770361418558,150,363,97,48,0.5,1.0,1.4680851063829787,1.4680851063829787,0.2689969604863222,0.635593220338983,0.18888888888888888,966,966,118,540,75,102
soft,random_error_oracle,1,82,7,658,198,460,0.886528326745718,0.7538409938208697,0.7796352583586627,0.7575757575757576,0.7891304347826087,0.13258977388471305,0.09029093052665495,150,363,97,48,0.5,1.0,1.4696048632218845,1.4696048632218845,0.2689969604863222,0.635593220338983,0.18888888888888888,967,967,118,540,75,102
soft,random_error_oracle,1,83,0,658,198,460,0.8635375494071147,0.772002772002772,0.8206686930091185,0.5959595959595959,0.9173913043478261,0.12792545989565157,0.02485381406775575,118,422,38,80,0.5,,0.0,0.0,0.0,0.0,0.0,0,0,118,540,0,0
soft,random_error_oracle,1,83,1,658,198,460,0.8701910408432147,0.7492622168818128,0.7917933130699089,0.6313131313131313,0.8608695652173913,0.13052008021028044,0.058395058386519406,125,396,64,73,0.5,1.0,0.7112462006079028,0.7112462006079028,0.13221884498480244,0.288135593220339,0.09814814814814815,468,468,118,540,34,53
soft,random_error_oracle,1,83,2,658,198,460,0.8811923583662714,0.743292771931687,0.776595744680851,0.6919191919191919,0.8130434782608695,0.13215128641689755,0.07730266879402102,137,374,86,61,0.5,1.0,1.1443768996960486,1.1443768996960486,0.20820668693009117,0.4576271186440678,0.1537037037037037,753,753,118,540,54,83
soft,random_error_oracle,1,83,3,658,198,460,0.8869894598155468,0.7570339397343485,0.78419452887538,0.7474747474747475,0.8,0.1312150114138445,0.08859616485900158,148,368,92,50,0.5,1.0,1.3632218844984803,1.3632218844984803,0.25227963525835867,0.6016949152542372,0.17592592592592593,897,897,118,540,71,95
soft,random_error_oracle,1,83,4,658,198,460,0.8897672375933245,0.7606315870947769,0.7857142857142857,0.7676767676767676,0.7934782608695652,0.13077663844453147,0.08546008752687413,152,365,95,46,0.5,1.0,1.4437689969604863,1.4437689969604863,0.2629179331306991,0.635593220338983,0.1814814814814815,950,950,118,540,75,98
soft,random_error_oracle,1,83,5,658,198,460,0.8874066754501537,0.7538409938208697,0.7796352583586627,0.7575757575757576,0.7891304347826087,0.13212606963315704,0.09233781477062436,150,363,97,48,0.5,1.0,1.4635258358662615,1.4635258358662615,0.2689969604863222,0.635593220338983,0.18888888888888888,963,963,118,540,75,102
soft,random_error_oracle,1,83,6,658,198,460,0.8865063680281071,0.7538409938208697,0.7796352583586627,0.7575757575757576,0.7891304347826087,0.1326078385059408,0.09030054396180683,150,363,97,48,0.5,1.0,1.4680851063829787,1.4680851063829787,0.2689969604863222,0.635593220338983,0.18888888888888888,966,966,118,540,75,102
soft,random_error_oracle,1,83,7,658,198,460,0.886528326745718,0.7538409938208697,0.7796352583586627,0.7575757575757576,0.7891304347826087,0.13258977388471305,0.09029093052665495,150,363,97,48,0.5,1.0,1.4696048632218845,1.4696048632218845,0.2689969604863222,0.635593220338983,0.18888888888888888,967,967,118,540,75,102
soft,random_error_oracle,1,84,0,658,198,460,0.8635375494071147,0.772002772002772,0.8206686930091185,0.5959595959595959,0.9173913043478261,0.12792545989565157,0.02485381406775575,118,422,38,80,0.5,,0.0,0.0,0.0,0.0,0.0,0,0,118,540,0,0
soft,random_error_oracle,1,84,1,658,198,460,0.8763614404918753,0.7743733616719801,0.8161094224924013,0.6414141414141414,0.8913043478260869,0.12552518158550735,0.04939117027090633,127,410,50,71,0.5,1.0,0.7112462006079028,0.7112462006079028,0.12917933130699089,0.3474576271186441,0.08148148148148149,468,468,118,540,41,44
soft,random_error_oracle,1,84,2,658,198,460,0.8763943785682916,0.7425120568576021,0.7750759878419453,0.696969696969697,0.808695652173913,0.13430560640848155,0.0799689375428774,138,372,88,60,0.5,1.0,1.1443768996960486,1.1443768996960486,0.21580547112462006,0.4745762711864407,0.15925925925925927,753,753,118,540,56,86
soft,random_error_oracle,1,84,3,658,198,460,0.8845740008783487,0.7507575757575757,0.7781155015197568,0.7424242424242424,0.7934782608695652,0.13351825416239257,0.09260587818567631,147,365,95,51,0.5,1.0,1.3632218844984803,1.3632218844984803,0.2553191489361702,0.5932203389830508,0.1814814814814815,897,897,118,540,70,98
soft,random_error_oracle,1,84,4,658,198,460,0.8898221343873518,0.7591979794855935,0.78419452887538,0.7676767676767676,0.7913043478260869,0.1307782006564768,0.08747135910159161,152,364,96,46,0.5,1.0,1.4437689969604863,1.4437689969604863,0.26443768996960487,0.635593220338983,0.18333333333333332,950,950,118,540,75,99
soft,random_error_oracle,1,84,5,658,198,460,0.8886253842775582,0.7538409938208697,0.7796352583586627,0.7575757575757576,0.7891304347826087,0.13143682074186225,0.09169616610990598,150,363,97,48,0.5,1.0,1.4635258358662615,1.4635258358662615,0.2689969604863222,0.635593220338983,0.18888888888888888,963,963,118,540,75,102
soft,random_error_oracle,1,84,6,658,198,460,0.8867808519982433,0.7538409938208697,0.7796352583586627,0.7575757575757576,0.7891304347826087,0.132435131912625,0.08996799949141948,150,363,97,48,0.5,1.0,1.4680851063829787,1.4680851063829787,0.2689969604863222,0.635593220338983,0.18888888888888888,966,966,118,540,75,102
soft,random_error_oracle,1,84,7,658,198,460,0.886528326745718,0.7538409938208697,0.7796352583586627,0.7575757575757576,0.7891304347826087,0.13258977388471305,0.09029093052665495,150,363,97,48,0.5,1.0,1.4696048632218845,1.4696048632218845,0.2689969604863222,0.635593220338983,0.18888888888888888,967,967,118,540,75,102
soft,random_error_oracle,1,85,0,658,198,460,0.8635375494071147,0.772002772002772,0.8206686930091185,0.5959595959595959,0.9173913043478261,0.12792545989565157,0.02485381406775575,118,422,38,80,0.5,,0.0,0.0,0.0,0.0,0.0,0,0,118,540,0,0
soft,random_error_oracle,1,85,1,658,198,460,0.8623847167325429,0.7492622168818128,0.7917933130699089,0.6313131313131313,0.8608695652173913,0.13410180080663667,0.048560609913422016,125,396,64,73,0.5,1.0,0.7112462006079028,0.7112462006079028,0.12917933130699089,0.2796610169491525,0.0962962962962963,468,468,118,540,33,52
soft,random_error_oracle,1,85,2,658,198,460,0.8754721124286342,0.7453587370251387,0.7781155015197568,0.696969696969697,0.8130434782608695,0.13510031735697084,0.07513961039826539,138,374,86,60,0.5,1.0,1.1443768996960486,1.1443768996960486,0.20972644376899696,0.4661016949152542,0.1537037037037037,753,753,118,540,55,83
soft,random_error_oracle,1,85,3,658,198,460,0.8831906016688625,0.7550420047745123,0.7826747720364742,0.7424242424242424,0.8,0.13356472729666283,0.0819760129954846,147,368,92,51,0.5,1.0,1.3632218844984803,1.3632218844984803,0.256838905775076,0.6101694915254238,0.17962962962962964,897,897,118,540,72,97
soft,random_error_oracle,1,85,4,658,198,460,0.8891523935002196,0.7572362904578231,0.7826747720364742,0.7626262626262627,0.7913043478260869,0.13115521993090895,0.09037068548713045,151,364,96,47,0.5,1.0,1.4437689969604863,1.4437689969604863,0.26595744680851063,0.635593220338983,0.18518518518518517,950,950,118,540,75,100
soft,random_error_oracle,1,85,5,658,198,460,0.887044356609574,0.7538409938208697,0.7796352583586627,0.7575757575757576,0.7891304347826087,0.132332120569612,0.09021403506327559,150,363,97,48,0.5,1.0,1.4635258358662615,1.4635258358662615,0.2689969604863222,0.635593220338983,0.18888888888888888,963,963,118,540,75,102
soft,random_error_oracle,1,85,6,658,198,460,0.8863855950812471,0.7538409938208697,0.7796352583586627,0.7575757575757576,0.7891304347826087,0.13269821801204643,0.09034770361418558,150,363,97,48,0.5,1.0,1.4680851063829787,1.4680851063829787,0.2689969604863222,0.635593220338983,0.18888888888888888,966,966,118,540,75,102
soft,random_error_oracle,1,85,7,658,198,460,0.886528326745718,0.7538409938208697,0.7796352583586627,0.7575757575757576,0.7891304347826087,0.13258977388471305,0.09029093052665495,150,363,97,48,0.5,1.0,1.4696048632218845,1.4696048632218845,0.2689969604863222,0.635593220338983,0.18888888888888888,967,967,118,540,75,102
soft,random_error_oracle,1,86,0,658,198,460,0.8635375494071147,0.772002772002772,0.8206686930091185,0.5959595959595959,0.9173913043478261,0.12792545989565157,0.02485381406775575,118,422,38,80,0.5,,0.0,0.0,0.0,0.0,0.0,0,0,118,540,0,0
soft,random_error_oracle,1,86,1,658,198,460,0.8892072902942467,0.7748850560325765,0.8130699088145896,0.6666666666666666,0.8760869565217392,0.12275930539011104,0.05800787877853728,132,403,57,66,0.5,1.0,0.7112462006079028,0.7112462006079028,0.13829787234042554,0.3644067796610169,0.08888888888888889,468,468,118,540,43,48
soft,random_error_oracle,1,86,2,658,198,460,0.8723539745278877,0.7423493455060535,0.7735562310030395,0.7070707070707071,0.8021739130434783,0.1370547146730111,0.0770097910552562,140,369,91,58,0.5,1.0,1.1443768996960486,1.1443768996960486,0.23252279635258358,0.5169491525423728,0.17037037037037037,753,753,118,540,61,92
soft,random_error_oracle,1,86,3,658,198,460,0.8862867808519983,0.7615374260952401,0.7872340425531915,0.7626262626262627,0.7978260869565217,0.13209368743866495,0.08831322168191724,151,367,93,47,0.5,1.0,1.3632218844984803,1.3632218844984803,0.2553191489361702,0.6186440677966102,0.17592592592592593,897,897,118,540,73,95
soft,random_error_oracle,1,86,4,658,198,460,0.8866930171277997,0.7572362904578231,0.7826747720364742,0.7626262626262627,0.7913043478260869,0.13235818077386854,0.08806249608574326,151,364,96,47,0.5,1.0,1.4437689969604863,1.4437689969604863,0.26595744680851063,0.635593220338983,0.18518518518518517,950,950,118,540,75,100
soft,random_error_oracle,1,86,5,658,198,460,0.8877909530083443,0.7538409938208697,0.7796352583586627,0.7575757575757576,0.7891304347826087,0.1319388804077392,0.09007598228195446,150,363,97,48,0.5,1.0,1.4635258358662615,1.4635258358662615,0.2689969604863222,0.635593220338983,0.18888888888888888,963,963,118,540,75,102
soft,random_error_oracle,1,86,6,658,198,460,0.8865393061045235,0.7538409938208697,0.7796352583586627,0.7575757575757576,0.7891304347826087,0.13257179033593056,0.09028129529181703,150,363,97,48,0.5,1.0,1.4680851063829787,1.4680851063829787,0.2689969604863222,0.635593220338983,0.18888888888888888,966,966,118,540,75,102
soft,random_error_oracle,1,86,7,658,198,460,0.886528326745718,0.7538409938208697,0.7796352583586627,0.7575757575757576,0.7891304347826087,0.13258977388471305,0.09029093052665495,150,363,97,48,0.5,1.0,1.4696048632218845,1.4696048632218845,0.2689969604863222,0.635593220338983,0.18888888888888888,967,967,118,540,75,102
soft,random_error_oracle,1,87,0,658,198,460,0.8635375494071147,0.772002772002772,0.8206686930091185,0.5959595959595959,0.9173913043478261,0.12792545989565157,0.02485381406775575,118,422,38,80,0.5,,0.0,0.0,0.0,0.0,0.0,0,0,118,540,0,0
soft,random_error_oracle,1,87,1,658,198,460,0.8817962231005709,0.7725858851178544,0.8100303951367781,0.6717171717171717,0.8695652173913043,0.12564050486046785,0.05798441946804916,133,400,60,65,0.5,1.0,0.7112462006079028,0.7112462006079028,0.135258358662614,0.3474576271186441,0.08888888888888889,468,468,118,540,41,48
soft,random_error_oracle,1,87,2,658,198,460,0.8921717171717172,0.7700165298812424,0.7978723404255319,0.7474747474747475,0.8195652173913044,0.12689330855417164,0.08029823304389272,148,377,83,50,0.5,1.0,1.1443768996960486,1.1443768996960486,0.22948328267477203,0.576271186440678,0.1537037037037037,753,753,118,540,68,83
soft,random_error_oracle,1,87,3,658,198,460,0.8836517347386913,0.7521837492175385,0.7796352583586627,0.7424242424242424,0.7956521739130434,0.13349062515647545,0.09190224144191896,147,366,94,51,0.5,1.0,1.3632218844984803,1.3632218844984803,0.256838905775076,0.6016949152542372,0.1814814814814815,897,897,118,540,71,98
soft,random_error_oracle,1,87,4,658,198,460,0.8865942028985507,0.7572362904578231,0.7826747720364742,0.7626262626262627,0.7913043478260869,0.13246229238917684,0.09009020334080883,151,364,96,47,0.5,1.0,1.4437689969604863,1.4437689969604863,0.26595744680851063,0.635593220338983,0.18518518518518517,950,950,118,540,75,100
soft,random_error_oracle,1,87,5,658,198,460,0.8866271409749671,0.7538409938208697,0.7796352583586627,0.7575757575757576,0.7891304347826087,0.13256999215156196,0.09033232934967395,150,363,97,48,0.5,1.0,1.4635258358662615,1.4635258358662615,0.2689969604863222,0.635593220338983,0.18888888888888888,963,963,118,540,75,102
soft,random_error_oracle,1,87,6,658,198,460,0.8865063680281071,0.7538409938208697,0.7796352583586627,0.7575757575757576,0.7891304347826087,0.1326078385059408,0.09030054396180683,150,363,97,48,0.5,1.0,1.4680851063829787,1.4680851063829787,0.2689969604863222,0.635593220338983,0.18888888888888888,966,966,118,540,75,102
soft,random_error_oracle,1,87,7,658,198,460,0.886528326745718,0.7538409938208697,0.7796352583586627,0.7575757575757576,0.7891304347826087,0.13258977388471305,0.09029093052665495,150,363,97,48,0.5,1.0,1.4696048632218845,1.4696048632218845,0.2689969604863222,0.635593220338983,0.18888888888888888,967,967,118,540,75,102
soft,random_error_oracle,1,88,0,658,198,460,0.8635375494071147,0.772002772002772,0.8206686930091185,0.5959595959595959,0.9173913043478261,0.12792545989565157,0.02485381406775575,118,422,38,80,0.5,,0.0,0.0,0.0,0.0,0.0,0,0,118,540,0,0
soft,random_error_oracle,1,88,1,658,198,460,0.8675559947299079,0.7631871887510986,0.8039513677811551,0.6464646464646465,0.8717391304347826,0.13022341662730383,0.05635254252107407,128,401,59,70,0.5,1.0,0.7112462006079028,0.7112462006079028,0.11398176291793313,0.2711864406779661,0.07962962962962963,468,468,118,540,32,43
soft,random_error_oracle,1,88,2,658,198,460,0.8823671497584542,0.744717261904762,0.7781155015197568,0.6919191919191919,0.8152173913043478,0.13124480997319307,0.08152147489951601,137,375,85,61,0.5,1.0,1.1443768996960486,1.1443768996960486,0.2066869300911854,0.4576271186440678,0.15185185185185185,753,753,118,540,54,82
soft,random_error_oracle,1,88,3,658,198,460,0.8856938954765041,0.7570339397343485,0.78419452887538,0.7474747474747475,0.8,0.1318213104487514,0.0836751413863994,148,368,92,50,0.5,1.0,1.3632218844984803,1.3632218844984803,0.24924012158054712,0.5932203389830508,0.17407407407407408,897,897,118,540,70,94
soft,random_error_oracle,1,88,4,658,198,460,0.889953886693017,0.7606315870947769,0.7857142857142857,0.7676767676767676,0.7934782608695652,0.13060385115471607,0.08543003722899482,152,365,95,46,0.5,1.0,1.4437689969604863,1.4437689969604863,0.2629179331306991,0.635593220338983,0.1814814814814815,950,950,118,540,75,98
soft,random_error_oracle,1,88,5,658,198,460,0.8871102327624067,0.7538409938208697,0.7796352583586627,0.7575757575757576,0.7891304347826087,0.13229739340471455,0.09051704147543883,150,363,97,48,0.5,1.0,1.4635258358662615,1.4635258358662615,0.2689969604863222,0.635593220338983,0.18888888888888888,963,963,118,540,75,102
soft,random_error_oracle,1,88,6,658,198,460,0.8867808519982433,0.7538409938208697,0.7796352583586627,0.7575757575757576,0.7891304347826087,0.132435131912625,0.08996799949141948,150,363,97,48,0.5,1.0,1.4680851063829787,1.4680851063829787,0.2689969604863222,0.635593220338983,0.18888888888888888,966,966,118,540,75,102
soft,random_error_oracle,1,88,7,658,198,460,0.886528326745718,0.7538409938208697,0.7796352583586627,0.7575757575757576,0.7891304347826087,0.13258977388471305,0.09029093052665495,150,363,97,48,0.5,1.0,1.4696048632218845,1.4696048632218845,0.2689969604863222,0.635593220338983,0.18888888888888888,967,967,118,540,75,102
soft,random_error_oracle,1,89,0,658,198,460,0.8635375494071147,0.772002772002772,0.8206686930091185,0.5959595959595959,0.9173913043478261,0.12792545989565157,0.02485381406775575,118,422,38,80,0.5,,0.0,0.0,0.0,0.0,0.0,0,0,118,540,0,0
soft,random_error_oracle,1,89,1,658,198,460,0.8683025911286781,0.7587762175613224,0.7993920972644377,0.6464646464646465,0.8652173913043478,0.13097179188326954,0.06067056547508018,128,398,62,70,0.5,1.0,0.7112462006079028,0.7112462006079028,0.1276595744680851,0.2966101694915254,0.09074074074074075,468,468,118,540,35,49
soft,random_error_oracle,1,89,2,658,198,460,0.8804128238910849,0.751517792302106,0.7826747720364742,0.7121212121212122,0.8130434782608695,0.13283697869447503,0.08139625892775329,141,374,86,57,0.5,1.0,1.1443768996960486,1.1443768996960486,0.22036474164133737,0.5084745762711864,0.1574074074074074,753,753,118,540,60,85
soft,random_error_oracle,1,89,3,658,198,460,0.8858036890645586,0.7556019044007449,0.7826747720364742,0.7474747474747475,0.7978260869565217,0.13230999778358646,0.08749118336712712,148,367,93,50,0.5,1.0,1.3632218844984803,1.3632218844984803,0.2507598784194529,0.5932203389830508,0.17592592592592593,897,897,118,540,70,95
soft,random_error_oracle,1,89,4,658,198,460,0.8891084760649978,0.7552690304983882,0.7811550151975684,0.7575757575757576,0.7913043478260869,0.1309302092407857,0.08906067609471226,150,364,96,48,0.5,1.0,1.4437689969604863,1.4437689969604863,0.2674772036474164,0.635593220338983,0.18703703703703703,950,950,118,540,75,101
soft,random_error_oracle,1,89,5,658,198,460,0.8871870882740448,0.7538409938208697,0.7796352583586627,0.7575757575757576,0.7891304347826087,0.13225202477710513,0.08991717912759527,150,363,97,48,0.5,1.0,1.4635258358662615,1.4635258358662615,0.2689969604863222,0.635593220338983,0.18888888888888888,963,963,118,540,75,102
soft,random_error_oracle,1,89,6,658,198,460,0.8869565217391304,0.7538409938208697,0.7796352583586627,0.7575757575757576,0.7891304347826087,0.13235132717029552,0.08991952558886733,150,363,97,48,0.5,1.0,1.4680851063829787,1.4680851063829787,0.2689969604863222,0.635593220338983,0.18888888888888888,966,966,118,540,75,102
soft,random_error_oracle,1,89,7,658,198,460,0.886528326745718,0.7538409938208697,0.7796352583586627,0.7575757575757576,0.7891304347826087,0.13258977388471305,0.09029093052665495,150,363,97,48,0.5,1.0,1.4696048632218845,1.4696048632218845,0.2689969604863222,0.635593220338983,0.18888888888888888,967,967,118,540,75,102
soft,random_error_oracle,1,90,0,658,198,460,0.8635375494071147,0.772002772002772,0.8206686930091185,0.5959595959595959,0.9173913043478261,0.12792545989565157,0.02485381406775575,118,422,38,80,0.5,,0.0,0.0,0.0,0.0,0.0,0,0,118,540,0,0
soft,random_error_oracle,1,90,1,658,198,460,0.8686868686868686,0.760204081632653,0.7993920972644377,0.6565656565656566,0.8608695652173913,0.13091258714384932,0.05344401191992521,130,396,64,68,0.5,1.0,0.7112462006079028,0.7112462006079028,0.1337386018237082,0.3135593220338983,0.09444444444444444,468,468,118,540,37,51
soft,random_error_oracle,1,90,2,658,198,460,0.8771190162494511,0.751517792302106,0.7826747720364742,0.7121212121212122,0.8130434782608695,0.1342054316004064,0.07420919293932575,141,374,86,57,0.5,1.0,1.1443768996960486,1.1443768996960486,0.20516717325227962,0.4661016949152542,0.14814814814814814,753,753,118,540,55,80
soft,random_error_oracle,1,90,3,658,198,460,0.8883069828722003,0.7570339397343485,0.78419452887538,0.7474747474747475,0.8,0.1311211352231773,0.09022547021721188,148,368,92,50,0.5,1.0,1.3632218844984803,1.3632218844984803,0.25227963525835867,0.6016949152542372,0.17592592592592593,897,897,118,540,71,95
soft,random_error_oracle,1,90,4,658,198,460,0.8878458498023715,0.7586680717414662,0.78419452887538,0.7626262626262627,0.7934782608695652,0.13157464889904905,0.08747345010882132,151,365,95,47,0.5,1.0,1.4437689969604863,1.4437689969604863,0.26443768996960487,0.635593220338983,0.18333333333333332,950,950,118,540,75,99
soft,random_error_oracle,1,90,5,658,198,460,0.887044356609574,0.7538409938208697,0.7796352583586627,0.7575757575757576,0.7891304347826087,0.13235170270011,0.0905453274994753,150,363,97,48,0.5,1.0,1.4635258358662615,1.4635258358662615,0.2689969604863222,0.635593220338983,0.18888888888888888,963,963,118,540,75,102
soft,random_error_oracle,1,90,6,658,198,460,0.8863855950812471,0.7538409938208697,0.7796352583586627,0.7575757575757576,0.7891304347826087,0.13269821801204643,0.09034770361418558,150,363,97,48,0.5,1.0,1.4680851063829787,1.4680851063829787,0.2689969604863222,0.635593220338983,0.18888888888888888,966,966,118,540,75,102
soft,random_error_oracle,1,90,7,658,198,460,0.886528326745718,0.7538409938208697,0.7796352583586627,0.7575757575757576,0.7891304347826087,0.13258977388471305,0.09029093052665495,150,363,97,48,0.5,1.0,1.4696048632218845,1.4696048632218845,0.2689969604863222,0.635593220338983,0.18888888888888888,967,967,118,540,75,102
soft,random_error_oracle,1,91,0,658,198,460,0.8635375494071147,0.772002772002772,0.8206686930091185,0.5959595959595959,0.9173913043478261,0.12792545989565157,0.02485381406775575,118,422,38,80,0.5,,0.0,0.0,0.0,0.0,0.0,0,0,118,540,0,0
soft,random_error_oracle,1,91,1,658,198,460,0.8723320158102765,0.7666762874695914,0.8039513677811551,0.6717171717171717,0.8608695652173913,0.13050614579730804,0.055242420521775824,133,396,64,65,0.5,1.0,0.7112462006079028,0.7112462006079028,0.13221884498480244,0.3220338983050847,0.09074074074074075,468,468,118,540,38,49
soft,random_error_oracle,1,91,2,658,198,460,0.8800065876152833,0.751517792302106,0.7826747720364742,0.7121212121212122,0.8130434782608695,0.13281403530525254,0.07537350978053836,141,374,86,57,0.5,1.0,1.1443768996960486,1.1443768996960486,0.20820668693009117,0.4745762711864407,0.15,753,753,118,540,56,81
soft,random_error_oracle,1,91,3,658,198,460,0.8907224418093984,0.7638780541080288,0.790273556231003,0.7575757575757576,0.8043478260869565,0.1294019834517198,0.0857793334325459,150,370,90,48,0.5,1.0,1.3632218844984803,1.3632218844984803,0.24620060790273557,0.6016949152542372,0.1685185185185185,897,897,118,540,71,91
soft,random_error_oracle,1,91,4,658,198,460,0.8888230127360561,0.7586680717414662,0.78419452887538,0.7626262626262627,0.7934782608695652,0.13107234223343597,0.08489616726743303,151,365,95,47,0.5,1.0,1.4437689969604863,1.4437689969604863,0.26443768996960487,0.635593220338983,0.18333333333333332,950,950,118,540,75,99
soft,random_error_oracle,1,91,5,658,198,460,0.8877360562143171,0.7538409938208697,0.7796352583586627,0.7575757575757576,0.7891304347826087,0.1319429849775579,0.09008385441749865,150,363,97,48,0.5,1.0,1.4635258358662615,1.4635258358662615,0.2689969604863222,0.635593220338983,0.18888888888888888,963,963,118,540,75,102
soft,random_error_oracle,1,91,6,658,198,460,0.8865063680281071,0.7538409938208697,0.7796352583586627,0.7575757575757576,0.7891304347826087,0.1326078385059408,0.09030054396180683,150,363,97,48,0.5,1.0,1.4680851063829787,1.4680851063829787,0.2689969604863222,0.635593220338983,0.18888888888888888,966,966,118,540,75,102
soft,random_error_oracle,1,91,7,658,198,460,0.886528326745718,0.7538409938208697,0.7796352583586627,0.7575757575757576,0.7891304347826087,0.13258977388471305,0.09029093052665495,150,363,97,48,0.5,1.0,1.4696048632218845,1.4696048632218845,0.2689969604863222,0.635593220338983,0.18888888888888888,967,967,118,540,75,102
soft,random_error_oracle,1,92,0,658,198,460,0.8635375494071147,0.772002772002772,0.8206686930091185,0.5959595959595959,0.9173913043478261,0.12792545989565157,0.02485381406775575,118,422,38,80,0.5,,0.0,0.0,0.0,0.0,0.0,0,0,118,540,0,0
soft,random_error_oracle,1,92,1,658,198,460,0.879754062362758,0.7543818597136331,0.7963525835866262,0.6363636363636364,0.8652173913043478,0.1275602287699562,0.07105951148000961,126,398,62,72,0.5,1.0,0.7112462006079028,0.7112462006079028,0.12158054711246201,0.2711864406779661,0.08888888888888889,468,468,118,540,32,48
soft,random_error_oracle,1,92,2,658,198,460,0.8794905577514274,0.7541571945777553,0.78419452887538,0.7222222222222222,0.8108695652173913,0.13337918385404396,0.06911959364362145,143,373,87,55,0.5,1.0,1.1443768996960486,1.1443768996960486,0.22188449848024316,0.5169491525423728,0.1574074074074074,753,753,118,540,61,85
soft,random_error_oracle,1,92,3,658,198,460,0.8873407992973211,0.7590200595839514,0.7857142857142857,0.7525252525252525,0.8,0.13173888597794825,0.08542470499198482,149,368,92,49,0.5,1.0,1.3632218844984803,1.3632218844984803,0.2507598784194529,0.6016949152542372,0.17407407407407408,897,897,118,540,71,94
soft,random_error_oracle,1,92,4,658,198,460,0.8859903381642511,0.7558064017318695,0.7811550151975684,0.7626262626262627,0.7891304347826087,0.13311434078380696,0.09147090117796146,151,363,97,47,0.5,1.0,1.4437689969604863,1.4437689969604863,0.2674772036474164,0.635593220338983,0.18703703703703703,950,950,118,540,75,101
soft,random_error_oracle,1,92,5,658,198,460,0.8872859025032938,0.7538409938208697,0.7796352583586627,0.7575757575757576,0.7891304347826087,0.13219769104966228,0.09237555520657409,150,363,97,48,0.5,1.0,1.4635258358662615,1.4635258358662615,0.2689969604863222,0.635593220338983,0.18888888888888888,963,963,118,540,75,102
soft,random_error_oracle,1,92,6,658,198,460,0.8865393061045235,0.7538409938208697,0.7796352583586627,0.7575757575757576,0.7891304347826087,0.13257179033593056,0.09028129529181703,150,363,97,48,0.5,1.0,1.4680851063829787,1.4680851063829787,0.2689969604863222,0.635593220338983,0.18888888888888888,966,966,118,540,75,102
soft,random_error_oracle,1,92,7,658,198,460,0.886528326745718,0.7538409938208697,0.7796352583586627,0.7575757575757576,0.7891304347826087,0.13258977388471305,0.09029093052665495,150,363,97,48,0.5,1.0,1.4696048632218845,1.4696048632218845,0.2689969604863222,0.635593220338983,0.18888888888888888,967,967,118,540,75,102
soft,random_error_oracle,1,93,0,658,198,460,0.8635375494071147,0.772002772002772,0.8206686930091185,0.5959595959595959,0.9173913043478261,0.12792545989565157,0.02485381406775575,118,422,38,80,0.5,,0.0,0.0,0.0,0.0,0.0,0,0,118,540,0,0
soft,random_error_oracle,1,93,1,658,198,460,0.8705643390425999,0.7543363229328954,0.7978723404255319,0.6262626262626263,0.8717391304347826,0.1301581605359598,0.06528865723496896,124,401,59,74,0.5,1.0,0.7112462006079028,0.7112462006079028,0.12310030395136778,0.2796610169491525,0.08888888888888889,468,468,118,540,33,48
soft,random_error_oracle,1,93,2,658,198,460,0.8851668862538428,0.7576197693020122,0.7872340425531915,0.7272727272727273,0.8130434782608695,0.13086954306165613,0.0748719247578424,144,374,86,54,0.5,1.0,1.1443768996960486,1.1443768996960486,0.22492401215805471,0.5338983050847458,0.1574074074074074,753,753,118,540,63,85
soft,random_error_oracle,1,93,3,658,198,460,0.8896245059288538,0.7604559969211887,0.7872340425531915,0.7525252525252525,0.8021739130434783,0.130048428978453,0.08937006788249353,149,369,91,49,0.5,1.0,1.3632218844984803,1.3632218844984803,0.25227963525835867,0.6101694915254238,0.17407407407407408,897,897,118,540,72,94
soft,random_error_oracle,1,93,4,658,198,460,0.8893719806763285,0.7586680717414662,0.78419452887538,0.7626262626262627,0.7934782608695652,0.13082871154293008,0.08454520269607567,151,365,95,47,0.5,1.0,1.4437689969604863,1.4437689969604863,0.26443768996960487,0.635593220338983,0.18333333333333332,950,950,118,540,75,99
soft,random_error_oracle,1,93,5,658,198,460,0.8861989459815548,0.7538409938208697,0.7796352583586627,0.7575757575757576,0.7891304347826087,0.13242024730100302,0.0895819798007974,150,363,97,48,0.5,1.0,1.4635258358662615,1.4635258358662615,0.2689969604863222,0.635593220338983,0.18888888888888888,963,963,118,540,75,102
soft,random_error_oracle,1,93,6,658,198,460,0.8865393061045235,0.7538409938208697,0.7796352583586627,0.7575757575757576,0.7891304347826087,0.13257179033593056,0.09028129529181703,150,363,97,48,0.5,1.0,1.4680851063829787,1.4680851063829787,0.2689969604863222,0.635593220338983,0.18888888888888888,966,966,118,540,75,102
soft,random_error_oracle,1,93,7,658,198,460,0.886528326745718,0.7538409938208697,0.7796352583586627,0.7575757575757576,0.7891304347826087,0.13258977388471305,0.09029093052665495,150,363,97,48,0.5,1.0,1.4696048632218845,1.4696048632218845,0.2689969604863222,0.635593220338983,0.18888888888888888,967,967,118,540,75,102
soft,random_error_oracle,1,94,0,658,198,460,0.8635375494071147,0.772002772002772,0.8206686930091185,0.5959595959595959,0.9173913043478261,0.12792545989565157,0.02485381406775575,118,422,38,80,0.5,,0.0,0.0,0.0,0.0,0.0,0,0,118,540,0,0
soft,random_error_oracle,1,94,1,658,198,460,0.8749451032059729,0.7521724890829695,0.790273556231003,0.6616161616161617,0.8456521739130435,0.12991742368126905,0.05728093231793094,131,389,71,67,0.5,1.0,0.7112462006079028,0.7112462006079028,0.13677811550151975,0.2966101694915254,0.10185185185185185,468,468,118,540,35,55
soft,random_error_oracle,1,94,2,658,198,460,0.8818730786122091,0.7502780026274234,0.7826747720364742,0.702020202020202,0.8173913043478261,0.13142848508787836,0.07534331103861534,139,376,84,59,0.5,1.0,1.1443768996960486,1.1443768996960486,0.21124620060790272,0.4830508474576271,0.15185185185185185,753,753,118,540,57,82
soft,random_error_oracle,1,94,3,658,198,460,0.8890096618357488,0.7595646258503401,0.7857142857142857,0.7575757575757576,0.7978260869565217,0.1308793930516843,0.08631223123739991,150,367,93,48,0.5,1.0,1.3632218844984803,1.3632218844984803,0.25987841945288753,0.6271186440677966,0.17962962962962964,897,897,118,540,74,97
soft,random_error_oracle,1,94,4,658,198,460,0.8904699165568731,0.7572362904578231,0.7826747720364742,0.7626262626262627,0.7913043478260869,0.13041344620600817,0.09002395753707872,151,364,96,47,0.5,1.0,1.4437689969604863,1.4437689969604863,0.26595744680851063,0.635593220338983,0.18518518518518517,950,950,118,540,75,100
soft,random_error_oracle,1,94,5,658,198,460,0.8882960035133948,0.7538409938208697,0.7796352583586627,0.7575757575757576,0.7891304347826087,0.13163357064181427,0.09182254559907298,150,363,97,48,0.5,1.0,1.4635258358662615,1.4635258358662615,0.2689969604863222,0.635593220338983,0.18888888888888888,963,963,118,540,75,102
soft,random_error_oracle,1,94,6,658,198,460,0.8865393061045235,0.7538409938208697,0.7796352583586627,0.7575757575757576,0.7891304347826087,0.13257179033593056,0.09028129529181703,150,363,97,48,0.5,1.0,1.4680851063829787,1.4680851063829787,0.2689969604863222,0.635593220338983,0.18888888888888888,966,966,118,540,75,102
soft,random_error_oracle,1,94,7,658,198,460,0.886528326745718,0.7538409938208697,0.7796352583586627,0.7575757575757576,0.7891304347826087,0.13258977388471305,0.09029093052665495,150,363,97,48,0.5,1.0,1.4696048632218845,1.4696048632218845,0.2689969604863222,0.635593220338983,0.18888888888888888,967,967,118,540,75,102
soft,random_error_oracle,1,95,0,658,198,460,0.8635375494071147,0.772002772002772,0.8206686930091185,0.5959595959595959,0.9173913043478261,0.12792545989565157,0.02485381406775575,118,422,38,80,0.5,,0.0,0.0,0.0,0.0,0.0,0,0,118,540,0,0
soft,random_error_oracle,1,95,1,658,198,460,0.8816534914361002,0.7793723175965666,0.817629179331307,0.6666666666666666,0.8826086956521739,0.12493339659593601,0.059968025960812195,132,406,54,66,0.5,1.0,0.7112462006079028,0.7112462006079028,0.11854103343465046,0.3220338983050847,0.07407407407407407,468,468,118,540,38,40
soft,random_error_oracle,1,95,2,658,198,460,0.8883618796662274,0.7639710924724377,0.7933130699088146,0.7323232323232324,0.8195652173913044,0.12844989410944085,0.08068122792810599,145,377,83,53,0.5,1.0,1.1443768996960486,1.1443768996960486,0.21580547112462006,0.5254237288135594,0.14814814814814814,753,753,118,540,62,80
soft,random_error_oracle,1,95,3,658,198,460,0.8901075977162934,0.7624382147671577,0.7887537993920972,0.7575757575757576,0.8021739130434783,0.1298118675091659,0.08338877053309851,150,369,91,48,0.5,1.0,1.3632218844984803,1.3632218844984803,0.25379939209726443,0.6186440677966102,0.17407407407407408,897,897,118,540,73,94
soft,random_error_oracle,1,95,4,658,198,460,0.8884936319718928,0.7586680717414662,0.78419452887538,0.7626262626262627,0.7934782608695652,0.13127917425532154,0.08614328073714109,151,365,95,47,0.5,1.0,1.4437689969604863,1.4437689969604863,0.26443768996960487,0.635593220338983,0.18333333333333332,950,950,118,540,75,99
soft,random_error_oracle,1,95,5,658,198,460,0.8868686868686868,0.7538409938208697,0.7796352583586627,0.7575757575757576,0.7891304347826087,0.13241385066313913,0.09025836359871217,150,363,97,48,0.5,1.0,1.4635258358662615,1.4635258358662615,0.2689969604863222,0.635593220338983,0.18888888888888888,963,963,118,540,75,102
soft,random_error_oracle,1,95,6,658,198,460,0.8863855950812471,0.7538409938208697,0.7796352583586627,0.7575757575757576,0.7891304347826087,0.13269821801204643,0.09034770361418558,150,363,97,48,0.5,1.0,1.4680851063829787,1.4680851063829787,0.2689969604863222,0.635593220338983,0.18888888888888888,966,966,118,540,75,102
soft,random_error_oracle,1,95,7,658,198,460,0.886528326745718,0.7538409938208697,0.7796352583586627,0.7575757575757576,0.7891304347826087,0.13258977388471305,0.09029093052665495,150,363,97,48,0.5,1.0,1.4696048632218845,1.4696048632218845,0.2689969604863222,0.635593220338983,0.18888888888888888,967,967,118,540,75,102
soft,random_error_oracle,1,96,0,658,198,460,0.8635375494071147,0.772002772002772,0.8206686930091185,0.5959595959595959,0.9173913043478261,0.12792545989565157,0.02485381406775575,118,422,38,80,0.5,,0.0,0.0,0.0,0.0,0.0,0,0,118,540,0,0
soft,random_error_oracle,1,96,1,658,198,460,0.8752635046113306,0.7689472592797401,0.8069908814589666,0.6666666666666666,0.8673913043478261,0.12885100566194582,0.05144174425893129,132,399,61,66,0.5,1.0,0.7112462006079028,0.7112462006079028,0.135258358662614,0.3389830508474576,0.09074074074074075,468,468,118,540,40,49
soft,random_error_oracle,1,96,2,658,198,460,0.8826416337285903,0.756182937693648,0.7857142857142857,0.7272727272727273,0.8108695652173913,0.1319111403870867,0.0752989596397464,144,373,87,54,0.5,1.0,1.1443768996960486,1.1443768996960486,0.22036474164133737,0.5169491525423728,0.15555555555555556,753,753,118,540,61,84
soft,random_error_oracle,1,96,3,658,198,460,0.8895696091348265,0.764414694894147,0.790273556231003,0.7626262626262627,0.8021739130434783,0.12995036980813032,0.08028732064509973,151,369,91,47,0.5,1.0,1.3632218844984803,1.3632218844984803,0.2553191489361702,0.6271186440677966,0.17407407407407408,897,897,118,540,74,94
soft,random_error_oracle,1,96,4,658,198,460,0.8886253842775581,0.7586680717414662,0.78419452887538,0.7626262626262627,0.7934782608695652,0.13114976888096833,0.08659361483955026,151,365,95,47,0.5,1.0,1.4437689969604863,1.4437689969604863,0.26443768996960487,0.635593220338983,0.18333333333333332,950,950,118,540,75,99
soft,random_error_oracle,1,96,5,658,198,460,0.8886144049187528,0.7538409938208697,0.7796352583586627,0.7575757575757576,0.7891304347826087,0.1314747787313759,0.09194751691188725,150,363,97,48,0.5,1.0,1.4635258358662615,1.4635258358662615,0.2689969604863222,0.635593220338983,0.18888888888888888,963,963,118,540,75,102
soft,random_error_oracle,1,96,6,658,198,460,0.8867808519982433,0.7538409938208697,0.7796352583586627,0.7575757575757576,0.7891304347826087,0.132435131912625,0.08996799949141948,150,363,97,48,0.5,1.0,1.4680851063829787,1.4680851063829787,0.2689969604863222,0.635593220338983,0.18888888888888888,966,966,118,540,75,102
soft,random_error_oracle,1,96,7,658,198,460,0.886528326745718,0.7538409938208697,0.7796352583586627,0.7575757575757576,0.7891304347826087,0.13258977388471305,0.09029093052665495,150,363,97,48,0.5,1.0,1.4696048632218845,1.4696048632218845,0.2689969604863222,0.635593220338983,0.18888888888888888,967,967,118,540,75,102
soft,random_error_oracle,1,97,0,658,198,460,0.8635375494071147,0.772002772002772,0.8206686930091185,0.5959595959595959,0.9173913043478261,0.12792545989565157,0.02485381406775575,118,422,38,80,0.5,,0.0,0.0,0.0,0.0,0.0,0,0,118,540,0,0
soft,random_error_oracle,1,97,1,658,198,460,0.8688515590689504,0.7572811257804155,0.7963525835866262,0.6565656565656566,0.8565217391304348,0.13088557742901022,0.04957714299025186,130,394,66,68,0.5,1.0,0.7112462006079028,0.7112462006079028,0.1337386018237082,0.3050847457627119,0.0962962962962963,468,468,118,540,36,52
soft,random_error_oracle,1,97,2,658,198,460,0.8779644268774703,0.7368443209564705,0.7689969604863222,0.696969696969697,0.8,0.1343595013931432,0.08932435870993523,138,368,92,60,0.5,1.0,1.1443768996960486,1.1443768996960486,0.22492401215805471,0.4830508474576271,0.1685185185185185,753,753,118,540,57,91
soft,random_error_oracle,1,97,3,658,198,460,0.8778656126482214,0.7470504005469627,0.7735562310030395,0.7474747474747475,0.7847826086956522,0.13772968984038245,0.09466512952103667,148,361,99,50,0.5,1.0,1.3632218844984803,1.3632218844984803,0.25987841945288753,0.5932203389830508,0.18703703703703703,897,897,118,540,70,101
soft,random_error_oracle,1,97,4,658,198,460,0.8868796662274924,0.7572362904578231,0.7826747720364742,0.7626262626262627,0.7913043478260869,0.13204020283701876,0.08640788219104735,151,364,96,47,0.5,1.0,1.4437689969604863,1.4437689969604863,0.26595744680851063,0.635593220338983,0.18518518518518517,950,950,118,540,75,100
soft,random_error_oracle,1,97,5,658,198,460,0.8865502854633289,0.7538409938208697,0.7796352583586627,0.7575757575757576,0.7891304347826087,0.13260823026155935,0.0903609229844705,150,363,97,48,0.5,1.0,1.4635258358662615,1.4635258358662615,0.2689969604863222,0.635593220338983,0.18888888888888888,963,963,118,540,75,102
soft,random_error_oracle,1,97,6,658,198,460,0.8863855950812471,0.7538409938208697,0.7796352583586627,0.7575757575757576,0.7891304347826087,0.13269821801204643,0.09034770361418558,150,363,97,48,0.5,1.0,1.4680851063829787,1.4680851063829787,0.2689969604863222,0.635593220338983,0.18888888888888888,966,966,118,540,75,102
soft,random_error_oracle,1,97,7,658,198,460,0.886528326745718,0.7538409938208697,0.7796352583586627,0.7575757575757576,0.7891304347826087,0.13258977388471305,0.09029093052665495,150,363,97,48,0.5,1.0,1.4696048632218845,1.4696048632218845,0.2689969604863222,0.635593220338983,0.18888888888888888,967,967,118,540,75,102
soft,random_error_oracle,1,98,0,658,198,460,0.8635375494071147,0.772002772002772,0.8206686930091185,0.5959595959595959,0.9173913043478261,0.12792545989565157,0.02485381406775575,118,422,38,80,0.5,,0.0,0.0,0.0,0.0,0.0,0,0,118,540,0,0
soft,random_error_oracle,1,98,1,658,198,460,0.8648221343873518,0.7499552932761088,0.7933130699088146,0.6262626262626263,0.8652173913043478,0.13244486463917576,0.06554006807606076,124,398,62,74,0.5,1.0,0.7112462006079028,0.7112462006079028,0.1276595744680851,0.2796610169491525,0.09444444444444444,468,468,118,540,33,51
soft,random_error_oracle,1,98,2,658,198,460,0.872485726833553,0.7326149933802614,0.7644376899696048,0.696969696969697,0.7934782608695652,0.13726171832795564,0.08638716062459285,138,365,95,60,0.5,1.0,1.1443768996960486,1.1443768996960486,0.23252279635258358,0.4915254237288136,0.17592592592592593,753,753,118,540,58,95
soft,random_error_oracle,1,98,3,658,198,460,0.8877250768555116,0.7581308178966006,0.78419452887538,0.7575757575757576,0.7956521739130434,0.13190688148761723,0.08835783733307977,150,366,94,48,0.5,1.0,1.3632218844984803,1.3632218844984803,0.2553191489361702,0.6101694915254238,0.17777777777777778,897,897,118,540,72,96
soft,random_error_oracle,1,98,4,658,198,460,0.8900197628458497,0.7601017740646793,0.7857142857142857,0.7626262626262627,0.7956521739130434,0.13030508466005444,0.08599200975081897,151,366,94,47,0.5,1.0,1.4437689969604863,1.4437689969604863,0.2629179331306991,0.635593220338983,0.1814814814814815,950,950,118,540,75,98
soft,random_error_oracle,1,98,5,658,198,460,0.8861220904699166,0.7538409938208697,0.7796352583586627,0.7575757575757576,0.7891304347826087,0.1324631829000767,0.08960627417096297,150,363,97,48,0.5,1.0,1.4635258358662615,1.4635258358662615,0.2689969604863222,0.635593220338983,0.18888888888888888,963,963,118,540,75,102
soft,random_error_oracle,1,98,6,658,198,460,0.8865393061045235,0.7538409938208697,0.7796352583586627,0.7575757575757576,0.7891304347826087,0.13257179033593056,0.09028129529181703,150,363,97,48,0.5,1.0,1.4680851063829787,1.4680851063829787,0.2689969604863222,0.635593220338983,0.18888888888888888,966,966,118,540,75,102
soft,random_error_oracle,1,98,7,658,198,460,0.886528326745718,0.7538409938208697,0.7796352583586627,0.7575757575757576,0.7891304347826087,0.13258977388471305,0.09029093052665495,150,363,97,48,0.5,1.0,1.4696048632218845,1.4696048632218845,0.2689969604863222,0.635593220338983,0.18888888888888888,967,967,118,540,75,102
soft,random_error_oracle,1,99,0,658,198,460,0.8635375494071147,0.772002772002772,0.8206686930091185,0.5959595959595959,0.9173913043478261,0.12792545989565157,0.02485381406775575,118,422,38,80,0.5,,0.0,0.0,0.0,0.0,0.0,0,0,118,540,0,0
soft,random_error_oracle,1,99,1,658,198,460,0.8734519104084322,0.7594949327130753,0.7993920972644377,0.6515151515151515,0.8630434782608696,0.1298969110078465,0.05474123189290373,129,397,63,69,0.5,1.0,0.7112462006079028,0.7112462006079028,0.13069908814589665,0.3050847457627119,0.09259259259259259,468,468,118,540,36,50
soft,random_error_oracle,1,99,2,658,198,460,0.8817083882301273,0.7509020778897598,0.7826747720364742,0.7070707070707071,0.8152173913043478,0.1316551592504501,0.079965822329194,140,375,85,58,0.5,1.0,1.1443768996960486,1.1443768996960486,0.20820668693009117,0.4745762711864407,0.15,753,753,118,540,56,81
soft,random_error_oracle,1,99,3,658,198,460,0.888274044795784,0.7579083330071628,0.7857142857142857,0.7424242424242424,0.8043478260869565,0.1303602734362709,0.08436683315739799,147,370,90,51,0.5,1.0,1.3632218844984803,1.3632218844984803,0.24772036474164133,0.5932203389830508,0.17222222222222222,897,897,118,540,70,93
soft,random_error_oracle,1,99,4,658,198,460,0.8882411067193675,0.7566989623492847,0.7826747720364742,0.7575757575757576,0.7934782608695652,0.13113581152489096,0.08459510185642327,150,365,95,48,0.5,1.0,1.4437689969604863,1.4437689969604863,0.26595744680851063,0.635593220338983,0.18518518518518517,950,950,118,540,75,100
soft,random_error_oracle,1,99,5,658,198,460,0.8856499780412823,0.7538409938208697,0.7796352583586627,0.7575757575757576,0.7891304347826087,0.13271031141145884,0.08998650606850966,150,363,97,48,0.5,1.0,1.4635258358662615,1.4635258358662615,0.2689969604863222,0.635593220338983,0.18888888888888888,963,963,118,540,75,102
soft,random_error_oracle,1,99,6,658,198,460,0.8870772946859902,0.7538409938208697,0.7796352583586627,0.7575757575757576,0.7891304347826087,0.13230404408262497,0.08989135458020613,150,363,97,48,0.5,1.0,1.4680851063829787,1.4680851063829787,0.2689969604863222,0.635593220338983,0.18888888888888888,966,966,118,540,75,102
soft,random_error_oracle,1,99,7,658,198,460,0.886528326745718,0.7538409938208697,0.7796352583586627,0.7575757575757576,0.7891304347826087,0.13258977388471305,0.09029093052665495,150,363,97,48,0.5,1.0,1.4696048632218845,1.4696048632218845,0.2689969604863222,0.635593220338983,0.18888888888888888,967,967,118,540,75,102
soft,confidently_wrong_oracle,1,0,0,658,198,460,0.8635375494071147,0.772002772002772,0.8206686930091185,0.5959595959595959,0.9173913043478261,0.12792545989565157,0.02485381406775575,118,422,38,80,0.5,,0.0,0.0,0.0,0.0,0.0,0,0,118,540,0,0
soft,confidently_wrong_oracle,1,0,1,658,198,460,0.8619126043039086,0.7521724890829695,0.790273556231003,0.6616161616161617,0.8456521739130435,0.13593984688565694,0.05754477012897509,131,389,71,67,0.5,1.0,0.7112462006079028,0.7112462006079028,0.1519756838905775,0.3389830508474576,0.1111111111111111,468,468,118,540,40,60
soft,confidently_wrong_oracle,1,0,2,658,198,460,0.8778765920070267,0.7390324900583806,0.7720364741641338,0.6919191919191919,0.8065217391304348,0.13437069214062436,0.08350095756780958,137,371,89,61,0.5,1.0,1.1443768996960486,1.1443768996960486,0.23404255319148937,0.5169491525423728,0.17222222222222222,753,753,118,540,61,93
soft,confidently_wrong_oracle,1,0,3,658,198,460,0.8827184892402283,0.7547242096979612,0.7811550151975684,0.7525252525252525,0.7934782608695652,0.13397585570788798,0.08266385670716458,149,365,95,49,0.5,1.0,1.3632218844984803,1.3632218844984803,0.2613981762917933,0.6186440677966102,0.18333333333333332,897,897,118,540,73,99
soft,confidently_wrong_oracle,1,0,4,658,198,460,0.8894158981115502,0.7572362904578231,0.7826747720364742,0.7626262626262627,0.7913043478260869,0.13098095576643698,0.08832054513552914,151,364,96,47,0.5,1.0,1.4437689969604863,1.4437689969604863,0.26595744680851063,0.635593220338983,0.18518518518518517,950,950,118,540,75,100
soft,confidently_wrong_oracle,1,0,5,658,198,460,0.8876701800614845,0.7538409938208697,0.7796352583586627,0.7575757575757576,0.7891304347826087,0.13196982400868745,0.09199914372735282,150,363,97,48,0.5,1.0,1.4635258358662615,1.4635258358662615,0.2689969604863222,0.635593220338983,0.18888888888888888,963,963,118,540,75,102
soft,confidently_wrong_oracle,1,0,6,658,198,460,0.8865393061045235,0.7538409938208697,0.7796352583586627,0.7575757575757576,0.7891304347826087,0.13257179033593056,0.09028129529181703,150,363,97,48,0.5,1.0,1.4680851063829787,1.4680851063829787,0.2689969604863222,0.635593220338983,0.18888888888888888,966,966,118,540,75,102
soft,confidently_wrong_oracle,1,0,7,658,198,460,0.886528326745718,0.7538409938208697,0.7796352583586627,0.7575757575757576,0.7891304347826087,0.13258977388471305,0.09029093052665495,150,363,97,48,0.5,1.0,1.4696048632218845,1.4696048632218845,0.2689969604863222,0.635593220338983,0.18888888888888888,967,967,118,540,75,102
soft,active,0,0,0,658,198,460,0.8635375494071147,0.772002772002772,0.8206686930091185,0.5959595959595959,0.9173913043478261,0.12792545989565157,0.02485381406775575,118,422,38,80,0.5,,0.0,0.0,0.0,0.0,0.0,0,0,118,540,0,0
soft,active,0,0,1,658,198,460,0.88399209486166,0.783610870280128,0.8161094224924013,0.7121212121212122,0.8608695652173913,0.12501339703119577,0.0369546772620545,141,396,64,57,0.5,0.35714285714285715,0.35714285714285715,1.0,0.1534954407294833,0.4152542372881356,0.0962962962962963,658,235,118,540,49,52
soft,active,0,0,2,658,198,460,0.8910188844971454,0.7770877847221667,0.8069908814589666,0.7323232323232324,0.8391304347826087,0.12387786923140467,0.06269582747624962,145,386,74,53,0.5,0.331306990881459,0.662613981762918,2.0,0.1717325227963526,0.4406779661016949,0.11296296296296296,1316,436,118,540,52,61
soft,active,0,0,3,658,198,460,0.9005489679402724,0.7782797745327701,0.8100303951367781,0.7171717171717171,0.85,0.11844158509675233,0.0565743341908964,142,391,69,56,0.5,0.30344478216818643,0.9103343465045592,3.0,0.21124620060790272,0.559322033898305,0.13518518518518519,1974,599,118,540,66,73
soft,active,0,0,4,658,198,460,0.9054787000439175,0.7939664852725231,0.8237082066869301,0.7373737373737373,0.8608695652173913,0.11560860411187186,0.051750382509583755,146,396,64,52,0.5,0.26975683890577506,1.0790273556231003,4.0,0.1884498480243161,0.5338983050847458,0.11296296296296296,2632,710,118,540,63,61
soft,active,0,0,5,658,198,460,0.906060606060606,0.8000994743987848,0.8282674772036475,0.7525252525252525,0.8608695652173913,0.11501402019765421,0.049529722144431014,149,396,64,49,0.5,0.25258358662613983,1.262917933130699,5.0,0.20212765957446807,0.5847457627118644,0.11851851851851852,3290,831,118,540,69,64
soft,active,0,0,6,658,198,460,0.9057092665788319,0.8000994743987848,0.8282674772036475,0.7525252525252525,0.8608695652173913,0.11575946785118395,0.05085347082820821,149,396,64,49,0.5,0.23454913880445796,1.4072948328267476,6.0,0.21124620060790272,0.6101694915254238,0.12407407407407407,3948,926,118,540,72,67
soft,active,0,0,7,658,198,460,0.9046277997364953,0.7980617024713293,0.8267477203647416,0.7474747474747475,0.8608695652173913,0.11660951175750195,0.05573191082082779,148,396,64,50,0.5,0.20994355188884065,1.4696048632218845,7.0,0.20972644376899696,0.6016949152542372,0.12407407407407407,4606,967,118,540,71,67
hard,random_error_oracle,1,0,0,658,198,460,0.8401570048309178,0.7503843466107617,0.7978723404255319,0.601010101010101,0.8826086956521739,0.13351674514795986,0.04525037642258839,119,406,54,79,0.5,,0.0,0.0,0.0,0.0,0.0,0,0,133,525,0,0
hard,random_error_oracle,1,0,1,658,198,460,0.8666337285902505,0.7855614594403117,0.8252279635258358,0.6565656565656566,0.8978260869565218,0.12687879144568742,0.05358460614793248,130,413,47,68,0.5,1.0,0.7112462006079028,0.7112462006079028,0.11246200607902736,0.3458646616541353,0.05333333333333334,468,468,133,525,46,28
hard,random_error_oracle,1,0,2,658,198,460,0.88633069828722,0.7717718048383012,0.8085106382978723,0.6767676767676768,0.8652173913043478,0.12594163933520244,0.05870971479969218,134,398,62,64,0.5,1.0,1.1443768996960486,1.1443768996960486,0.1595744680851064,0.42105263157894735,0.09333333333333334,753,753,133,525,56,49
hard,random_error_oracle,1,0,3,658,198,460,0.9020256916996047,0.7785521973249956,0.8115501519756839,0.7070707070707071,0.8565217391304348,0.11985298331851332,0.08903995261973209,140,394,66,58,0.5,1.0,1.3632218844984803,1.3632218844984803,0.19300911854103345,0.5112781954887218,0.11238095238095239,897,897,133,525,68,59
hard,random_error_oracle,1,0,4,658,198,460,0.9055939833113746,0.7945189253217035,0.8237082066869301,0.7424242424242424,0.8586956521739131,0.11833333504628131,0.0854786403015264,147,395,65,51,0.5,1.0,1.4437689969604863,1.4437689969604863,0.21124620060790272,0.5864661654135338,0.11619047619047619,950,950,133,525,78,61
hard,random_error_oracle,1,0,5,658,198,460,0.9050175669740886,0.7935694577397376,0.8221884498480243,0.7474747474747475,0.8543478260869565,0.1186805874392219,0.0886334188418421,148,393,67,50,0.5,1.0,1.4635258358662615,1.4635258358662615,0.2127659574468085,0.5864661654135338,0.1180952380952381,963,963,133,525,78,62
hard,random_error_oracle,1,0,6,658,198,460,0.9037659200702677,0.7900407305216135,0.8191489361702128,0.7424242424242424,0.8521739130434782,0.11935838593906917,0.08730577130177206,147,392,68,51,0.5,1.0,1.4680851063829787,1.4680851063829787,0.21580547112462006,0.5864661654135338,0.1219047619047619,966,966,133,525,78,64
hard,random_error_oracle,1,0,7,658,198,460,0.902849143610013,0.7900407305216135,0.8191489361702128,0.7424242424242424,0.8521739130434782,0.11987083060948461,0.08696343081317791,147,392,68,51,0.5,1.0,1.4696048632218845,1.4696048632218845,0.21580547112462006,0.5864661654135338,0.1219047619047619,967,967,133,525,78,64
hard,random_error_oracle,1,1,0,658,198,460,0.8401570048309178,0.7503843466107617,0.7978723404255319,0.601010101010101,0.8826086956521739,0.13351674514795986,0.04525037642258839,119,406,54,79,0.5,,0.0,0.0,0.0,0.0,0.0,0,0,133,525,0,0
hard,random_error_oracle,1,1,1,658,198,460,0.8761967501097936,0.798936170212766,0.8358662613981763,0.6767676767676768,0.9043478260869565,0.12429759175156896,0.06180867049921076,134,416,44,64,0.5,1.0,0.7112462006079028,0.7112462006079028,0.11398176291793313,0.37593984962406013,0.047619047619047616,468,468,133,525,50,25
hard,random_error_oracle,1,1,2,658,198,460,0.8839920948616601,0.7637394714986994,0.8009118541033434,0.6717171717171717,0.8565217391304348,0.12783720777292412,0.062199000141836026,133,394,66,65,0.5,1.0,1.1443768996960486,1.1443768996960486,0.1641337386018237,0.41353383458646614,0.10095238095238095,753,753,133,525,55,53
hard,random_error_oracle,1,1,3,658,198,460,0.9024648660518226,0.7904141832944631,0.8206686930091185,0.7323232323232324,0.8586956521739131,0.12016258922990466,0.07840238805974507,145,395,65,53,0.5,1.0,1.3632218844984803,1.3632218844984803,0.20212765957446807,0.556390977443609,0.11238095238095239,897,897,133,525,74,59
hard,random_error_oracle,1,1,4,658,198,460,0.90461682037769,0.7930233495987418,0.8221884498480243,0.7424242424242424,0.8565217391304348,0.11901169055075166,0.08000715371437805,147,394,66,51,0.5,1.0,1.4437689969604863,1.4437689969604863,0.20972644376899696,0.5789473684210527,0.11619047619047619,950,950,133,525,77,61
hard,random_error_oracle,1,1,5,658,198,460,0.9050669740887132,0.792077723148773,0.8206686930091185,0.7474747474747475,0.8521739130434782,0.11869823157847169,0.08726632865648255,148,392,68,50,0.5,1.0,1.4635258358662615,1.4635258358662615,0.21428571428571427,0.5864661654135338,0.12,963,963,133,525,78,63
hard,random_error_oracle,1,1,6,658,198,460,0.9032938076416337,0.7900407305216135,0.8191489361702128,0.7424242424242424,0.8521739130434782,0.1196051084685608,0.08941601804018354,147,392,68,51,0.5,1.0,1.4680851063829787,1.4680851063829787,0.21580547112462006,0.5864661654135338,0.1219047619047619,966,966,133,525,78,64
hard,random_error_oracle,1,1,7,658,198,460,0.902849143610013,0.7900407305216135,0.8191489361702128,0.7424242424242424,0.8521739130434782,0.11987083060948461,0.08696343081317791,147,392,68,51,0.5,1.0,1.4696048632218845,1.4696048632218845,0.21580547112462006,0.5864661654135338,0.1219047619047619,967,967,133,525,78,64
hard,random_error_oracle,1,2,0,658,198,460,0.8401570048309178,0.7503843466107617,0.7978723404255319,0.601010101010101,0.8826086956521739,0.13351674514795986,0.04525037642258839,119,406,54,79,0.5,,0.0,0.0,0.0,0.0,0.0,0,0,133,525,0,0
hard,random_error_oracle,1,2,1,658,198,460,0.8743961352657005,0.7838898479935997,0.8221884498480243,0.6666666666666666,0.8891304347826087,0.12765476638508969,0.058725344735550314,132,409,51,66,0.5,1.0,0.7112462006079028,0.7112462006079028,0.10030395136778116,0.3082706766917293,0.047619047619047616,468,468,133,525,41,25
hard,random_error_oracle,1,2,2,658,198,460,0.8825702678963548,0.7585741114695642,0.7948328267477204,0.6767676767676768,0.8456521739130435,0.12883973602282114,0.06569692221789354,134,389,71,64,0.5,1.0,1.1443768996960486,1.1443768996960486,0.17325227963525835,0.42105263157894735,0.11047619047619048,753,753,133,525,56,58
hard,random_error_oracle,1,2,3,658,198,460,0.8961242863416775,0.7732622624239487,0.8054711246200608,0.7121212121212122,0.8456521739130435,0.12395085021087303,0.08888220618723697,141,389,71,57,0.5,1.0,1.3632218844984803,1.3632218844984803,0.196048632218845,0.5037593984962406,0.1180952380952381,897,897,133,525,67,62
hard,random_error_oracle,1,2,4,658,198,460,0.9037604303908651,0.792077723148773,0.8206686930091185,0.7474747474747475,0.8521739130434782,0.11953181263115785,0.07945503323938845,148,392,68,50,0.5,1.0,1.4437689969604863,1.4437689969604863,0.21124620060790272,0.5789473684210527,0.1180952380952381,950,950,133,525,77,62
hard,random_error_oracle,1,2,5,658,198,460,0.904732103645147,0.7900407305216135,0.8191489361702128,0.7424242424242424,0.8521739130434782,0.118738202991961,0.08924777437309125,147,392,68,51,0.5,1.0,1.4635258358662615,1.4635258358662615,0.21580547112462006,0.5864661654135338,0.1219047619047619,963,963,133,525,78,64
hard,random_error_oracle,1,2,6,658,198,460,0.903425559947299,0.7900407305216135,0.8191489361702128,0.7424242424242424,0.8521739130434782,0.11947267139077097,0.08721972865766618,147,392,68,51,0.5,1.0,1.4680851063829787,1.4680851063829787,0.21580547112462006,0.5864661654135338,0.1219047619047619,966,966,133,525,78,64
hard,random_error_oracle,1,2,7,658,198,460,0.902849143610013,0.7900407305216135,0.8191489361702128,0.7424242424242424,0.8521739130434782,0.11987083060948461,0.08696343081317791,147,392,68,51,0.5,1.0,1.4696048632218845,1.4696048632218845,0.21580547112462006,0.5864661654135338,0.1219047619047619,967,967,133,525,78,64
hard,random_error_oracle,1,3,0,658,198,460,0.8401570048309178,0.7503843466107617,0.7978723404255319,0.601010101010101,0.8826086956521739,0.13351674514795986,0.04525037642258839,119,406,54,79,0.5,,0.0,0.0,0.0,0.0,0.0,0,0,133,525,0,0
hard,random_error_oracle,1,3,1,658,198,460,0.8743192797540623,0.7706293303372082,0.8161094224924013,0.6161616161616161,0.9021739130434783,0.1271928049381996,0.051393825537245794,122,415,45,76,0.5,1.0,0.7112462006079028,0.7112462006079028,0.1094224924012158,0.3157894736842105,0.05714285714285714,468,468,133,525,42,30
hard,random_error_oracle,1,3,2,658,198,460,0.8887406675450154,0.7644110275689222,0.8009118541033434,0.6767676767676768,0.8543478260869565,0.12558066339456486,0.0666268341841726,134,393,67,64,0.5,1.0,1.1443768996960486,1.1443768996960486,0.14893617021276595,0.37593984962406013,0.09142857142857143,753,753,133,525,50,48
hard,random_error_oracle,1,3,3,658,198,460,0.9033596837944664,0.7868618813164032,0.817629179331307,0.7272727272727273,0.8565217391304348,0.1193528388458974,0.0890932612414756,144,394,66,54,0.5,1.0,1.3632218844984803,1.3632218844984803,0.19908814589665655,0.5413533834586466,0.11238095238095239,897,897,133,525,72,59
hard,random_error_oracle,1,3,4,658,198,460,0.9032938076416337,0.7915306297791906,0.8206686930091185,0.7424242424242424,0.8543478260869565,0.11973620653678248,0.08198883610335321,147,393,67,51,0.5,1.0,1.4437689969604863,1.4437689969604863,0.20820668693009117,0.5714285714285714,0.11619047619047619,950,950,133,525,76,61
hard,random_error_oracle,1,3,5,658,198,460,0.9047540623627579,0.792077723148773,0.8206686930091185,0.7474747474747475,0.8521739130434782,0.11883943049515244,0.08598073959030035,148,392,68,50,0.5,1.0,1.4635258358662615,1.4635258358662615,0.21428571428571427,0.5864661654135338,0.12,963,963,133,525,78,63
hard,random_error_oracle,1,3,6,658,198,460,0.9030742204655247,0.7900407305216135,0.8191489361702128,0.7424242424242424,0.8521739130434782,0.1196958841894916,0.08947480524571556,147,392,68,51,0.5,1.0,1.4680851063829787,1.4680851063829787,0.21580547112462006,0.5864661654135338,0.1219047619047619,966,966,133,525,78,64
hard,random_error_oracle,1,3,7,658,198,460,0.902849143610013,0.7900407305216135,0.8191489361702128,0.7424242424242424,0.8521739130434782,0.11987083060948461,0.08696343081317791,147,392,68,51,0.5,1.0,1.4696048632218845,1.4696048632218845,0.21580547112462006,0.5864661654135338,0.1219047619047619,967,967,133,525,78,64
hard,random_error_oracle,1,4,0,658,198,460,0.8401570048309178,0.7503843466107617,0.7978723404255319,0.601010101010101,0.8826086956521739,0.13351674514795986,0.04525037642258839,119,406,54,79,0.5,,0.0,0.0,0.0,0.0,0.0,0,0,133,525,0,0
hard,random_error_oracle,1,4,1,658,198,460,0.8739898989898989,0.7827341558445288,0.8252279635258358,0.6363636363636364,0.9065217391304348,0.12695764995629472,0.05473953642334284,126,417,43,72,0.5,1.0,0.7112462006079028,0.7112462006079028,0.1094224924012158,0.3383458646616541,0.05142857142857143,468,468,133,525,45,27
hard,random_error_oracle,1,4,2,658,198,460,0.8909584980237153,0.7758336399438561,0.8100303951367781,0.696969696969697,0.8586956521739131,0.12467232098688422,0.061994944790819295,138,395,65,60,0.5,1.0,1.1443768996960486,1.1443768996960486,0.16717325227963525,0.44360902255639095,0.09714285714285714,753,753,133,525,59,51
hard,random_error_oracle,1,4,3,658,198,460,0.9034639877031181,0.7847946956857847,0.8161094224924013,0.7222222222222222,0.8565217391304348,0.11930381951516247,0.08674186266098809,143,394,66,55,0.5,1.0,1.3632218844984803,1.3632218844984803,0.19756838905775076,0.5338345864661654,0.11238095238095239,897,897,133,525,71,59
hard,random_error_oracle,1,4,4,658,198,460,0.9049242424242424,0.7894852871987204,0.8191489361702128,0.7373737373737373,0.8543478260869565,0.11870260103019278,0.08423077995184551,146,393,67,52,0.5,1.0,1.4437689969604863,1.4437689969604863,0.20972644376899696,0.5714285714285714,0.1180952380952381,950,950,133,525,76,62
hard,random_error_oracle,1,4,5,658,198,460,0.9029808959156784,0.7900407305216135,0.8191489361702128,0.7424242424242424,0.8521739130434782,0.11968563944339172,0.08531924990371101,147,392,68,51,0.5,1.0,1.4635258358662615,1.4635258358662615,0.21580547112462006,0.5864661654135338,0.1219047619047619,963,963,133,525,78,64
hard,random_error_oracle,1,4,6,658,198,460,0.9028162055335966,0.7900407305216135,0.8191489361702128,0.7424242424242424,0.8521739130434782,0.11991755871682708,0.08693657277883937,147,392,68,51,0.5,1.0,1.4680851063829787,1.4680851063829787,0.21580547112462006,0.5864661654135338,0.1219047619047619,966,966,133,525,78,64
hard,random_error_oracle,1,4,7,658,198,460,0.902849143610013,0.7900407305216135,0.8191489361702128,0.7424242424242424,0.8521739130434782,0.11987083060948461,0.08696343081317791,147,392,68,51,0.5,1.0,1.4696048632218845,1.4696048632218845,0.21580547112462006,0.5864661654135338,0.1219047619047619,967,967,133,525,78,64
hard,random_error_oracle,1,5,0,658,198,460,0.8401570048309178,0.7503843466107617,0.7978723404255319,0.601010101010101,0.8826086956521739,0.13351674514795986,0.04525037642258839,119,406,54,79,0.5,,0.0,0.0,0.0,0.0,0.0,0,0,133,525,0,0
hard,random_error_oracle,1,5,1,658,198,460,0.8590030742204654,0.7771919661721782,0.8161094224924013,0.6616161616161617,0.8826086956521739,0.13232022343280292,0.06006646703074879,131,406,54,67,0.5,1.0,0.7112462006079028,0.7112462006079028,0.1033434650455927,0.3007518796992481,0.05333333333333334,468,468,133,525,40,28
hard,random_error_oracle,1,5,2,658,198,460,0.8840579710144927,0.7645264653093584,0.8024316109422492,0.6666666666666666,0.8608695652173913,0.12701227771959697,0.0567748261904936,132,396,64,66,0.5,1.0,1.1443768996960486,1.1443768996960486,0.15653495440729484,0.39849624060150374,0.09523809523809523,753,753,133,525,53,50
hard,random_error_oracle,1,5,3,658,198,460,0.8962395696091349,0.7728808307898865,0.8069908814589666,0.696969696969697,0.8543478260869565,0.1228325193686513,0.0856483355110183,138,393,67,60,0.5,1.0,1.3632218844984803,1.3632218844984803,0.2006079027355623,0.518796992481203,0.12,897,897,133,525,69,63
hard,random_error_oracle,1,5,4,658,198,460,0.9054402722880984,0.7950640089354756,0.8237082066869301,0.7474747474747475,0.8565217391304348,0.11846576021785525,0.08118748758039675,148,394,66,50,0.5,1.0,1.4437689969604863,1.4437689969604863,0.21124620060790272,0.5864661654135338,0.11619047619047619,950,950,133,525,78,61
hard,random_error_oracle,1,5,5,658,198,460,0.9042764602547211,0.792077723148773,0.8206686930091185,0.7474747474747475,0.8521739130434782,0.11913541088998034,0.08593502453693816,148,392,68,50,0.5,1.0,1.4635258358662615,1.4635258358662615,0.21428571428571427,0.5864661654135338,0.12,963,963,133,525,78,63
hard,random_error_oracle,1,5,6,658,198,460,0.9037659200702677,0.7900407305216135,0.8191489361702128,0.7424242424242424,0.8521739130434782,0.11935838593906917,0.08730577130177206,147,392,68,51,0.5,1.0,1.4680851063829787,1.4680851063829787,0.21580547112462006,0.5864661654135338,0.1219047619047619,966,966,133,525,78,64
hard,random_error_oracle,1,5,7,658,198,460,0.902849143610013,0.7900407305216135,0.8191489361702128,0.7424242424242424,0.8521739130434782,0.11987083060948461,0.08696343081317791,147,392,68,51,0.5,1.0,1.4696048632218845,1.4696048632218845,0.21580547112462006,0.5864661654135338,0.1219047619047619,967,967,133,525,78,64
hard,random_error_oracle,1,6,0,658,198,460,0.8401570048309178,0.7503843466107617,0.7978723404255319,0.601010101010101,0.8826086956521739,0.13351674514795986,0.04525037642258839,119,406,54,79,0.5,,0.0,0.0,0.0,0.0,0.0,0,0,133,525,0,0
hard,random_error_oracle,1,6,1,658,198,460,0.8695212999560826,0.7758779249974455,0.817629179331307,0.6414141414141414,0.8934782608695652,0.129023854365993,0.06293166381601958,127,411,49,71,0.5,1.0,0.7112462006079028,0.7112462006079028,0.11094224924012158,0.3233082706766917,0.05714285714285714,468,468,133,525,43,30
hard,random_error_oracle,1,6,2,658,198,460,0.8920234958278436,0.7716045839790315,0.8069908814589666,0.6868686868686869,0.8586956521739131,0.12494757422690256,0.06194485313386879,136,395,65,62,0.5,1.0,1.1443768996960486,1.1443768996960486,0.16109422492401215,0.42105263157894735,0.09523809523809523,753,753,133,525,56,50
hard,random_error_oracle,1,6,3,658,198,460,0.8982103645147123,0.7838905938728261,0.8145896656534954,0.7272727272727273,0.8521739130434782,0.12225314171883242,0.07986083370280439,144,392,68,54,0.5,1.0,1.3632218844984803,1.3632218844984803,0.19908814589665655,0.5338345864661654,0.11428571428571428,897,897,133,525,71,60
hard,random_error_oracle,1,6,4,658,198,460,0.9067577953447518,0.7965614119987633,0.8252279635258358,0.7474747474747475,0.8586956521739131,0.11763442549549995,0.0855433648979483,148,395,65,50,0.5,1.0,1.4437689969604863,1.4437689969604863,0.20972644376899696,0.5864661654135338,0.11428571428571428,950,950,133,525,78,60
hard,random_error_oracle,1,6,5,658,198,460,0.9044960474308299,0.792077723148773,0.8206686930091185,0.7474747474747475,0.8521739130434782,0.11897396836352783,0.0880949094857509,148,392,68,50,0.5,1.0,1.4635258358662615,1.4635258358662615,0.21428571428571427,0.5864661654135338,0.12,963,963,133,525,78,63
hard,random_error_oracle,1,6,6,658,198,460,0.9028162055335966,0.7900407305216135,0.8191489361702128,0.7424242424242424,0.8521739130434782,0.11991755871682708,0.08693657277883937,147,392,68,51,0.5,1.0,1.4680851063829787,1.4680851063829787,0.21580547112462006,0.5864661654135338,0.1219047619047619,966,966,133,525,78,64
hard,random_error_oracle,1,6,7,658,198,460,0.902849143610013,0.7900407305216135,0.8191489361702128,0.7424242424242424,0.8521739130434782,0.11987083060948461,0.08696343081317791,147,392,68,51,0.5,1.0,1.4696048632218845,1.4696048632218845,0.21580547112462006,0.5864661654135338,0.1219047619047619,967,967,133,525,78,64
hard,random_error_oracle,1,7,0,658,198,460,0.8401570048309178,0.7503843466107617,0.7978723404255319,0.601010101010101,0.8826086956521739,0.13351674514795986,0.04525037642258839,119,406,54,79,0.5,,0.0,0.0,0.0,0.0,0.0,0,0,133,525,0,0
hard,random_error_oracle,1,7,1,658,198,460,0.8754995608256477,0.7819324610022285,0.8237082066869301,0.6414141414141414,0.9021739130434783,0.12527387776235888,0.04922539317795469,127,415,45,71,0.5,1.0,0.7112462006079028,0.7112462006079028,0.11398176291793313,0.3458646616541353,0.05523809523809524,468,468,133,525,46,29
hard,random_error_oracle,1,7,2,658,198,460,0.899088713219148,0.7716045839790315,0.8069908814589666,0.6868686868686869,0.8586956521739131,0.12064700830311327,0.07450035717223417,136,395,65,62,0.5,1.0,1.1443768996960486,1.1443768996960486,0.1580547112462006,0.41353383458646614,0.09333333333333334,753,753,133,525,55,49
hard,random_error_oracle,1,7,3,658,198,460,0.9059453227931489,0.7883518081537884,0.8191489361702128,0.7272727272727273,0.8586956521739131,0.11801611386748818,0.09487907994532352,144,395,65,54,0.5,1.0,1.3632218844984803,1.3632218844984803,0.19756838905775076,0.5413533834586466,0.11047619047619048,897,897,133,525,72,58
hard,random_error_oracle,1,7,4,658,198,460,0.9061594202898551,0.7960173925701485,0.8252279635258358,0.7424242424242424,0.8608695652173913,0.1179025262345765,0.08627337303825112,147,396,64,51,0.5,1.0,1.4437689969604863,1.4437689969604863,0.20972644376899696,0.5864661654135338,0.11428571428571428,950,950,133,525,78,60
hard,random_error_oracle,1,7,5,658,198,460,0.9036671058410187,0.792077723148773,0.8206686930091185,0.7474747474747475,0.8521739130434782,0.1194991474340712,0.08895649339009219,148,392,68,50,0.5,1.0,1.4635258358662615,1.4635258358662615,0.21428571428571427,0.5864661654135338,0.12,963,963,133,525,78,63
hard,random_error_oracle,1,7,6,658,198,460,0.9024978041282388,0.7900407305216135,0.8191489361702128,0.7424242424242424,0.8521739130434782,0.1201558540818666,0.08680724632722099,147,392,68,51,0.5,1.0,1.4680851063829787,1.4680851063829787,0.21580547112462006,0.5864661654135338,0.1219047619047619,966,966,133,525,78,64
hard,random_error_oracle,1,7,7,658,198,460,0.902849143610013,0.7900407305216135,0.8191489361702128,0.7424242424242424,0.8521739130434782,0.11987083060948461,0.08696343081317791,147,392,68,51,0.5,1.0,1.4696048632218845,1.4696048632218845,0.21580547112462006,0.5864661654135338,0.1219047619047619,967,967,133,525,78,64
hard,random_error_oracle,1,8,0,658,198,460,0.8401570048309178,0.7503843466107617,0.7978723404255319,0.601010101010101,0.8826086956521739,0.13351674514795986,0.04525037642258839,119,406,54,79,0.5,,0.0,0.0,0.0,0.0,0.0,0,0,133,525,0,0
hard,random_error_oracle,1,8,1,658,198,460,0.8698561703996487,0.7743027440395862,0.8145896656534954,0.6515151515151515,0.8847826086956522,0.12977150512269017,0.06707159962808859,129,407,53,69,0.5,1.0,0.7112462006079028,0.7112462006079028,0.10790273556231003,0.3082706766917293,0.05714285714285714,468,468,133,525,41,30
hard,random_error_oracle,1,8,2,658,198,460,0.891776460254721,0.7702937093692876,0.8069908814589666,0.6767676767676768,0.8630434782608696,0.12463795323801735,0.06334969602697556,134,397,63,64,0.5,1.0,1.1443768996960486,1.1443768996960486,0.1580547112462006,0.41353383458646614,0.09333333333333334,753,753,133,525,55,49
hard,random_error_oracle,1,8,3,658,198,460,0.9020860781730347,0.7833095793383432,0.8145896656534954,0.7222222222222222,0.8543478260869565,0.12002269859950039,0.08487737588257831,143,393,67,55,0.5,1.0,1.3632218844984803,1.3632218844984803,0.19300911854103345,0.518796992481203,0.11047619047619048,897,897,133,525,69,58
hard,random_error_oracle,1,8,4,658,198,460,0.9041501976284585,0.7930233495987418,0.8221884498480243,0.7424242424242424,0.8565217391304348,0.11910017424475011,0.08059482074237599,147,394,66,51,0.5,1.0,1.4437689969604863,1.4437689969604863,0.20972644376899696,0.5789473684210527,0.11619047619047619,950,950,133,525,77,61
hard,random_error_oracle,1,8,5,658,198,460,0.9048309178743961,0.7900407305216135,0.8191489361702128,0.7424242424242424,0.8521739130434782,0.11877634306253747,0.08937007832123675,147,392,68,51,0.5,1.0,1.4635258358662615,1.4635258358662615,0.21580547112462006,0.5864661654135338,0.1219047619047619,963,963,133,525,78,64
hard,random_error_oracle,1,8,6,658,198,460,0.9030742204655247,0.7900407305216135,0.8191489361702128,0.7424242424242424,0.8521739130434782,0.1196958841894916,0.08947480524571556,147,392,68,51,0.5,1.0,1.4680851063829787,1.4680851063829787,0.21580547112462006,0.5864661654135338,0.1219047619047619,966,966,133,525,78,64
hard,random_error_oracle,1,8,7,658,198,460,0.902849143610013,0.7900407305216135,0.8191489361702128,0.7424242424242424,0.8521739130434782,0.11987083060948461,0.08696343081317791,147,392,68,51,0.5,1.0,1.4696048632218845,1.4696048632218845,0.21580547112462006,0.5864661654135338,0.1219047619047619,967,967,133,525,78,64
hard,random_error_oracle,1,9,0,658,198,460,0.8401570048309178,0.7503843466107617,0.7978723404255319,0.601010101010101,0.8826086956521739,0.13351674514795986,0.04525037642258839,119,406,54,79,0.5,,0.0,0.0,0.0,0.0,0.0,0,0,133,525,0,0
hard,random_error_oracle,1,9,1,658,198,460,0.8664141414141415,0.7586790205237406,0.8039513677811551,0.6161616161616161,0.8847826086956522,0.13091283953588684,0.08217270782723961,122,407,53,76,0.5,1.0,0.7112462006079028,0.7112462006079028,0.10638297872340426,0.2781954887218045,0.06285714285714286,468,468,133,525,37,33
hard,random_error_oracle,1,9,2,658,198,460,0.8839152393500218,0.7601324405292139,0.7978723404255319,0.6666666666666666,0.8543478260869565,0.12844855457508905,0.059914544573372586,132,393,67,66,0.5,1.0,1.1443768996960486,1.1443768996960486,0.16109422492401215,0.39849624060150374,0.10095238095238095,753,753,133,525,53,53
hard,random_error_oracle,1,9,3,658,198,460,0.8979743083003953,0.7785521973249956,0.8115501519756839,0.7070707070707071,0.8565217391304348,0.12228159394973111,0.08009836996747337,140,394,66,58,0.5,1.0,1.3632218844984803,1.3632218844984803,0.1899696048632219,0.5037593984962406,0.11047619047619048,897,897,133,525,67,58
hard,random_error_oracle,1,9,4,658,198,460,0.9042599912165129,0.7930233495987418,0.8221884498480243,0.7424242424242424,0.8565217391304348,0.11908666994010375,0.08513576438292227,147,394,66,51,0.5,1.0,1.4437689969604863,1.4437689969604863,0.2066869300911854,0.5714285714285714,0.11428571428571428,950,950,133,525,76,60
hard,random_error_oracle,1,9,5,658,198,460,0.9057476943346509,0.7935694577397376,0.8221884498480243,0.7474747474747475,0.8543478260869565,0.11822835803914043,0.08876606564843828,148,393,67,50,0.5,1.0,1.4635258358662615,1.4635258358662615,0.2127659574468085,0.5864661654135338,0.1180952380952381,963,963,133,525,78,62
hard,random_error_oracle,1,9,6,658,198,460,0.9037659200702677,0.7900407305216135,0.8191489361702128,0.7424242424242424,0.8521739130434782,0.11935838593906917,0.08730577130177206,147,392,68,51,0.5,1.0,1.4680851063829787,1.4680851063829787,0.21580547112462006,0.5864661654135338,0.1219047619047619,966,966,133,525,78,64
hard,random_error_oracle,1,9,7,658,198,460,0.902849143610013,0.7900407305216135,0.8191489361702128,0.7424242424242424,0.8521739130434782,0.11987083060948461,0.08696343081317791,147,392,68,51,0.5,1.0,1.4696048632218845,1.4696048632218845,0.21580547112462006,0.5864661654135338,0.1219047619047619,967,967,133,525,78,64
hard,random_error_oracle,1,10,0,658,198,460,0.8401570048309178,0.7503843466107617,0.7978723404255319,0.601010101010101,0.8826086956521739,0.13351674514795986,0.04525037642258839,119,406,54,79,0.5,,0.0,0.0,0.0,0.0,0.0,0,0,133,525,0,0
hard,random_error_oracle,1,10,1,658,198,460,0.8753238910847606,0.7860690381963519,0.8237082066869301,0.6717171717171717,0.8891304347826087,0.12658397937108132,0.055816964013709953,133,409,51,65,0.5,1.0,0.7112462006079028,0.7112462006079028,0.10182370820668693,0.3157894736842105,0.047619047619047616,468,468,133,525,42,25
hard,random_error_oracle,1,10,2,658,198,460,0.8916721563460694,0.7716045839790315,0.8069908814589666,0.6868686868686869,0.8586956521739131,0.1249212424835463,0.06167357457884693,136,395,65,62,0.5,1.0,1.1443768996960486,1.1443768996960486,0.15501519756838905,0.40601503759398494,0.09142857142857143,753,753,133,525,54,48
hard,random_error_oracle,1,10,3,658,198,460,0.9034145805884936,0.7827207275483138,0.8145896656534954,0.7171717171717171,0.8565217391304348,0.11962860284894933,0.08698416439214805,142,394,66,56,0.5,1.0,1.3632218844984803,1.3632218844984803,0.19300911854103345,0.518796992481203,0.11047619047619048,897,897,133,525,69,58
hard,random_error_oracle,1,10,4,658,198,460,0.9053579270970574,0.7945189253217035,0.8237082066869301,0.7424242424242424,0.8586956521739131,0.11825425263253204,0.0841640647749842,147,395,65,51,0.5,1.0,1.4437689969604863,1.4437689969604863,0.21124620060790272,0.5864661654135338,0.11619047619047619,950,950,133,525,78,61
hard,random_error_oracle,1,10,5,658,198,460,0.904929732103645,0.792077723148773,0.8206686930091185,0.7474747474747475,0.8521739130434782,0.11868973310871142,0.08621647707620558,148,392,68,50,0.5,1.0,1.4635258358662615,1.4635258358662615,0.21428571428571427,0.5864661654135338,0.12,963,963,133,525,78,63
hard,random_error_oracle,1,10,6,658,198,460,0.9037659200702677,0.7900407305216135,0.8191489361702128,0.7424242424242424,0.8521739130434782,0.11935838593906917,0.08730577130177206,147,392,68,51,0.5,1.0,1.4680851063829787,1.4680851063829787,0.21580547112462006,0.5864661654135338,0.1219047619047619,966,966,133,525,78,64
hard,random_error_oracle,1,10,7,658,198,460,0.902849143610013,0.7900407305216135,0.8191489361702128,0.7424242424242424,0.8521739130434782,0.11987083060948461,0.08696343081317791,147,392,68,51,0.5,1.0,1.4696048632218845,1.4696048632218845,0.21580547112462006,0.5864661654135338,0.1219047619047619,967,967,133,525,78,64
hard,random_error_oracle,1,11,0,658,198,460,0.8401570048309178,0.7503843466107617,0.7978723404255319,0.601010101010101,0.8826086956521739,0.13351674514795986,0.04525037642258839,119,406,54,79,0.5,,0.0,0.0,0.0,0.0,0.0,0,0,133,525,0,0
hard,random_error_oracle,1,11,1,658,198,460,0.8634167764602547,0.7639078731547293,0.8085106382978723,0.6212121212121212,0.8891304347826087,0.1322959500293271,0.06856713582874535,123,409,51,75,0.5,1.0,0.7112462006079028,0.7112462006079028,0.11398176291793313,0.3082706766917293,0.06476190476190476,468,468,133,525,41,34
hard,random_error_oracle,1,11,2,658,198,460,0.8821420729029424,0.7622754294347555,0.7993920972644377,0.6717171717171717,0.8543478260869565,0.12835705728567065,0.06269025277937869,133,393,67,65,0.5,1.0,1.1443768996960486,1.1443768996960486,0.1656534954407295,0.41353383458646614,0.10285714285714286,753,753,133,525,55,54
hard,random_error_oracle,1,11,3,658,198,460,0.8990942028985507,0.7797572773602833,0.8115501519756839,0.7171717171717171,0.8521739130434782,0.12194582469246996,0.08101139324105225,142,392,68,56,0.5,1.0,1.3632218844984803,1.3632218844984803,0.20212765957446807,0.5338345864661654,0.1180952380952381,897,897,133,525,71,62
hard,random_error_oracle,1,11,4,658,198,460,0.9054512516469038,0.792077723148773,0.8206686930091185,0.7474747474747475,0.8521739130434782,0.11860767071852973,0.08091179885601558,148,392,68,50,0.5,1.0,1.4437689969604863,1.4437689969604863,0.21124620060790272,0.5789473684210527,0.1180952380952381,950,950,133,525,77,62
hard,random_error_oracle,1,11,5,658,198,460,0.9032114624505928,0.792077723148773,0.8206686930091185,0.7474747474747475,0.8521739130434782,0.11977203895920827,0.08657117427431316,148,392,68,50,0.5,1.0,1.4635258358662615,1.4635258358662615,0.21428571428571427,0.5864661654135338,0.12,963,963,133,525,78,63
hard,random_error_oracle,1,11,6,658,198,460,0.9024978041282388,0.7900407305216135,0.8191489361702128,0.7424242424242424,0.8521739130434782,0.1201558540818666,0.08680724632722099,147,392,68,51,0.5,1.0,1.4680851063829787,1.4680851063829787,0.21580547112462006,0.5864661654135338,0.1219047619047619,966,966,133,525,78,64
hard,random_error_oracle,1,11,7,658,198,460,0.902849143610013,0.7900407305216135,0.8191489361702128,0.7424242424242424,0.8521739130434782,0.11987083060948461,0.08696343081317791,147,392,68,51,0.5,1.0,1.4696048632218845,1.4696048632218845,0.21580547112462006,0.5864661654135338,0.1219047619047619,967,967,133,525,78,64
hard,random_error_oracle,1,12,0,658,198,460,0.8401570048309178,0.7503843466107617,0.7978723404255319,0.601010101010101,0.8826086956521739,0.13351674514795986,0.04525037642258839,119,406,54,79,0.5,,0.0,0.0,0.0,0.0,0.0,0,0,133,525,0,0
hard,random_error_oracle,1,12,1,658,198,460,0.8733530961791831,0.7823805733376683,0.8206686930091185,0.6666666666666666,0.8869565217391304,0.1258141856206474,0.06563272044831742,132,408,52,66,0.5,1.0,0.7112462006079028,0.7112462006079028,0.09878419452887538,0.3007518796992481,0.047619047619047616,468,468,133,525,40,25
hard,random_error_oracle,1,12,2,658,198,460,0.8907938076416337,0.7688186209925341,0.8054711246200608,0.6767676767676768,0.8608695652173913,0.12418715099040048,0.07256976749319796,134,396,64,64,0.5,1.0,1.1443768996960486,1.1443768996960486,0.1534954407294833,0.39849624060150374,0.09142857142857143,753,753,133,525,53,48
hard,random_error_oracle,1,12,3,658,198,460,0.8978645147123407,0.7755968169761274,0.8085106382978723,0.7070707070707071,0.8521739130434782,0.12258958736201926,0.08223238081635484,140,392,68,58,0.5,1.0,1.3632218844984803,1.3632218844984803,0.19908814589665655,0.518796992481203,0.1180952380952381,897,897,133,525,69,62
hard,random_error_oracle,1,12,4,658,198,460,0.9002635046113306,0.7894852871987204,0.8191489361702128,0.7373737373737373,0.8543478260869565,0.12128829018189759,0.08055695608150393,146,393,67,52,0.5,1.0,1.4437689969604863,1.4437689969604863,0.21580547112462006,0.5864661654135338,0.1219047619047619,950,950,133,525,78,64
hard,random_error_oracle,1,12,5,658,198,460,0.9027119016249451,0.7900407305216135,0.8191489361702128,0.7424242424242424,0.8521739130434782,0.11999727854734883,0.08679772291530495,147,392,68,51,0.5,1.0,1.4635258358662615,1.4635258358662615,0.21580547112462006,0.5864661654135338,0.1219047619047619,963,963,133,525,78,64
hard,random_error_oracle,1,12,6,658,198,460,0.9024978041282388,0.7900407305216135,0.8191489361702128,0.7424242424242424,0.8521739130434782,0.1201558540818666,0.08680724632722099,147,392,68,51,0.5,1.0,1.4680851063829787,1.4680851063829787,0.21580547112462006,0.5864661654135338,0.1219047619047619,966,966,133,525,78,64
hard,random_error_oracle,1,12,7,658,198,460,0.902849143610013,0.7900407305216135,0.8191489361702128,0.7424242424242424,0.8521739130434782,0.11987083060948461,0.08696343081317791,147,392,68,51,0.5,1.0,1.4696048632218845,1.4696048632218845,0.21580547112462006,0.5864661654135338,0.1219047619047619,967,967,133,525,78,64
hard,random_error_oracle,1,13,0,658,198,460,0.8401570048309178,0.7503843466107617,0.7978723404255319,0.601010101010101,0.8826086956521739,0.13351674514795986,0.04525037642258839,119,406,54,79,0.5,,0.0,0.0,0.0,0.0,0.0,0,0,133,525,0,0
hard,random_error_oracle,1,13,1,658,198,460,0.8618028107158542,0.7735091887535366,0.8130699088145896,0.6565656565656566,0.8804347826086957,0.13247905120727235,0.05493554042936119,130,405,55,68,0.5,1.0,0.7112462006079028,0.7112462006079028,0.1094224924012158,0.3082706766917293,0.05904761904761905,468,468,133,525,41,31
hard,random_error_oracle,1,13,2,658,198,460,0.8790019762845849,0.7608142493638677,0.7978723404255319,0.6717171717171717,0.8521739130434782,0.13090678331278469,0.057829308302570354,133,392,68,65,0.5,1.0,1.1443768996960486,1.1443768996960486,0.1519756838905775,0.37593984962406013,0.09523809523809523,753,753,133,525,50,50
hard,random_error_oracle,1,13,3,658,198,460,0.8984354413702239,0.7770730847935385,0.8100303951367781,0.7070707070707071,0.8543478260869565,0.1224197365468603,0.076441421901145,140,393,67,58,0.5,1.0,1.3632218844984803,1.3632218844984803,0.19756838905775076,0.518796992481203,0.11619047619047619,897,897,133,525,69,61
hard,random_error_oracle,1,13,4,658,198,460,0.9049571805006588,0.7945189253217035,0.8237082066869301,0.7424242424242424,0.8586956521739131,0.11862385239444184,0.08344408842246293,147,395,65,51,0.5,1.0,1.4437689969604863,1.4437689969604863,0.20820668693009117,0.5789473684210527,0.11428571428571428,950,950,133,525,77,60
hard,random_error_oracle,1,13,5,658,198,460,0.904419191919192,0.7915306297791906,0.8206686930091185,0.7424242424242424,0.8543478260869565,0.11887449471527832,0.08717020751803031,147,393,67,51,0.5,1.0,1.4635258358662615,1.4635258358662615,0.21428571428571427,0.5864661654135338,0.12,963,963,133,525,78,63
hard,random_error_oracle,1,13,6,658,198,460,0.9037659200702677,0.7900407305216135,0.8191489361702128,0.7424242424242424,0.8521739130434782,0.11935838593906917,0.08730577130177206,147,392,68,51,0.5,1.0,1.4680851063829787,1.4680851063829787,0.21580547112462006,0.5864661654135338,0.1219047619047619,966,966,133,525,78,64
hard,random_error_oracle,1,13,7,658,198,460,0.902849143610013,0.7900407305216135,0.8191489361702128,0.7424242424242424,0.8521739130434782,0.11987083060948461,0.08696343081317791,147,392,68,51,0.5,1.0,1.4696048632218845,1.4696048632218845,0.21580547112462006,0.5864661654135338,0.1219047619047619,967,967,133,525,78,64
hard,random_error_oracle,1,14,0,658,198,460,0.8401570048309178,0.7503843466107617,0.7978723404255319,0.601010101010101,0.8826086956521739,0.13351674514795986,0.04525037642258839,119,406,54,79,0.5,,0.0,0.0,0.0,0.0,0.0,0,0,133,525,0,0
hard,random_error_oracle,1,14,1,658,198,460,0.8700153711023276,0.7765014667284237,0.8161094224924013,0.6565656565656566,0.8847826086956522,0.1295374232093594,0.045667359442024436,130,407,53,68,0.5,1.0,0.7112462006079028,0.7112462006079028,0.1033434650455927,0.3007518796992481,0.05333333333333334,468,468,133,525,40,28
hard,random_error_oracle,1,14,2,658,198,460,0.8886967501097935,0.7674706246134817,0.8054711246200608,0.6666666666666666,0.8652173913043478,0.1259734306576932,0.0649016377890473,132,398,62,66,0.5,1.0,1.1443768996960486,1.1443768996960486,0.15045592705167174,0.39097744360902253,0.08952380952380952,753,753,133,525,52,47
hard,random_error_oracle,1,14,3,658,198,460,0.9030193236714974,0.7871875501102085,0.8191489361702128,0.7171717171717171,0.8630434782608696,0.11916211829050745,0.08048521298938391,142,397,63,56,0.5,1.0,1.3632218844984803,1.3632218844984803,0.19148936170212766,0.5263157894736842,0.10666666666666667,897,897,133,525,70,56
hard,random_error_oracle,1,14,4,658,198,460,0.9048473869126042,0.7930233495987418,0.8221884498480243,0.7424242424242424,0.8565217391304348,0.11879415011033803,0.081910234291257,147,394,66,51,0.5,1.0,1.4437689969604863,1.4437689969604863,0.20972644376899696,0.5789473684210527,0.11619047619047619,950,950,133,525,77,61
hard,random_error_oracle,1,14,5,658,198,460,0.9033926218708828,0.7900407305216135,0.8191489361702128,0.7424242424242424,0.8521739130434782,0.11952804113647053,0.08775858756166885,147,392,68,51,0.5,1.0,1.4635258358662615,1.4635258358662615,0.21580547112462006,0.5864661654135338,0.1219047619047619,963,963,133,525,78,64
hard,random_error_oracle,1,14,6,658,198,460,0.9032938076416337,0.7900407305216135,0.8191489361702128,0.7424242424242424,0.8521739130434782,0.1196051084685608,0.08941601804018354,147,392,68,51,0.5,1.0,1.4680851063829787,1.4680851063829787,0.21580547112462006,0.5864661654135338,0.1219047619047619,966,966,133,525,78,64
hard,random_error_oracle,1,14,7,658,198,460,0.902849143610013,0.7900407305216135,0.8191489361702128,0.7424242424242424,0.8521739130434782,0.11987083060948461,0.08696343081317791,147,392,68,51,0.5,1.0,1.4696048632218845,1.4696048632218845,0.21580547112462006,0.5864661654135338,0.1219047619047619,967,967,133,525,78,64
hard,random_error_oracle,1,15,0,658,198,460,0.8401570048309178,0.7503843466107617,0.7978723404255319,0.601010101010101,0.8826086956521739,0.13351674514795986,0.04525037642258839,119,406,54,79,0.5,,0.0,0.0,0.0,0.0,0.0,0,0,133,525,0,0
hard,random_error_oracle,1,15,1,658,198,460,0.8641633728590249,0.773592355681908,0.8145896656534954,0.6464646464646465,0.8869565217391304,0.13054614755577842,0.0486294417401165,128,408,52,70,0.5,1.0,0.7112462006079028,0.7112462006079028,0.11398176291793313,0.3233082706766917,0.06095238095238095,468,468,133,525,43,32
hard,random_error_oracle,1,15,2,658,198,460,0.8898276240667544,0.7688186209925341,0.8054711246200608,0.6767676767676768,0.8608695652173913,0.12475863794574016,0.06822379679726692,134,396,64,64,0.5,1.0,1.1443768996960486,1.1443768996960486,0.15653495440729484,0.40601503759398494,0.09333333333333334,753,753,133,525,54,49
hard,random_error_oracle,1,15,3,658,198,460,0.9025307422046552,0.7904141832944631,0.8206686930091185,0.7323232323232324,0.8586956521739131,0.1199022338244589,0.08698038575081789,145,395,65,53,0.5,1.0,1.3632218844984803,1.3632218844984803,0.19908814589665655,0.5488721804511278,0.11047619047619048,897,897,133,525,73,58
hard,random_error_oracle,1,15,4,658,198,460,0.9063680281071584,0.7945189253217035,0.8237082066869301,0.7424242424242424,0.8586956521739131,0.11786724460714186,0.08737767666034991,147,395,65,51,0.5,1.0,1.4437689969604863,1.4437689969604863,0.20820668693009117,0.5789473684210527,0.11428571428571428,950,950,133,525,77,60
hard,random_error_oracle,1,15,5,658,198,460,0.9047321036451471,0.7935694577397376,0.8221884498480243,0.7474747474747475,0.8543478260869565,0.11879804712531092,0.0874597419619577,148,393,67,50,0.5,1.0,1.4635258358662615,1.4635258358662615,0.2127659574468085,0.5864661654135338,0.1180952380952381,963,963,133,525,78,62
hard,random_error_oracle,1,15,6,658,198,460,0.9037659200702677,0.7900407305216135,0.8191489361702128,0.7424242424242424,0.8521739130434782,0.11935838593906917,0.08730577130177206,147,392,68,51,0.5,1.0,1.4680851063829787,1.4680851063829787,0.21580547112462006,0.5864661654135338,0.1219047619047619,966,966,133,525,78,64
hard,random_error_oracle,1,15,7,658,198,460,0.902849143610013,0.7900407305216135,0.8191489361702128,0.7424242424242424,0.8521739130434782,0.11987083060948461,0.08696343081317791,147,392,68,51,0.5,1.0,1.4696048632218845,1.4696048632218845,0.21580547112462006,0.5864661654135338,0.1219047619047619,967,967,133,525,78,64
hard,random_error_oracle,1,16,0,658,198,460,0.8401570048309178,0.7503843466107617,0.7978723404255319,0.601010101010101,0.8826086956521739,0.13351674514795986,0.04525037642258839,119,406,54,79,0.5,,0.0,0.0,0.0,0.0,0.0,0,0,133,525,0,0
hard,random_error_oracle,1,16,1,658,198,460,0.865036231884058,0.7706027890238416,0.8115501519756839,0.6464646464646465,0.8826086956521739,0.13085826173935897,0.05994095822597958,128,406,54,70,0.5,1.0,0.7112462006079028,0.7112462006079028,0.11398176291793313,0.3157894736842105,0.06285714285714286,468,468,133,525,42,33
hard,random_error_oracle,1,16,2,658,198,460,0.8906291172595521,0.7667829650551032,0.8054711246200608,0.6616161616161617,0.8673913043478261,0.12404917702194845,0.06888635736193967,131,399,61,67,0.5,1.0,1.1443768996960486,1.1443768996960486,0.15653495440729484,0.40601503759398494,0.09333333333333334,753,753,133,525,54,49
hard,random_error_oracle,1,16,3,658,198,460,0.9031785243741766,0.7821239360778183,0.8145896656534954,0.7121212121212122,0.8586956521739131,0.1195569653247899,0.08306116870756639,141,395,65,57,0.5,1.0,1.3632218844984803,1.3632218844984803,0.19300911854103345,0.518796992481203,0.11047619047619048,897,897,133,525,69,58
hard,random_error_oracle,1,16,4,658,198,460,0.9048254281949933,0.7909761481720777,0.8206686930091185,0.7373737373737373,0.8565217391304348,0.11870045352053193,0.08216545222132735,146,394,66,52,0.5,1.0,1.4437689969604863,1.4437689969604863,0.21124620060790272,0.5789473684210527,0.1180952380952381,950,950,133,525,77,62
hard,random_error_oracle,1,16,5,658,198,460,0.9041721563460693,0.7900407305216135,0.8191489361702128,0.7424242424242424,0.8521739130434782,0.1191624291708581,0.08965659279009158,147,392,68,51,0.5,1.0,1.4635258358662615,1.4635258358662615,0.21580547112462006,0.5864661654135338,0.1219047619047619,963,963,133,525,78,64
hard,random_error_oracle,1,16,6,658,198,460,0.9028162055335966,0.7900407305216135,0.8191489361702128,0.7424242424242424,0.8521739130434782,0.11991755871682708,0.08693657277883937,147,392,68,51,0.5,1.0,1.4680851063829787,1.4680851063829787,0.21580547112462006,0.5864661654135338,0.1219047619047619,966,966,133,525,78,64
hard,random_error_oracle,1,16,7,658,198,460,0.902849143610013,0.7900407305216135,0.8191489361702128,0.7424242424242424,0.8521739130434782,0.11987083060948461,0.08696343081317791,147,392,68,51,0.5,1.0,1.4696048632218845,1.4696048632218845,0.21580547112462006,0.5864661654135338,0.1219047619047619,967,967,133,525,78,64
hard,random_error_oracle,1,17,0,658,198,460,0.8401570048309178,0.7503843466107617,0.7978723404255319,0.601010101010101,0.8826086956521739,0.13351674514795986,0.04525037642258839,119,406,54,79,0.5,,0.0,0.0,0.0,0.0,0.0,0,0,133,525,0,0
hard,random_error_oracle,1,17,1,658,198,460,0.8597002635046113,0.7735091887535366,0.8130699088145896,0.6565656565656566,0.8804347826086957,0.13157935323996076,0.0753236279579385,130,405,55,68,0.5,1.0,0.7112462006079028,0.7112462006079028,0.1033434650455927,0.2932330827067669,0.05523809523809524,468,468,133,525,39,29
hard,random_error_oracle,1,17,2,658,198,460,0.8866820377689943,0.7665393013100437,0.8024316109422492,0.6818181818181818,0.8543478260869565,0.126278791777724,0.063202819048272,135,393,67,63,0.5,1.0,1.1443768996960486,1.1443768996960486,0.15653495440729484,0.39849624060150374,0.09523809523809523,753,753,133,525,53,50
hard,random_error_oracle,1,17,3,658,198,460,0.9041556873078612,0.7874333710224519,0.817629179331307,0.7323232323232324,0.8543478260869565,0.11935141688344572,0.09033505078518453,145,393,67,53,0.5,1.0,1.3632218844984803,1.3632218844984803,0.19908814589665655,0.5413533834586466,0.11238095238095239,897,897,133,525,72,59
hard,random_error_oracle,1,17,4,658,198,460,0.9073397013614404,0.7935694577397376,0.8221884498480243,0.7474747474747475,0.8543478260869565,0.11738349015468873,0.08637233352518106,148,393,67,50,0.5,1.0,1.4437689969604863,1.4437689969604863,0.20972644376899696,0.5789473684210527,0.11619047619047619,950,950,133,525,77,61
hard,random_error_oracle,1,17,5,658,198,460,0.9050999121651295,0.7935694577397376,0.8221884498480243,0.7474747474747475,0.8543478260869565,0.11861724394547533,0.08990663190586905,148,393,67,50,0.5,1.0,1.4635258358662615,1.4635258358662615,0.2127659574468085,0.5864661654135338,0.1180952380952381,963,963,133,525,78,62
hard,random_error_oracle,1,17,6,658,198,460,0.9032938076416337,0.7900407305216135,0.8191489361702128,0.7424242424242424,0.8521739130434782,0.1196051084685608,0.08941601804018354,147,392,68,51,0.5,1.0,1.4680851063829787,1.4680851063829787,0.21580547112462006,0.5864661654135338,0.1219047619047619,966,966,133,525,78,64
hard,random_error_oracle,1,17,7,658,198,460,0.902849143610013,0.7900407305216135,0.8191489361702128,0.7424242424242424,0.8521739130434782,0.11987083060948461,0.08696343081317791,147,392,68,51,0.5,1.0,1.4696048632218845,1.4696048632218845,0.21580547112462006,0.5864661654135338,0.1219047619047619,967,967,133,525,78,64
hard,random_error_oracle,1,18,0,658,198,460,0.8401570048309178,0.7503843466107617,0.7978723404255319,0.601010101010101,0.8826086956521739,0.13351674514795986,0.04525037642258839,119,406,54,79,0.5,,0.0,0.0,0.0,0.0,0.0,0,0,133,525,0,0
hard,random_error_oracle,1,18,1,658,198,460,0.8709431269213878,0.7706439957492031,0.8130699088145896,0.6363636363636364,0.8891304347826087,0.12906716362288245,0.05747385851154821,126,409,51,72,0.5,1.0,0.7112462006079028,0.7112462006079028,0.10638297872340426,0.3007518796992481,0.05714285714285714,468,468,133,525,40,30
hard,random_error_oracle,1,18,2,658,198,460,0.8905632411067194,0.7622754294347555,0.7993920972644377,0.6717171717171717,0.8543478260869565,0.1255157658599434,0.06773724142810585,133,393,67,65,0.5,1.0,1.1443768996960486,1.1443768996960486,0.16261398176291794,0.40601503759398494,0.10095238095238095,753,753,133,525,54,53
hard,random_error_oracle,1,18,3,658,198,460,0.9027393500219586,0.7868618813164032,0.817629179331307,0.7272727272727273,0.8565217391304348,0.11989981186321944,0.0781276573937444,144,394,66,54,0.5,1.0,1.3632218844984803,1.3632218844984803,0.196048632218845,0.5338345864661654,0.11047619047619048,897,897,133,525,71,58
hard,random_error_oracle,1,18,4,658,198,460,0.9081247255160299,0.7980617024713293,0.8267477203647416,0.7474747474747475,0.8608695652173913,0.11680969009679112,0.08353388372956044,148,396,64,50,0.5,1.0,1.4437689969604863,1.4437689969604863,0.21124620060790272,0.5939849624060151,0.11428571428571428,950,950,133,525,79,60
hard,random_error_oracle,1,18,5,658,198,460,0.905385375494071,0.792077723148773,0.8206686930091185,0.7474747474747475,0.8521739130434782,0.11851377839178952,0.08906038281707276,148,392,68,50,0.5,1.0,1.4635258358662615,1.4635258358662615,0.21428571428571427,0.5864661654135338,0.12,963,963,133,525,78,63
hard,random_error_oracle,1,18,6,658,198,460,0.903343214756258,0.7900407305216135,0.8191489361702128,0.7424242424242424,0.8521739130434782,0.11957400574865812,0.0893951680729832,147,392,68,51,0.5,1.0,1.4680851063829787,1.4680851063829787,0.21580547112462006,0.5864661654135338,0.1219047619047619,966,966,133,525,78,64
hard,random_error_oracle,1,18,7,658,198,460,0.902849143610013,0.7900407305216135,0.8191489361702128,0.7424242424242424,0.8521739130434782,0.11987083060948461,0.08696343081317791,147,392,68,51,0.5,1.0,1.4696048632218845,1.4696048632218845,0.21580547112462006,0.5864661654135338,0.1219047619047619,967,967,133,525,78,64
hard,random_error_oracle,1,19,0,658,198,460,0.8401570048309178,0.7503843466107617,0.7978723404255319,0.601010101010101,0.8826086956521739,0.13351674514795986,0.04525037642258839,119,406,54,79,0.5,,0.0,0.0,0.0,0.0,0.0,0,0,133,525,0,0
hard,random_error_oracle,1,19,1,658,198,460,0.8613801054018444,0.7705302216580412,0.8100303951367781,0.6565656565656566,0.8760869565217392,0.1324107632199195,0.05157426095177777,130,403,57,68,0.5,1.0,0.7112462006079028,0.7112462006079028,0.1094224924012158,0.3007518796992481,0.06095238095238095,468,468,133,525,40,32
hard,random_error_oracle,1,19,2,658,198,460,0.8879281949934122,0.7701310043668123,0.8054711246200608,0.6868686868686869,0.8565217391304348,0.12650252285427147,0.059142408384714865,136,394,66,62,0.5,1.0,1.1443768996960486,1.1443768996960486,0.1534954407294833,0.39849624060150374,0.09142857142857143,753,753,133,525,53,48
hard,random_error_oracle,1,19,3,658,198,460,0.9022891963109354,0.7815191003407471,0.8145896656534954,0.7070707070707071,0.8608695652173913,0.11990782165721912,0.08477148243287885,140,396,64,58,0.5,1.0,1.3632218844984803,1.3632218844984803,0.1899696048632219,0.5112781954887218,0.10857142857142857,897,897,133,525,68,57
hard,random_error_oracle,1,19,4,658,198,460,0.9060331576635925,0.7915306297791906,0.8206686930091185,0.7424242424242424,0.8543478260869565,0.11818314603437911,0.08510101440792076,147,393,67,51,0.5,1.0,1.4437689969604863,1.4437689969604863,0.20820668693009117,0.5714285714285714,0.11619047619047619,950,950,133,525,76,61
hard,random_error_oracle,1,19,5,658,198,460,0.9039086517347386,0.792077723148773,0.8206686930091185,0.7474747474747475,0.8521739130434782,0.11930544570294208,0.08918229544016826,148,392,68,50,0.5,1.0,1.4635258358662615,1.4635258358662615,0.21428571428571427,0.5864661654135338,0.12,963,963,133,525,78,63
hard,random_error_oracle,1,19,6,658,198,460,0.9028162055335966,0.7900407305216135,0.8191489361702128,0.7424242424242424,0.8521739130434782,0.11991755871682708,0.08693657277883937,147,392,68,51,0.5,1.0,1.4680851063829787,1.4680851063829787,0.21580547112462006,0.5864661654135338,0.1219047619047619,966,966,133,525,78,64
hard,random_error_oracle,1,19,7,658,198,460,0.902849143610013,0.7900407305216135,0.8191489361702128,0.7424242424242424,0.8521739130434782,0.11987083060948461,0.08696343081317791,147,392,68,51,0.5,1.0,1.4696048632218845,1.4696048632218845,0.21580547112462006,0.5864661654135338,0.1219047619047619,967,967,133,525,78,64
hard,random_error_oracle,1,20,0,658,198,460,0.8401570048309178,0.7503843466107617,0.7978723404255319,0.601010101010101,0.8826086956521739,0.13351674514795986,0.04525037642258839,119,406,54,79,0.5,,0.0,0.0,0.0,0.0,0.0,0,0,133,525,0,0
hard,random_error_oracle,1,20,1,658,198,460,0.8697353974527888,0.7823805733376683,0.8206686930091185,0.6666666666666666,0.8869565217391304,0.12913527009148235,0.054684661827150094,132,408,52,66,0.5,1.0,0.7112462006079028,0.7112462006079028,0.09878419452887538,0.3007518796992481,0.047619047619047616,468,468,133,525,40,25
hard,random_error_oracle,1,20,2,658,198,460,0.888016029863856,0.7678369810665278,0.8024316109422492,0.6919191919191919,0.85,0.1265636020244265,0.06008824398585383,137,391,69,61,0.5,1.0,1.1443768996960486,1.1443768996960486,0.1534954407294833,0.39097744360902253,0.09333333333333334,753,753,133,525,52,49
hard,random_error_oracle,1,20,3,658,198,460,0.9021135265700484,0.7838905938728261,0.8145896656534954,0.7272727272727273,0.8521739130434782,0.12041497099019426,0.08362741562548502,144,392,68,54,0.5,1.0,1.3632218844984803,1.3632218844984803,0.1899696048632219,0.5112781954887218,0.10857142857142857,897,897,133,525,68,57
hard,random_error_oracle,1,20,4,658,198,460,0.9034969257795344,0.7950640089354756,0.8237082066869301,0.7474747474747475,0.8565217391304348,0.11956288757640729,0.08230907146355136,148,394,66,50,0.5,1.0,1.4437689969604863,1.4437689969604863,0.21124620060790272,0.5864661654135338,0.11619047619047619,950,950,133,525,78,61
hard,random_error_oracle,1,20,5,658,198,460,0.903722002635046,0.792077723148773,0.8206686930091185,0.7474747474747475,0.8521739130434782,0.11945709503339577,0.08678371607609998,148,392,68,50,0.5,1.0,1.4635258358662615,1.4635258358662615,0.21428571428571427,0.5864661654135338,0.12,963,963,133,525,78,63
hard,random_error_oracle,1,20,6,658,198,460,0.9030742204655247,0.7900407305216135,0.8191489361702128,0.7424242424242424,0.8521739130434782,0.1196958841894916,0.08947480524571556,147,392,68,51,0.5,1.0,1.4680851063829787,1.4680851063829787,0.21580547112462006,0.5864661654135338,0.1219047619047619,966,966,133,525,78,64
hard,random_error_oracle,1,20,7,658,198,460,0.902849143610013,0.7900407305216135,0.8191489361702128,0.7424242424242424,0.8521739130434782,0.11987083060948461,0.08696343081317791,147,392,68,51,0.5,1.0,1.4696048632218845,1.4696048632218845,0.21580547112462006,0.5864661654135338,0.1219047619047619,967,967,133,525,78,64
hard,random_error_oracle,1,21,0,658,198,460,0.8401570048309178,0.7503843466107617,0.7978723404255319,0.601010101010101,0.8826086956521739,0.13351674514795986,0.04525037642258839,119,406,54,79,0.5,,0.0,0.0,0.0,0.0,0.0,0,0,133,525,0,0
hard,random_error_oracle,1,21,1,658,198,460,0.8715469916556873,0.7847271578614863,0.8237082066869301,0.6616161616161617,0.8934782608695652,0.12629005363841916,0.06389330675195866,131,411,49,67,0.5,1.0,0.7112462006079028,0.7112462006079028,0.11094224924012158,0.3383458646616541,0.05333333333333334,468,468,133,525,45,28
hard,random_error_oracle,1,21,2,658,198,460,0.8911671058410189,0.7773144104803493,0.8115501519756839,0.696969696969697,0.8608695652173913,0.12348351833491435,0.06487285788861469,138,396,64,60,0.5,1.0,1.1443768996960486,1.1443768996960486,0.1474164133738602,0.39849624060150374,0.0838095238095238,753,753,133,525,53,44
hard,random_error_oracle,1,21,3,658,198,460,0.9036396574440052,0.7809061135371178,0.8145896656534954,0.702020202020202,0.8630434782608696,0.1187403602334563,0.08458677518329165,139,397,63,59,0.5,1.0,1.3632218844984803,1.3632218844984803,0.18693009118541035,0.5037593984962406,0.10666666666666667,897,897,133,525,67,56
hard,random_error_oracle,1,21,4,658,198,460,0.9077733860342556,0.7950640089354756,0.8237082066869301,0.7474747474747475,0.8565217391304348,0.11711992860608736,0.08404210103046954,148,394,66,50,0.5,1.0,1.4437689969604863,1.4437689969604863,0.21124620060790272,0.5864661654135338,0.11619047619047619,950,950,133,525,78,61
hard,random_error_oracle,1,21,5,658,198,460,0.9050450153711023,0.792077723148773,0.8206686930091185,0.7474747474747475,0.8521739130434782,0.11865732137960487,0.09114149186099539,148,392,68,50,0.5,1.0,1.4635258358662615,1.4635258358662615,0.21428571428571427,0.5864661654135338,0.12,963,963,133,525,78,63
hard,random_error_oracle,1,21,6,658,198,460,0.903425559947299,0.7900407305216135,0.8191489361702128,0.7424242424242424,0.8521739130434782,0.11947267139077097,0.08721972865766618,147,392,68,51,0.5,1.0,1.4680851063829787,1.4680851063829787,0.21580547112462006,0.5864661654135338,0.1219047619047619,966,966,133,525,78,64
hard,random_error_oracle,1,21,7,658,198,460,0.902849143610013,0.7900407305216135,0.8191489361702128,0.7424242424242424,0.8521739130434782,0.11987083060948461,0.08696343081317791,147,392,68,51,0.5,1.0,1.4696048632218845,1.4696048632218845,0.21580547112462006,0.5864661654135338,0.1219047619047619,967,967,133,525,78,64
hard,random_error_oracle,1,22,0,658,198,460,0.8401570048309178,0.7503843466107617,0.7978723404255319,0.601010101010101,0.8826086956521739,0.13351674514795986,0.04525037642258839,119,406,54,79,0.5,,0.0,0.0,0.0,0.0,0.0,0,0,133,525,0,0
hard,random_error_oracle,1,22,1,658,198,460,0.866562362758015,0.775092301477671,0.8161094224924013,0.6464646464646465,0.8891304347826087,0.129645712757105,0.06128059724716077,128,409,51,70,0.5,1.0,0.7112462006079028,0.7112462006079028,0.0972644376899696,0.2857142857142857,0.049523809523809526,468,468,133,525,38,26
hard,random_error_oracle,1,22,2,658,198,460,0.8803194993412384,0.7543927559272828,0.7948328267477204,0.6464646464646465,0.8586956521739131,0.1304425302465997,0.06465451858638047,128,395,65,70,0.5,1.0,1.1443768996960486,1.1443768996960486,0.15501519756838905,0.37593984962406013,0.09904761904761905,753,753,133,525,50,52
hard,random_error_oracle,1,22,3,658,198,460,0.8965085638998682,0.780639915436842,0.8130699088145896,0.7121212121212122,0.8565217391304348,0.12270374411054871,0.07802752070357946,141,394,66,57,0.5,1.0,1.3632218844984803,1.3632218844984803,0.1945288753799392,0.518796992481203,0.11238095238095239,897,897,133,525,69,59
hard,random_error_oracle,1,22,4,658,198,460,0.9055116381203339,0.7915306297791906,0.8206686930091185,0.7424242424242424,0.8543478260869565,0.11847633057578798,0.08380662567674549,147,393,67,51,0.5,1.0,1.4437689969604863,1.4437689969604863,0.20820668693009117,0.5714285714285714,0.11619047619047619,950,950,133,525,76,61
hard,random_error_oracle,1,22,5,658,198,460,0.9052371541501976,0.792077723148773,0.8206686930091185,0.7474747474747475,0.8521739130434782,0.11851762146264824,0.09017977188864024,148,392,68,50,0.5,1.0,1.4635258358662615,1.4635258358662615,0.21428571428571427,0.5864661654135338,0.12,963,963,133,525,78,63
hard,random_error_oracle,1,22,6,658,198,460,0.9032938076416337,0.7900407305216135,0.8191489361702128,0.7424242424242424,0.8521739130434782,0.1196051084685608,0.08941601804018354,147,392,68,51,0.5,1.0,1.4680851063829787,1.4680851063829787,0.21580547112462006,0.5864661654135338,0.1219047619047619,966,966,133,525,78,64
hard,random_error_oracle,1,22,7,658,198,460,0.902849143610013,0.7900407305216135,0.8191489361702128,0.7424242424242424,0.8521739130434782,0.11987083060948461,0.08696343081317791,147,392,68,51,0.5,1.0,1.4696048632218845,1.4696048632218845,0.21580547112462006,0.5864661654135338,0.1219047619047619,967,967,133,525,78,64
hard,random_error_oracle,1,23,0,658,198,460,0.8401570048309178,0.7503843466107617,0.7978723404255319,0.601010101010101,0.8826086956521739,0.13351674514795986,0.04525037642258839,119,406,54,79,0.5,,0.0,0.0,0.0,0.0,0.0,0,0,133,525,0,0
hard,random_error_oracle,1,23,1,658,198,460,0.8714371980676328,0.7832131402359183,0.8221884498480243,0.6616161616161617,0.8913043478260869,0.12709899477013442,0.060848119692440084,131,410,50,67,0.5,1.0,0.7112462006079028,0.7112462006079028,0.11550151975683891,0.3458646616541353,0.05714285714285714,468,468,133,525,46,30
hard,random_error_oracle,1,23,2,658,198,460,0.893599033816425,0.7737227074235808,0.8085106382978723,0.6919191919191919,0.8586956521739131,0.122929319312577,0.06294947671851159,137,395,65,61,0.5,1.0,1.1443768996960486,1.1443768996960486,0.1656534954407295,0.43609022556390975,0.09714285714285714,753,753,133,525,58,51
hard,random_error_oracle,1,23,3,658,198,460,0.8976394378568291,0.7820726495726495,0.8115501519756839,0.7373737373737373,0.8434782608695652,0.12294595516509751,0.08461234221316837,146,388,72,52,0.5,1.0,1.3632218844984803,1.3632218844984803,0.19908814589665655,0.5263157894736842,0.11619047619047619,897,897,133,525,70,61
hard,random_error_oracle,1,23,4,658,198,460,0.902239789196311,0.7900407305216135,0.8191489361702128,0.7424242424242424,0.8521739130434782,0.12031526900145922,0.08094117631641971,147,392,68,51,0.5,1.0,1.4437689969604863,1.4437689969604863,0.2127659574468085,0.5789473684210527,0.12,950,950,133,525,77,63
hard,random_error_oracle,1,23,5,658,198,460,0.9032883179622309,0.792077723148773,0.8206686930091185,0.7474747474747475,0.8521739130434782,0.11980813373562268,0.08770402532354425,148,392,68,50,0.5,1.0,1.4635258358662615,1.4635258358662615,0.21428571428571427,0.5864661654135338,0.12,963,963,133,525,78,63
hard,random_error_oracle,1,23,6,658,198,460,0.9024978041282388,0.7900407305216135,0.8191489361702128,0.7424242424242424,0.8521739130434782,0.1201558540818666,0.08680724632722099,147,392,68,51,0.5,1.0,1.4680851063829787,1.4680851063829787,0.21580547112462006,0.5864661654135338,0.1219047619047619,966,966,133,525,78,64
hard,random_error_oracle,1,23,7,658,198,460,0.902849143610013,0.7900407305216135,0.8191489361702128,0.7424242424242424,0.8521739130434782,0.11987083060948461,0.08696343081317791,147,392,68,51,0.5,1.0,1.4696048632218845,1.4696048632218845,0.21580547112462006,0.5864661654135338,0.1219047619047619,967,967,133,525,78,64
hard,random_error_oracle,1,24,0,658,198,460,0.8401570048309178,0.7503843466107617,0.7978723404255319,0.601010101010101,0.8826086956521739,0.13351674514795986,0.04525037642258839,119,406,54,79,0.5,,0.0,0.0,0.0,0.0,0.0,0,0,133,525,0,0
hard,random_error_oracle,1,24,1,658,198,460,0.8623682476943347,0.775092301477671,0.8161094224924013,0.6464646464646465,0.8891304347826087,0.13122850389311783,0.051957971356508335,128,409,51,70,0.5,1.0,0.7112462006079028,0.7112462006079028,0.1094224924012158,0.3157894736842105,0.05714285714285714,468,468,133,525,42,30
hard,random_error_oracle,1,24,2,658,198,460,0.8825428194993412,0.7543927559272828,0.7948328267477204,0.6464646464646465,0.8586956521739131,0.12913835596755488,0.06217446959122823,128,395,65,70,0.5,1.0,1.1443768996960486,1.1443768996960486,0.15501519756838905,0.37593984962406013,0.09904761904761905,753,753,133,525,50,52
hard,random_error_oracle,1,24,3,658,198,460,0.8954161176987263,0.7726526734041634,0.8054711246200608,0.7070707070707071,0.8478260869565217,0.12342810535150893,0.08836203120581838,140,390,70,58,0.5,1.0,1.3632218844984803,1.3632218844984803,0.196048632218845,0.5037593984962406,0.1180952380952381,897,897,133,525,67,62
hard,random_error_oracle,1,24,4,658,198,460,0.9036890645586297,0.7915306297791906,0.8206686930091185,0.7424242424242424,0.8543478260869565,0.11943562280733096,0.0836672840684548,147,393,67,51,0.5,1.0,1.4437689969604863,1.4437689969604863,0.21124620060790272,0.5789473684210527,0.1180952380952381,950,950,133,525,77,62
hard,random_error_oracle,1,24,5,658,198,460,0.9045454545454544,0.792077723148773,0.8206686930091185,0.7474747474747475,0.8521739130434782,0.11895288761577989,0.08750020255003117,148,392,68,50,0.5,1.0,1.4635258358662615,1.4635258358662615,0.21428571428571427,0.5864661654135338,0.12,963,963,133,525,78,63
hard,random_error_oracle,1,24,6,658,198,460,0.903343214756258,0.7900407305216135,0.8191489361702128,0.7424242424242424,0.8521739130434782,0.11957400574865812,0.0893951680729832,147,392,68,51,0.5,1.0,1.4680851063829787,1.4680851063829787,0.21580547112462006,0.5864661654135338,0.1219047619047619,966,966,133,525,78,64
hard,random_error_oracle,1,24,7,658,198,460,0.902849143610013,0.7900407305216135,0.8191489361702128,0.7424242424242424,0.8521739130434782,0.11987083060948461,0.08696343081317791,147,392,68,51,0.5,1.0,1.4696048632218845,1.4696048632218845,0.21580547112462006,0.5864661654135338,0.1219047619047619,967,967,133,525,78,64
hard,random_error_oracle,1,25,0,658,198,460,0.8401570048309178,0.7503843466107617,0.7978723404255319,0.601010101010101,0.8826086956521739,0.13351674514795986,0.04525037642258839,119,406,54,79,0.5,,0.0,0.0,0.0,0.0,0.0,0,0,133,525,0,0
hard,random_error_oracle,1,25,1,658,198,460,0.8743137900746596,0.7801956573610116,0.8191489361702128,0.6616161616161617,0.8869565217391304,0.12597314858431216,0.06277394823316955,131,408,52,67,0.5,1.0,0.7112462006079028,0.7112462006079028,0.1094224924012158,0.3233082706766917,0.05523809523809524,468,468,133,525,43,29
hard,random_error_oracle,1,25,2,658,198,460,0.8900581906016689,0.7652064119455424,0.8024316109422492,0.6717171717171717,0.8586956521739131,0.12488621662681787,0.06558411295923243,133,395,65,65,0.5,1.0,1.1443768996960486,1.1443768996960486,0.15653495440729484,0.39849624060150374,0.09523809523809523,753,753,133,525,53,50
hard,random_error_oracle,1,25,3,658,198,460,0.901268115942029,0.7847946956857847,0.8161094224924013,0.7222222222222222,0.8565217391304348,0.12027820376073416,0.08393625013551151,143,394,66,55,0.5,1.0,1.3632218844984803,1.3632218844984803,0.19148936170212766,0.518796992481203,0.10857142857142857,897,897,133,525,69,57
hard,random_error_oracle,1,25,4,658,198,460,0.9073781291172596,0.7960173925701485,0.8252279635258358,0.7424242424242424,0.8608695652173913,0.11726882811022996,0.08495385300053356,147,396,64,51,0.5,1.0,1.4437689969604863,1.4437689969604863,0.20972644376899696,0.5864661654135338,0.11428571428571428,950,950,133,525,78,60
hard,random_error_oracle,1,25,5,658,198,460,0.9043039086517346,0.792077723148773,0.8206686930091185,0.7474747474747475,0.8521739130434782,0.11901714059135098,0.08599633434094035,148,392,68,50,0.5,1.0,1.4635258358662615,1.4635258358662615,0.21428571428571427,0.5864661654135338,0.12,963,963,133,525,78,63
hard,random_error_oracle,1,25,6,658,198,460,0.9030742204655247,0.7900407305216135,0.8191489361702128,0.7424242424242424,0.8521739130434782,0.1196958841894916,0.08947480524571556,147,392,68,51,0.5,1.0,1.4680851063829787,1.4680851063829787,0.21580547112462006,0.5864661654135338,0.1219047619047619,966,966,133,525,78,64
hard,random_error_oracle,1,25,7,658,198,460,0.902849143610013,0.7900407305216135,0.8191489361702128,0.7424242424242424,0.8521739130434782,0.11987083060948461,0.08696343081317791,147,392,68,51,0.5,1.0,1.4696048632218845,1.4696048632218845,0.21580547112462006,0.5864661654135338,0.1219047619047619,967,967,133,525,78,64
hard,random_error_oracle,1,26,0,658,198,460,0.8401570048309178,0.7503843466107617,0.7978723404255319,0.601010101010101,0.8826086956521739,0.13351674514795986,0.04525037642258839,119,406,54,79,0.5,,0.0,0.0,0.0,0.0,0.0,0,0,133,525,0,0
hard,random_error_oracle,1,26,1,658,198,460,0.8777777777777779,0.7801956573610116,0.8191489361702128,0.6616161616161617,0.8869565217391304,0.12529448244267097,0.05347992759885415,131,408,52,67,0.5,1.0,0.7112462006079028,0.7112462006079028,0.1094224924012158,0.3233082706766917,0.05523809523809524,468,468,133,525,43,29
hard,random_error_oracle,1,26,2,658,198,460,0.8884606938954764,0.7644110275689222,0.8009118541033434,0.6767676767676768,0.8543478260869565,0.1260998989890087,0.06834115571190176,134,393,67,64,0.5,1.0,1.1443768996960486,1.1443768996960486,0.16109422492401215,0.40601503759398494,0.09904761904761905,753,753,133,525,54,52
hard,random_error_oracle,1,26,3,658,198,460,0.9036451471234079,0.7821239360778183,0.8145896656534954,0.7121212121212122,0.8586956521739131,0.11894590815988004,0.0834114905702262,141,395,65,57,0.5,1.0,1.3632218844984803,1.3632218844984803,0.196048632218845,0.5263157894736842,0.11238095238095239,897,897,133,525,70,59
hard,random_error_oracle,1,26,4,658,198,460,0.9063021519543257,0.7945189253217035,0.8237082066869301,0.7424242424242424,0.8586956521739131,0.11788870036406225,0.0820361186866715,147,395,65,51,0.5,1.0,1.4437689969604863,1.4437689969604863,0.21124620060790272,0.5864661654135338,0.11619047619047619,950,950,133,525,78,61
hard,random_error_oracle,1,26,5,658,198,460,0.9044191919191918,0.792077723148773,0.8206686930091185,0.7474747474747475,0.8521739130434782,0.11899395323581542,0.0880711196137254,148,392,68,50,0.5,1.0,1.4635258358662615,1.4635258358662615,0.21428571428571427,0.5864661654135338,0.12,963,963,133,525,78,63
hard,random_error_oracle,1,26,6,658,198,460,0.9028162055335966,0.7900407305216135,0.8191489361702128,0.7424242424242424,0.8521739130434782,0.11991755871682708,0.08693657277883937,147,392,68,51,0.5,1.0,1.4680851063829787,1.4680851063829787,0.21580547112462006,0.5864661654135338,0.1219047619047619,966,966,133,525,78,64
hard,random_error_oracle,1,26,7,658,198,460,0.902849143610013,0.7900407305216135,0.8191489361702128,0.7424242424242424,0.8521739130434782,0.11987083060948461,0.08696343081317791,147,392,68,51,0.5,1.0,1.4696048632218845,1.4696048632218845,0.21580547112462006,0.5864661654135338,0.1219047619047619,967,967,133,525,78,64
hard,random_error_oracle,1,27,0,658,198,460,0.8401570048309178,0.7503843466107617,0.7978723404255319,0.601010101010101,0.8826086956521739,0.13351674514795986,0.04525037642258839,119,406,54,79,0.5,,0.0,0.0,0.0,0.0,0.0,0,0,133,525,0,0
hard,random_error_oracle,1,27,1,658,198,460,0.8741216512955643,0.7914893617021277,0.8297872340425532,0.6666666666666666,0.9,0.12417994774712167,0.055054954210526086,132,414,46,66,0.5,1.0,0.7112462006079028,0.7112462006079028,0.10486322188449848,0.3383458646616541,0.045714285714285714,468,468,133,525,45,24
hard,random_error_oracle,1,27,2,658,198,460,0.8945761967501098,0.779017144367244,0.8145896656534954,0.6868686868686869,0.8695652173913043,0.12188090916278474,0.06269740454522157,136,400,60,62,0.5,1.0,1.1443768996960486,1.1443768996960486,0.15045592705167174,0.41353383458646614,0.0838095238095238,753,753,133,525,55,44
hard,random_error_oracle,1,27,3,658,198,460,0.8995388669301713,0.780639915436842,0.8130699088145896,0.7121212121212122,0.8565217391304348,0.1214375833754147,0.08053842898695653,141,394,66,57,0.5,1.0,1.3632218844984803,1.3632218844984803,0.19756838905775076,0.5263157894736842,0.11428571428571428,897,897,133,525,70,60
hard,random_error_oracle,1,27,4,658,198,460,0.9072134387351778,0.7960173925701485,0.8252279635258358,0.7424242424242424,0.8608695652173913,0.11735590001081078,0.08320724819960566,147,396,64,51,0.5,1.0,1.4437689969604863,1.4437689969604863,0.2066869300911854,0.5789473684210527,0.11238095238095239,950,950,133,525,77,59
hard,random_error_oracle,1,27,5,658,198,460,0.90572573561704,0.7935694577397376,0.8221884498480243,0.7474747474747475,0.8543478260869565,0.11825108341095004,0.0867330468087964,148,393,67,50,0.5,1.0,1.4635258358662615,1.4635258358662615,0.2127659574468085,0.5864661654135338,0.1180952380952381,963,963,133,525,78,62
hard,random_error_oracle,1,27,6,658,198,460,0.9037659200702677,0.7900407305216135,0.8191489361702128,0.7424242424242424,0.8521739130434782,0.11935838593906917,0.08730577130177206,147,392,68,51,0.5,1.0,1.4680851063829787,1.4680851063829787,0.21580547112462006,0.5864661654135338,0.1219047619047619,966,966,133,525,78,64
hard,random_error_oracle,1,27,7,658,198,460,0.902849143610013,0.7900407305216135,0.8191489361702128,0.7424242424242424,0.8521739130434782,0.11987083060948461,0.08696343081317791,147,392,68,51,0.5,1.0,1.4696048632218845,1.4696048632218845,0.21580547112462006,0.5864661654135338,0.1219047619047619,967,967,133,525,78,64
hard,random_error_oracle,1,28,0,658,198,460,0.8401570048309178,0.7503843466107617,0.7978723404255319,0.601010101010101,0.8826086956521739,0.13351674514795986,0.04525037642258839,119,406,54,79,0.5,,0.0,0.0,0.0,0.0,0.0,0,0,133,525,0,0
hard,random_error_oracle,1,28,1,658,198,460,0.8750109793588053,0.7856922461573624,0.8267477203647416,0.6464646464646465,0.9043478260869565,0.12586083989102942,0.06729595475172402,128,416,44,70,0.5,1.0,0.7112462006079028,0.7112462006079028,0.10486322188449848,0.3308270676691729,0.047619047619047616,468,468,133,525,44,25
hard,random_error_oracle,1,28,2,658,198,460,0.8886144049187527,0.7747371675943104,0.8115501519756839,0.6767676767676768,0.8695652173913043,0.12477357685175992,0.06271347675373388,134,400,60,64,0.5,1.0,1.1443768996960486,1.1443768996960486,0.15653495440729484,0.42105263157894735,0.08952380952380952,753,753,133,525,56,47
hard,random_error_oracle,1,28,3,658,198,460,0.9007960035133948,0.7842067460801453,0.8161094224924013,0.7171717171717171,0.8586956521739131,0.1207791335268271,0.07717755108999956,142,395,65,56,0.5,1.0,1.3632218844984803,1.3632218844984803,0.1884498480243161,0.5112781954887218,0.10666666666666667,897,897,133,525,68,56
hard,random_error_oracle,1,28,4,658,198,460,0.9037000439174352,0.7915306297791906,0.8206686930091185,0.7424242424242424,0.8543478260869565,0.11956748158290276,0.08149035176970708,147,393,67,51,0.5,1.0,1.4437689969604863,1.4437689969604863,0.21124620060790272,0.5789473684210527,0.1180952380952381,950,950,133,525,77,62
hard,random_error_oracle,1,28,5,658,198,460,0.905050505050505,0.792077723148773,0.8206686930091185,0.7474747474747475,0.8521739130434782,0.11875378204253777,0.08604563926365165,148,392,68,50,0.5,1.0,1.4635258358662615,1.4635258358662615,0.21428571428571427,0.5864661654135338,0.12,963,963,133,525,78,63
hard,random_error_oracle,1,28,6,658,198,460,0.9030742204655247,0.7900407305216135,0.8191489361702128,0.7424242424242424,0.8521739130434782,0.1196958841894916,0.08947480524571556,147,392,68,51,0.5,1.0,1.4680851063829787,1.4680851063829787,0.21580547112462006,0.5864661654135338,0.1219047619047619,966,966,133,525,78,64
hard,random_error_oracle,1,28,7,658,198,460,0.902849143610013,0.7900407305216135,0.8191489361702128,0.7424242424242424,0.8521739130434782,0.11987083060948461,0.08696343081317791,147,392,68,51,0.5,1.0,1.4696048632218845,1.4696048632218845,0.21580547112462006,0.5864661654135338,0.1219047619047619,967,967,133,525,78,64
hard,random_error_oracle,1,29,0,658,198,460,0.8401570048309178,0.7503843466107617,0.7978723404255319,0.601010101010101,0.8826086956521739,0.13351674514795986,0.04525037642258839,119,406,54,79,0.5,,0.0,0.0,0.0,0.0,0.0,0,0,133,525,0,0
hard,random_error_oracle,1,29,1,658,198,460,0.8564997804128238,0.7727115716753022,0.8115501519756839,0.6616161616161617,0.8760869565217392,0.13349515209538046,0.0640551630429943,131,403,57,67,0.5,1.0,0.7112462006079028,0.7112462006079028,0.11094224924012158,0.3082706766917293,0.06095238095238095,468,468,133,525,41,32
hard,random_error_oracle,1,29,2,658,198,460,0.882268335529205,0.7622754294347555,0.7993920972644377,0.6717171717171717,0.8543478260869565,0.12874581665382245,0.061633227261525876,133,393,67,65,0.5,1.0,1.1443768996960486,1.1443768996960486,0.15653495440729484,0.39097744360902253,0.09714285714285714,753,753,133,525,52,51
hard,random_error_oracle,1,29,3,658,198,460,0.895899209486166,0.7770730847935385,0.8100303951367781,0.7070707070707071,0.8543478260869565,0.12324568050466848,0.07986138741406612,140,393,67,58,0.5,1.0,1.3632218844984803,1.3632218844984803,0.2006079027355623,0.5263157894736842,0.1180952380952381,897,897,133,525,70,62
hard,random_error_oracle,1,29,4,658,198,460,0.9032004830917874,0.7915306297791906,0.8206686930091185,0.7424242424242424,0.8543478260869565,0.11973285239892631,0.08036092732962515,147,393,67,51,0.5,1.0,1.4437689969604863,1.4437689969604863,0.21124620060790272,0.5789473684210527,0.1180952380952381,950,950,133,525,77,62
hard,random_error_oracle,1,29,5,658,198,460,0.9043917435221782,0.792077723148773,0.8206686930091185,0.7474747474747475,0.8521739130434782,0.11907647402824184,0.08761371576198428,148,392,68,50,0.5,1.0,1.4635258358662615,1.4635258358662615,0.21428571428571427,0.5864661654135338,0.12,963,963,133,525,78,63
hard,random_error_oracle,1,29,6,658,198,460,0.9032938076416337,0.7900407305216135,0.8191489361702128,0.7424242424242424,0.8521739130434782,0.1196051084685608,0.08941601804018354,147,392,68,51,0.5,1.0,1.4680851063829787,1.4680851063829787,0.21580547112462006,0.5864661654135338,0.1219047619047619,966,966,133,525,78,64
hard,random_error_oracle,1,29,7,658,198,460,0.902849143610013,0.7900407305216135,0.8191489361702128,0.7424242424242424,0.8521739130434782,0.11987083060948461,0.08696343081317791,147,392,68,51,0.5,1.0,1.4696048632218845,1.4696048632218845,0.21580547112462006,0.5864661654135338,0.1219047619047619,967,967,133,525,78,64
hard,random_error_oracle,1,30,0,658,198,460,0.8401570048309178,0.7503843466107617,0.7978723404255319,0.601010101010101,0.8826086956521739,0.13351674514795986,0.04525037642258839,119,406,54,79,0.5,,0.0,0.0,0.0,0.0,0.0,0,0,133,525,0,0
hard,random_error_oracle,1,30,1,658,198,460,0.8633948177426438,0.7773039564084341,0.817629179331307,0.6515151515151515,0.8891304347826087,0.12935031992206886,0.06082355636927814,129,409,51,69,0.5,1.0,0.7112462006079028,0.7112462006079028,0.10182370820668693,0.3007518796992481,0.05142857142857143,468,468,133,525,40,27
hard,random_error_oracle,1,30,2,658,198,460,0.8873462889767237,0.764610943336578,0.8039513677811551,0.6565656565656566,0.8673913043478261,0.1259100895226012,0.06002708187741044,130,399,61,68,0.5,1.0,1.1443768996960486,1.1443768996960486,0.1519756838905775,0.39097744360902253,0.09142857142857143,753,753,133,525,52,48
hard,random_error_oracle,1,30,3,658,198,460,0.8986056214317083,0.7776804707497776,0.8100303951367781,0.7121212121212122,0.8521739130434782,0.12234457036295099,0.07749762482233168,141,392,68,57,0.5,1.0,1.3632218844984803,1.3632218844984803,0.19148936170212766,0.5037593984962406,0.11238095238095239,897,897,133,525,67,59
hard,random_error_oracle,1,30,4,658,198,460,0.9031291172595519,0.7915306297791906,0.8206686930091185,0.7424242424242424,0.8543478260869565,0.1197370631641048,0.07824829170624645,147,393,67,51,0.5,1.0,1.4437689969604863,1.4437689969604863,0.21124620060790272,0.5789473684210527,0.1180952380952381,950,950,133,525,77,62
hard,random_error_oracle,1,30,5,658,198,460,0.9039031620553359,0.792077723148773,0.8206686930091185,0.7474747474747475,0.8521739130434782,0.11942624127900596,0.0867038024347214,148,392,68,50,0.5,1.0,1.4635258358662615,1.4635258358662615,0.21428571428571427,0.5864661654135338,0.12,963,963,133,525,78,63
hard,random_error_oracle,1,30,6,658,198,460,0.9024978041282388,0.7900407305216135,0.8191489361702128,0.7424242424242424,0.8521739130434782,0.1201558540818666,0.08680724632722099,147,392,68,51,0.5,1.0,1.4680851063829787,1.4680851063829787,0.21580547112462006,0.5864661654135338,0.1219047619047619,966,966,133,525,78,64
hard,random_error_oracle,1,30,7,658,198,460,0.902849143610013,0.7900407305216135,0.8191489361702128,0.7424242424242424,0.8521739130434782,0.11987083060948461,0.08696343081317791,147,392,68,51,0.5,1.0,1.4696048632218845,1.4696048632218845,0.21580547112462006,0.5864661654135338,0.1219047619047619,967,967,133,525,78,64
hard,random_error_oracle,1,31,0,658,198,460,0.8401570048309178,0.7503843466107617,0.7978723404255319,0.601010101010101,0.8826086956521739,0.13351674514795986,0.04525037642258839,119,406,54,79,0.5,,0.0,0.0,0.0,0.0,0.0,0,0,133,525,0,0
hard,random_error_oracle,1,31,1,658,198,460,0.8757960035133949,0.7828581570314168,0.8191489361702128,0.6818181818181818,0.8782608695652174,0.12375642891796258,0.0659354951792687,135,404,56,63,0.5,1.0,0.7112462006079028,0.7112462006079028,0.12158054711246201,0.3533834586466165,0.06285714285714286,468,468,133,525,47,33
hard,random_error_oracle,1,31,2,658,198,460,0.8933025911286782,0.7768808978356339,0.8130699088145896,0.6818181818181818,0.8695652173913043,0.12207874273508387,0.06656862896256388,135,400,60,63,0.5,1.0,1.1443768996960486,1.1443768996960486,0.1580547112462006,0.42857142857142855,0.08952380952380952,753,753,133,525,57,47
hard,random_error_oracle,1,31,3,658,198,460,0.901679841897233,0.7800341904500474,0.8130699088145896,0.7070707070707071,0.8586956521739131,0.120073070311828,0.08439036174432549,140,395,65,58,0.5,1.0,1.3632218844984803,1.3632218844984803,0.1945288753799392,0.518796992481203,0.11238095238095239,897,897,133,525,69,59
hard,random_error_oracle,1,31,4,658,198,460,0.9076910408432147,0.7965614119987633,0.8252279635258358,0.7474747474747475,0.8586956521739131,0.1171190960755779,0.08517161612254937,148,395,65,50,0.5,1.0,1.4437689969604863,1.4437689969604863,0.20972644376899696,0.5864661654135338,0.11428571428571428,950,950,133,525,78,60
hard,random_error_oracle,1,31,5,658,198,460,0.9037549407114623,0.792077723148773,0.8206686930091185,0.7474747474747475,0.8521739130434782,0.11948227739740314,0.08557646869668412,148,392,68,50,0.5,1.0,1.4635258358662615,1.4635258358662615,0.21428571428571427,0.5864661654135338,0.12,963,963,133,525,78,63
hard,random_error_oracle,1,31,6,658,198,460,0.9032938076416337,0.7900407305216135,0.8191489361702128,0.7424242424242424,0.8521739130434782,0.1196051084685608,0.08941601804018354,147,392,68,51,0.5,1.0,1.4680851063829787,1.4680851063829787,0.21580547112462006,0.5864661654135338,0.1219047619047619,966,966,133,525,78,64
hard,random_error_oracle,1,31,7,658,198,460,0.902849143610013,0.7900407305216135,0.8191489361702128,0.7424242424242424,0.8521739130434782,0.11987083060948461,0.08696343081317791,147,392,68,51,0.5,1.0,1.4696048632218845,1.4696048632218845,0.21580547112462006,0.5864661654135338,0.1219047619047619,967,967,133,525,78,64
hard,random_error_oracle,1,32,0,658,198,460,0.8401570048309178,0.7503843466107617,0.7978723404255319,0.601010101010101,0.8826086956521739,0.13351674514795986,0.04525037642258839,119,406,54,79,0.5,,0.0,0.0,0.0,0.0,0.0,0,0,133,525,0,0
hard,random_error_oracle,1,32,1,658,198,460,0.8712889767237593,0.773592355681908,0.8145896656534954,0.6464646464646465,0.8869565217391304,0.1274909227456092,0.06985499786557711,128,408,52,70,0.5,1.0,0.7112462006079028,0.7112462006079028,0.09574468085106383,0.2781954887218045,0.049523809523809526,468,468,133,525,37,26
hard,random_error_oracle,1,32,2,658,198,460,0.8948945981554677,0.7775285531686802,0.8130699088145896,0.6868686868686869,0.8673913043478261,0.12238056767857951,0.07075219331761019,136,399,61,62,0.5,1.0,1.1443768996960486,1.1443768996960486,0.1641337386018237,0.44360902255639095,0.09333333333333334,753,753,133,525,59,49
hard,random_error_oracle,1,32,3,658,198,460,0.9022617479139218,0.7853748217477214,0.8161094224924013,0.7272727272727273,0.8543478260869565,0.12021491905266102,0.08728344024559216,144,393,67,54,0.5,1.0,1.3632218844984803,1.3632218844984803,0.19756838905775076,0.5338345864661654,0.11238095238095239,897,897,133,525,71,59
hard,random_error_oracle,1,32,4,658,198,460,0.9052700922266139,0.7915306297791906,0.8206686930091185,0.7424242424242424,0.8543478260869565,0.11858698285545483,0.08249800350338886,147,393,67,51,0.5,1.0,1.4437689969604863,1.4437689969604863,0.20820668693009117,0.5714285714285714,0.11619047619047619,950,950,133,525,76,61
hard,random_error_oracle,1,32,5,658,198,460,0.904951690821256,0.792077723148773,0.8206686930091185,0.7474747474747475,0.8521739130434782,0.11873926479532708,0.0872352892824498,148,392,68,50,0.5,1.0,1.4635258358662615,1.4635258358662615,0.21428571428571427,0.5864661654135338,0.12,963,963,133,525,78,63
hard,random_error_oracle,1,32,6,658,198,460,0.9037659200702677,0.7900407305216135,0.8191489361702128,0.7424242424242424,0.8521739130434782,0.11935838593906917,0.08730577130177206,147,392,68,51,0.5,1.0,1.4680851063829787,1.4680851063829787,0.21580547112462006,0.5864661654135338,0.1219047619047619,966,966,133,525,78,64
hard,random_error_oracle,1,32,7,658,198,460,0.902849143610013,0.7900407305216135,0.8191489361702128,0.7424242424242424,0.8521739130434782,0.11987083060948461,0.08696343081317791,147,392,68,51,0.5,1.0,1.4696048632218845,1.4696048632218845,0.21580547112462006,0.5864661654135338,0.1219047619047619,967,967,133,525,78,64
hard,random_error_oracle,1,33,0,658,198,460,0.8401570048309178,0.7503843466107617,0.7978723404255319,0.601010101010101,0.8826086956521739,0.13351674514795986,0.04525037642258839,119,406,54,79,0.5,,0.0,0.0,0.0,0.0,0.0,0,0,133,525,0,0
hard,random_error_oracle,1,33,1,658,198,460,0.8692523056653492,0.7743027440395862,0.8145896656534954,0.6515151515151515,0.8847826086956522,0.13017164632145814,0.05495602935543406,129,407,53,69,0.5,1.0,0.7112462006079028,0.7112462006079028,0.12006079027355623,0.3383458646616541,0.06476190476190476,468,468,133,525,45,34
hard,random_error_oracle,1,33,2,658,198,460,0.8797046552481335,0.7623690863127482,0.8009118541033434,0.6616161616161617,0.8608695652173913,0.12975179034487594,0.055588463329799276,131,396,64,67,0.5,1.0,1.1443768996960486,1.1443768996960486,0.1519756838905775,0.38345864661654133,0.09333333333333334,753,753,133,525,51,49
hard,random_error_oracle,1,33,3,658,198,460,0.9009387351778655,0.7842067460801453,0.8161094224924013,0.7171717171717171,0.8586956521739131,0.12056769887955558,0.07895598328634083,142,395,65,56,0.5,1.0,1.3632218844984803,1.3632218844984803,0.1884498480243161,0.5112781954887218,0.10666666666666667,897,897,133,525,68,56
hard,random_error_oracle,1,33,4,658,198,460,0.9070542380324988,0.7980617024713293,0.8267477203647416,0.7474747474747475,0.8608695652173913,0.11755278512791438,0.08485351204881798,148,396,64,50,0.5,1.0,1.4437689969604863,1.4437689969604863,0.21124620060790272,0.5939849624060151,0.11428571428571428,950,950,133,525,79,60
hard,random_error_oracle,1,33,5,658,198,460,0.9049571805006588,0.792077723148773,0.8206686930091185,0.7474747474747475,0.8521739130434782,0.11872616261087339,0.08724532200080641,148,392,68,50,0.5,1.0,1.4635258358662615,1.4635258358662615,0.21428571428571427,0.5864661654135338,0.12,963,963,133,525,78,63
hard,random_error_oracle,1,33,6,658,198,460,0.9030742204655247,0.7900407305216135,0.8191489361702128,0.7424242424242424,0.8521739130434782,0.1196958841894916,0.08947480524571556,147,392,68,51,0.5,1.0,1.4680851063829787,1.4680851063829787,0.21580547112462006,0.5864661654135338,0.1219047619047619,966,966,133,525,78,64
hard,random_error_oracle,1,33,7,658,198,460,0.902849143610013,0.7900407305216135,0.8191489361702128,0.7424242424242424,0.8521739130434782,0.11987083060948461,0.08696343081317791,147,392,68,51,0.5,1.0,1.4696048632218845,1.4696048632218845,0.21580547112462006,0.5864661654135338,0.1219047619047619,967,967,133,525,78,64
hard,random_error_oracle,1,34,0,658,198,460,0.8401570048309178,0.7503843466107617,0.7978723404255319,0.601010101010101,0.8826086956521739,0.13351674514795986,0.04525037642258839,119,406,54,79,0.5,,0.0,0.0,0.0,0.0,0.0,0,0,133,525,0,0
hard,random_error_oracle,1,34,1,658,198,460,0.8710638998682476,0.7587780790789698,0.8009118541033434,0.6363636363636364,0.8717391304347826,0.1303197254965473,0.0630103373407862,126,401,59,72,0.5,1.0,0.7112462006079028,0.7112462006079028,0.1094224924012158,0.2781954887218045,0.06666666666666667,468,468,133,525,37,35
hard,random_error_oracle,1,34,2,658,198,460,0.8970245937637243,0.768007805773977,0.8039513677811551,0.6818181818181818,0.8565217391304348,0.1219997100146649,0.07743786382091912,135,394,66,63,0.5,1.0,1.1443768996960486,1.1443768996960486,0.16109422492401215,0.41353383458646614,0.09714285714285714,753,753,133,525,55,51
hard,random_error_oracle,1,34,3,658,198,460,0.8959046991655687,0.777397113154051,0.8085106382978723,0.7222222222222222,0.8456521739130435,0.12372968655121723,0.0837222184303846,143,389,71,55,0.5,1.0,1.3632218844984803,1.3632218844984803,0.20212765957446807,0.5263157894736842,0.12,897,897,133,525,70,63
hard,random_error_oracle,1,34,4,658,198,460,0.9031510759771629,0.792077723148773,0.8206686930091185,0.7474747474747475,0.8521739130434782,0.12004686278103972,0.08082850060413188,148,392,68,50,0.5,1.0,1.4437689969604863,1.4437689969604863,0.21124620060790272,0.5789473684210527,0.1180952380952381,950,950,133,525,77,62
hard,random_error_oracle,1,34,5,658,198,460,0.9025636802810715,0.7900407305216135,0.8191489361702128,0.7424242424242424,0.8521739130434782,0.12011229249299464,0.08673712399350524,147,392,68,51,0.5,1.0,1.4635258358662615,1.4635258358662615,0.21580547112462006,0.5864661654135338,0.1219047619047619,963,963,133,525,78,64
hard,random_error_oracle,1,34,6,658,198,460,0.9028162055335966,0.7900407305216135,0.8191489361702128,0.7424242424242424,0.8521739130434782,0.11991755871682708,0.08693657277883937,147,392,68,51,0.5,1.0,1.4680851063829787,1.4680851063829787,0.21580547112462006,0.5864661654135338,0.1219047619047619,966,966,133,525,78,64
hard,random_error_oracle,1,34,7,658,198,460,0.902849143610013,0.7900407305216135,0.8191489361702128,0.7424242424242424,0.8521739130434782,0.11987083060948461,0.08696343081317791,147,392,68,51,0.5,1.0,1.4696048632218845,1.4696048632218845,0.21580547112462006,0.5864661654135338,0.1219047619047619,967,967,133,525,78,64
hard,random_error_oracle,1,35,0,658,198,460,0.8401570048309178,0.7503843466107617,0.7978723404255319,0.601010101010101,0.8826086956521739,0.13351674514795986,0.04525037642258839,119,406,54,79,0.5,,0.0,0.0,0.0,0.0,0.0,0,0,133,525,0,0
hard,random_error_oracle,1,35,1,658,198,460,0.8745498462889766,0.7971344327724026,0.8328267477203647,0.6868686868686869,0.8956521739130435,0.12472040744006652,0.07336190430903959,136,412,48,62,0.5,1.0,0.7112462006079028,0.7112462006079028,0.09878419452887538,0.3308270676691729,0.04,468,468,133,525,44,21
hard,random_error_oracle,1,35,2,658,198,460,0.8824989020641194,0.760903795544887,0.7993920972644377,0.6616161616161617,0.8586956521739131,0.12840587625683092,0.059612490902974886,131,395,65,67,0.5,1.0,1.1443768996960486,1.1443768996960486,0.16261398176291794,0.40601503759398494,0.10095238095238095,753,753,133,525,54,53
hard,random_error_oracle,1,35,3,658,198,460,0.8999890206411945,0.7818272981402459,0.8130699088145896,0.7222222222222222,0.8521739130434782,0.12141168958675347,0.08072234129694635,143,392,68,55,0.5,1.0,1.3632218844984803,1.3632218844984803,0.1945288753799392,0.518796992481203,0.11238095238095239,897,897,133,525,69,59
hard,random_error_oracle,1,35,4,658,198,460,0.9044137022397891,0.7950640089354756,0.8237082066869301,0.7474747474747475,0.8565217391304348,0.1191283635790094,0.08072696559093624,148,394,66,50,0.5,1.0,1.4437689969604863,1.4437689969604863,0.21124620060790272,0.5864661654135338,0.11619047619047619,950,950,133,525,78,61
hard,random_error_oracle,1,35,5,658,198,460,0.9049736495388668,0.792077723148773,0.8206686930091185,0.7474747474747475,0.8521739130434782,0.11871165407614828,0.09124162563376609,148,392,68,50,0.5,1.0,1.4635258358662615,1.4635258358662615,0.21428571428571427,0.5864661654135338,0.12,963,963,133,525,78,63
hard,random_error_oracle,1,35,6,658,198,460,0.9030742204655247,0.7900407305216135,0.8191489361702128,0.7424242424242424,0.8521739130434782,0.1196958841894916,0.08947480524571556,147,392,68,51,0.5,1.0,1.4680851063829787,1.4680851063829787,0.21580547112462006,0.5864661654135338,0.1219047619047619,966,966,133,525,78,64
hard,random_error_oracle,1,35,7,658,198,460,0.902849143610013,0.7900407305216135,0.8191489361702128,0.7424242424242424,0.8521739130434782,0.11987083060948461,0.08696343081317791,147,392,68,51,0.5,1.0,1.4696048632218845,1.4696048632218845,0.21580547112462006,0.5864661654135338,0.1219047619047619,967,967,133,525,78,64
hard,random_error_oracle,1,36,0,658,198,460,0.8401570048309178,0.7503843466107617,0.7978723404255319,0.601010101010101,0.8826086956521739,0.13351674514795986,0.04525037642258839,119,406,54,79,0.5,,0.0,0.0,0.0,0.0,0.0,0,0,133,525,0,0
hard,random_error_oracle,1,36,1,658,198,460,0.8677920509442248,0.7838898479935997,0.8221884498480243,0.6666666666666666,0.8891304347826087,0.1301074385187579,0.07405882514682394,132,409,51,66,0.5,1.0,0.7112462006079028,0.7112462006079028,0.11246200607902736,0.3383458646616541,0.05523809523809524,468,468,133,525,45,29
hard,random_error_oracle,1,36,2,658,198,460,0.8811978480456741,0.7564475216913246,0.7933130699088146,0.6717171717171717,0.8456521739130435,0.13068505458957724,0.0651093082649885,133,389,71,65,0.5,1.0,1.1443768996960486,1.1443768996960486,0.17477203647416414,0.42105263157894735,0.11238095238095239,753,753,133,525,56,59
hard,random_error_oracle,1,36,3,658,198,460,0.898078612209047,0.7818272981402459,0.8130699088145896,0.7222222222222222,0.8521739130434782,0.12268199951005535,0.08053650523380071,143,392,68,55,0.5,1.0,1.3632218844984803,1.3632218844984803,0.20364741641337386,0.5413533834586466,0.1180952380952381,897,897,133,525,72,62
hard,random_error_oracle,1,36,4,658,198,460,0.9033926218708825,0.7935694577397376,0.8221884498480243,0.7474747474747475,0.8543478260869565,0.11979136899294587,0.08278876809050444,148,393,67,50,0.5,1.0,1.4437689969604863,1.4437689969604863,0.2127659574468085,0.5864661654135338,0.1180952380952381,950,950,133,525,78,62
hard,random_error_oracle,1,36,5,658,198,460,0.9053030303030303,0.7935694577397376,0.8221884498480243,0.7474747474747475,0.8543478260869565,0.11849442004142835,0.08647251849565893,148,393,67,50,0.5,1.0,1.4635258358662615,1.4635258358662615,0.2127659574468085,0.5864661654135338,0.1180952380952381,963,963,133,525,78,62
hard,random_error_oracle,1,36,6,658,198,460,0.9032938076416337,0.7900407305216135,0.8191489361702128,0.7424242424242424,0.8521739130434782,0.1196051084685608,0.08941601804018354,147,392,68,51,0.5,1.0,1.4680851063829787,1.4680851063829787,0.21580547112462006,0.5864661654135338,0.1219047619047619,966,966,133,525,78,64
hard,random_error_oracle,1,36,7,658,198,460,0.902849143610013,0.7900407305216135,0.8191489361702128,0.7424242424242424,0.8521739130434782,0.11987083060948461,0.08696343081317791,147,392,68,51,0.5,1.0,1.4696048632218845,1.4696048632218845,0.21580547112462006,0.5864661654135338,0.1219047619047619,967,967,133,525,78,64
hard,random_error_oracle,1,37,0,658,198,460,0.8401570048309178,0.7503843466107617,0.7978723404255319,0.601010101010101,0.8826086956521739,0.13351674514795986,0.04525037642258839,119,406,54,79,0.5,,0.0,0.0,0.0,0.0,0.0,0,0,133,525,0,0
hard,random_error_oracle,1,37,1,658,198,460,0.8603535353535353,0.7535670739433943,0.7978723404255319,0.6212121212121212,0.8739130434782608,0.13512230048242627,0.05527207678049527,123,402,58,75,0.5,1.0,0.7112462006079028,0.7112462006079028,0.0972644376899696,0.24060150375939848,0.06095238095238095,468,468,133,525,32,32
hard,random_error_oracle,1,37,2,658,198,460,0.888510101010101,0.7565254095597285,0.7948328267477204,0.6616161616161617,0.8521739130434782,0.12606097894199075,0.07150675823998151,131,392,68,67,0.5,1.0,1.1443768996960486,1.1443768996960486,0.1580547112462006,0.38345864661654133,0.10095238095238095,753,753,133,525,51,53
hard,random_error_oracle,1,37,3,658,198,460,0.9025856389986824,0.7847946956857847,0.8161094224924013,0.7222222222222222,0.8565217391304348,0.1201003742127089,0.08455618332969621,143,394,66,55,0.5,1.0,1.3632218844984803,1.3632218844984803,0.19756838905775076,0.5338345864661654,0.11238095238095239,897,897,133,525,71,59
hard,random_error_oracle,1,37,4,658,198,460,0.9076086956521738,0.7960173925701485,0.8252279635258358,0.7424242424242424,0.8608695652173913,0.1171481838393298,0.0839574272965145,147,396,64,51,0.5,1.0,1.4437689969604863,1.4437689969604863,0.2127659574468085,0.5939849624060151,0.11619047619047619,950,950,133,525,79,61
hard,random_error_oracle,1,37,5,658,198,460,0.9040568730786123,0.7900407305216135,0.8191489361702128,0.7424242424242424,0.8521739130434782,0.11915600512949771,0.08746115758111729,147,392,68,51,0.5,1.0,1.4635258358662615,1.4635258358662615,0.21580547112462006,0.5864661654135338,0.1219047619047619,963,963,133,525,78,64
hard,random_error_oracle,1,37,6,658,198,460,0.903425559947299,0.7900407305216135,0.8191489361702128,0.7424242424242424,0.8521739130434782,0.11947267139077097,0.08721972865766618,147,392,68,51,0.5,1.0,1.4680851063829787,1.4680851063829787,0.21580547112462006,0.5864661654135338,0.1219047619047619,966,966,133,525,78,64
hard,random_error_oracle,1,37,7,658,198,460,0.902849143610013,0.7900407305216135,0.8191489361702128,0.7424242424242424,0.8521739130434782,0.11987083060948461,0.08696343081317791,147,392,68,51,0.5,1.0,1.4696048632218845,1.4696048632218845,0.21580547112462006,0.5864661654135338,0.1219047619047619,967,967,133,525,78,64
hard,random_error_oracle,1,38,0,658,198,460,0.8401570048309178,0.7503843466107617,0.7978723404255319,0.601010101010101,0.8826086956521739,0.13351674514795986,0.04525037642258839,119,406,54,79,0.5,,0.0,0.0,0.0,0.0,0.0,0,0,133,525,0,0
hard,random_error_oracle,1,38,1,658,198,460,0.8655687307861222,0.7691489361702128,0.8115501519756839,0.6363636363636364,0.8869565217391304,0.130904335186117,0.06723490570943723,126,408,52,72,0.5,1.0,0.7112462006079028,0.7112462006079028,0.11702127659574468,0.3233082706766917,0.06476190476190476,468,468,133,525,43,34
hard,random_error_oracle,1,38,2,658,198,460,0.88516139657444,0.7638373531230674,0.8024316109422492,0.6616161616161617,0.8630434782608696,0.12721425527597557,0.06179397226604054,131,397,63,67,0.5,1.0,1.1443768996960486,1.1443768996960486,0.1595744680851064,0.40601503759398494,0.09714285714285714,753,753,133,525,54,51
hard,random_error_oracle,1,38,3,658,198,460,0.9032004830917875,0.7833095793383432,0.8145896656534954,0.7222222222222222,0.8543478260869565,0.11900754670156044,0.08547892425697225,143,393,67,55,0.5,1.0,1.3632218844984803,1.3632218844984803,0.19300911854103345,0.518796992481203,0.11047619047619048,897,897,133,525,69,58
hard,random_error_oracle,1,38,4,658,198,460,0.9053743961352657,0.7930233495987418,0.8221884498480243,0.7424242424242424,0.8565217391304348,0.11839649391283363,0.08007053209029204,147,394,66,51,0.5,1.0,1.4437689969604863,1.4437689969604863,0.2127659574468085,0.5864661654135338,0.1180952380952381,950,950,133,525,78,62
hard,random_error_oracle,1,38,5,658,198,460,0.9043917435221782,0.792077723148773,0.8206686930091185,0.7474747474747475,0.8521739130434782,0.11907647402824184,0.08761371576198428,148,392,68,50,0.5,1.0,1.4635258358662615,1.4635258358662615,0.21428571428571427,0.5864661654135338,0.12,963,963,133,525,78,63
hard,random_error_oracle,1,38,6,658,198,460,0.9032938076416337,0.7900407305216135,0.8191489361702128,0.7424242424242424,0.8521739130434782,0.1196051084685608,0.08941601804018354,147,392,68,51,0.5,1.0,1.4680851063829787,1.4680851063829787,0.21580547112462006,0.5864661654135338,0.1219047619047619,966,966,133,525,78,64
hard,random_error_oracle,1,38,7,658,198,460,0.902849143610013,0.7900407305216135,0.8191489361702128,0.7424242424242424,0.8521739130434782,0.11987083060948461,0.08696343081317791,147,392,68,51,0.5,1.0,1.4696048632218845,1.4696048632218845,0.21580547112462006,0.5864661654135338,0.1219047619047619,967,967,133,525,78,64
hard,random_error_oracle,1,39,0,658,198,460,0.8401570048309178,0.7503843466107617,0.7978723404255319,0.601010101010101,0.8826086956521739,0.13351674514795986,0.04525037642258839,119,406,54,79,0.5,,0.0,0.0,0.0,0.0,0.0,0,0,133,525,0,0
hard,random_error_oracle,1,39,1,658,198,460,0.8752909530083443,0.7912782292587759,0.8282674772036475,0.6767676767676768,0.8934782608695652,0.125018017181105,0.05540987955255133,134,411,49,64,0.5,1.0,0.7112462006079028,0.7112462006079028,0.12158054711246201,0.37593984962406013,0.05714285714285714,468,468,133,525,50,30
hard,random_error_oracle,1,39,2,658,198,460,0.8914306104523495,0.7702937093692876,0.8069908814589666,0.6767676767676768,0.8630434782608696,0.12422051269601966,0.06638760491542663,134,397,63,64,0.5,1.0,1.1443768996960486,1.1443768996960486,0.1580547112462006,0.41353383458646614,0.09333333333333334,753,753,133,525,55,49
hard,random_error_oracle,1,39,3,658,198,460,0.9008454106280193,0.7770730847935385,0.8100303951367781,0.7070707070707071,0.8543478260869565,0.12038447823109688,0.08473385068708601,140,393,67,58,0.5,1.0,1.3632218844984803,1.3632218844984803,0.2006079027355623,0.5263157894736842,0.1180952380952381,897,897,133,525,70,62
hard,random_error_oracle,1,39,4,658,198,460,0.9041282389108476,0.7924698689626728,0.8221884498480243,0.7373737373737373,0.8586956521739131,0.11905895374575291,0.08282887159739011,146,395,65,52,0.5,1.0,1.4437689969604863,1.4437689969604863,0.20972644376899696,0.5789473684210527,0.11619047619047619,950,950,133,525,77,61
hard,random_error_oracle,1,39,5,658,198,460,0.9038043478260869,0.792077723148773,0.8206686930091185,0.7474747474747475,0.8521739130434782,0.11941909257250051,0.08561089381729917,148,392,68,50,0.5,1.0,1.4635258358662615,1.4635258358662615,0.21428571428571427,0.5864661654135338,0.12,963,963,133,525,78,63
hard,random_error_oracle,1,39,6,658,198,460,0.903425559947299,0.7900407305216135,0.8191489361702128,0.7424242424242424,0.8521739130434782,0.11947267139077097,0.08721972865766618,147,392,68,51,0.5,1.0,1.4680851063829787,1.4680851063829787,0.21580547112462006,0.5864661654135338,0.1219047619047619,966,966,133,525,78,64
hard,random_error_oracle,1,39,7,658,198,460,0.902849143610013,0.7900407305216135,0.8191489361702128,0.7424242424242424,0.8521739130434782,0.11987083060948461,0.08696343081317791,147,392,68,51,0.5,1.0,1.4696048632218845,1.4696048632218845,0.21580547112462006,0.5864661654135338,0.1219047619047619,967,967,133,525,78,64
hard,random_error_oracle,1,40,0,658,198,460,0.8401570048309178,0.7503843466107617,0.7978723404255319,0.601010101010101,0.8826086956521739,0.13351674514795986,0.04525037642258839,119,406,54,79,0.5,,0.0,0.0,0.0,0.0,0.0,0,0,133,525,0,0
hard,random_error_oracle,1,40,1,658,198,460,0.8762187088274045,0.7980361733821804,0.8343465045592705,0.6818181818181818,0.9,0.12423323391561217,0.05302288302638671,135,414,46,63,0.5,1.0,0.7112462006079028,0.7112462006079028,0.11246200607902736,0.3684210526315789,0.047619047619047616,468,468,133,525,49,25
hard,random_error_oracle,1,40,2,658,198,460,0.8836187966622748,0.7543697848045674,0.7933130699088146,0.6565656565656566,0.8521739130434782,0.12907119048558796,0.06469323217755797,130,392,68,68,0.5,1.0,1.1443768996960486,1.1443768996960486,0.15653495440729484,0.37593984962406013,0.10095238095238095,753,753,133,525,50,53
hard,random_error_oracle,1,40,3,658,198,460,0.8992588932806324,0.7842067460801453,0.8161094224924013,0.7171717171717171,0.8586956521739131,0.12134572154517155,0.08141422208244871,142,395,65,56,0.5,1.0,1.3632218844984803,1.3632218844984803,0.19148936170212766,0.518796992481203,0.10857142857142857,897,897,133,525,69,57
hard,random_error_oracle,1,40,4,658,198,460,0.9060880544576195,0.7924698689626728,0.8221884498480243,0.7373737373737373,0.8586956521739131,0.1179315844269787,0.08221356624241193,146,395,65,52,0.5,1.0,1.4437689969604863,1.4437689969604863,0.20972644376899696,0.5789473684210527,0.11619047619047619,950,950,133,525,77,61
hard,random_error_oracle,1,40,5,658,198,460,0.903859244620114,0.7900407305216135,0.8191489361702128,0.7424242424242424,0.8521739130434782,0.11920918555765167,0.08742152637648537,147,392,68,51,0.5,1.0,1.4635258358662615,1.4635258358662615,0.21580547112462006,0.5864661654135338,0.1219047619047619,963,963,133,525,78,64
hard,random_error_oracle,1,40,6,658,198,460,0.903425559947299,0.7900407305216135,0.8191489361702128,0.7424242424242424,0.8521739130434782,0.11947267139077097,0.08721972865766618,147,392,68,51,0.5,1.0,1.4680851063829787,1.4680851063829787,0.21580547112462006,0.5864661654135338,0.1219047619047619,966,966,133,525,78,64
hard,random_error_oracle,1,40,7,658,198,460,0.902849143610013,0.7900407305216135,0.8191489361702128,0.7424242424242424,0.8521739130434782,0.11987083060948461,0.08696343081317791,147,392,68,51,0.5,1.0,1.4696048632218845,1.4696048632218845,0.21580547112462006,0.5864661654135338,0.1219047619047619,967,967,133,525,78,64
hard,random_error_oracle,1,41,0,658,198,460,0.8401570048309178,0.7503843466107617,0.7978723404255319,0.601010101010101,0.8826086956521739,0.13351674514795986,0.04525037642258839,119,406,54,79,0.5,,0.0,0.0,0.0,0.0,0.0,0,0,133,525,0,0
hard,random_error_oracle,1,41,1,658,198,460,0.860359025032938,0.7639398536170597,0.8069908814589666,0.6313131313131313,0.8826086956521739,0.13229181695479367,0.07389791710920618,125,406,54,73,0.5,1.0,0.7112462006079028,0.7112462006079028,0.11854103343465046,0.3157894736842105,0.06857142857142857,468,468,133,525,42,36
hard,random_error_oracle,1,41,2,658,198,460,0.8840469916556873,0.7737227074235808,0.8085106382978723,0.6919191919191919,0.8586956521739131,0.12679577976734,0.06247364468460127,137,395,65,61,0.5,1.0,1.1443768996960486,1.1443768996960486,0.1595744680851064,0.42105263157894735,0.09333333333333334,753,753,133,525,56,49
hard,random_error_oracle,1,41,3,658,198,460,0.904891304347826,0.7883518081537884,0.8191489361702128,0.7272727272727273,0.8586956521739131,0.11838094269846325,0.08221751174927633,144,395,65,54,0.5,1.0,1.3632218844984803,1.3632218844984803,0.19148936170212766,0.5263157894736842,0.10666666666666667,897,897,133,525,70,56
hard,random_error_oracle,1,41,4,658,198,460,0.9054677206851119,0.7894852871987204,0.8191489361702128,0.7373737373737373,0.8543478260869565,0.11850029053194869,0.0834954790758267,146,393,67,52,0.5,1.0,1.4437689969604863,1.4437689969604863,0.20972644376899696,0.5714285714285714,0.1180952380952381,950,950,133,525,76,62
hard,random_error_oracle,1,41,5,658,198,460,0.9056763285024155,0.7935694577397376,0.8221884498480243,0.7474747474747475,0.8543478260869565,0.11828345858225492,0.08884509750582772,148,393,67,50,0.5,1.0,1.4635258358662615,1.4635258358662615,0.2127659574468085,0.5864661654135338,0.1180952380952381,963,963,133,525,78,62
hard,random_error_oracle,1,41,6,658,198,460,0.9037659200702677,0.7900407305216135,0.8191489361702128,0.7424242424242424,0.8521739130434782,0.11935838593906917,0.08730577130177206,147,392,68,51,0.5,1.0,1.4680851063829787,1.4680851063829787,0.21580547112462006,0.5864661654135338,0.1219047619047619,966,966,133,525,78,64
hard,random_error_oracle,1,41,7,658,198,460,0.902849143610013,0.7900407305216135,0.8191489361702128,0.7424242424242424,0.8521739130434782,0.11987083060948461,0.08696343081317791,147,392,68,51,0.5,1.0,1.4696048632218845,1.4696048632218845,0.21580547112462006,0.5864661654135338,0.1219047619047619,967,967,133,525,78,64
hard,random_error_oracle,1,42,0,658,198,460,0.8401570048309178,0.7503843466107617,0.7978723404255319,0.601010101010101,0.8826086956521739,0.13351674514795986,0.04525037642258839,119,406,54,79,0.5,,0.0,0.0,0.0,0.0,0.0,0,0,133,525,0,0
hard,random_error_oracle,1,42,1,658,198,460,0.8685825647782169,0.7720958653762218,0.8130699088145896,0.6464646464646465,0.8847826086956522,0.13008804814147268,0.06439531143882404,128,407,53,70,0.5,1.0,0.7112462006079028,0.7112462006079028,0.10638297872340426,0.3007518796992481,0.05714285714285714,468,468,133,525,40,30
hard,random_error_oracle,1,42,2,658,198,460,0.9003897672375933,0.7773144104803493,0.8115501519756839,0.696969696969697,0.8608695652173913,0.12026268040948312,0.07151343523063167,138,396,64,60,0.5,1.0,1.1443768996960486,1.1443768996960486,0.1595744680851064,0.42857142857142855,0.09142857142857143,753,753,133,525,57,48
hard,random_error_oracle,1,42,3,658,198,460,0.9044905577514274,0.7821239360778183,0.8145896656534954,0.7121212121212122,0.8586956521739131,0.11877637822421741,0.09032423233043795,141,395,65,57,0.5,1.0,1.3632218844984803,1.3632218844984803,0.19300911854103345,0.518796992481203,0.11047619047619048,897,897,133,525,69,58
hard,random_error_oracle,1,42,4,658,198,460,0.9071420729029424,0.7935694577397376,0.8221884498480243,0.7474747474747475,0.8543478260869565,0.11762251997999325,0.08383139126946484,148,393,67,50,0.5,1.0,1.4437689969604863,1.4437689969604863,0.20972644376899696,0.5789473684210527,0.11619047619047619,950,950,133,525,77,61
hard,random_error_oracle,1,42,5,658,198,460,0.9040239350021958,0.792077723148773,0.8206686930091185,0.7474747474747475,0.8521739130434782,0.11920787119464739,0.08572955748100235,148,392,68,50,0.5,1.0,1.4635258358662615,1.4635258358662615,0.21428571428571427,0.5864661654135338,0.12,963,963,133,525,78,63
hard,random_error_oracle,1,42,6,658,198,460,0.9028162055335966,0.7900407305216135,0.8191489361702128,0.7424242424242424,0.8521739130434782,0.11991755871682708,0.08693657277883937,147,392,68,51,0.5,1.0,1.4680851063829787,1.4680851063829787,0.21580547112462006,0.5864661654135338,0.1219047619047619,966,966,133,525,78,64
hard,random_error_oracle,1,42,7,658,198,460,0.902849143610013,0.7900407305216135,0.8191489361702128,0.7424242424242424,0.8521739130434782,0.11987083060948461,0.08696343081317791,147,392,68,51,0.5,1.0,1.4696048632218845,1.4696048632218845,0.21580547112462006,0.5864661654135338,0.1219047619047619,967,967,133,525,78,64
hard,random_error_oracle,1,43,0,658,198,460,0.8401570048309178,0.7503843466107617,0.7978723404255319,0.601010101010101,0.8826086956521739,0.13351674514795986,0.04525037642258839,119,406,54,79,0.5,,0.0,0.0,0.0,0.0,0.0,0,0,133,525,0,0
hard,random_error_oracle,1,43,1,658,198,460,0.8745223978919631,0.7758779249974455,0.817629179331307,0.6414141414141414,0.8934782608695652,0.12699822113455864,0.06027528873238797,127,411,49,71,0.5,1.0,0.7112462006079028,0.7112462006079028,0.11398176291793313,0.3308270676691729,0.05904761904761905,468,468,133,525,44,31
hard,random_error_oracle,1,43,2,658,198,460,0.8908102766798418,0.7724308300395257,0.8085106382978723,0.6818181818181818,0.8630434782608696,0.12472298022986679,0.06608268065582808,135,397,63,63,0.5,1.0,1.1443768996960486,1.1443768996960486,0.16261398176291794,0.42857142857142855,0.09523809523809523,753,753,133,525,57,50
hard,random_error_oracle,1,43,3,658,198,460,0.8989953886693015,0.7838905938728261,0.8145896656534954,0.7272727272727273,0.8521739130434782,0.12221315478877592,0.07594353039164904,144,392,68,54,0.5,1.0,1.3632218844984803,1.3632218844984803,0.19300911854103345,0.518796992481203,0.11047619047619048,897,897,133,525,69,58
hard,random_error_oracle,1,43,4,658,198,460,0.9054512516469037,0.7945189253217035,0.8237082066869301,0.7424242424242424,0.8586956521739131,0.11831294218048716,0.08233025722271026,147,395,65,51,0.5,1.0,1.4437689969604863,1.4437689969604863,0.21124620060790272,0.5864661654135338,0.11619047619047619,950,950,133,525,78,61
hard,random_error_oracle,1,43,5,658,198,460,0.904891304347826,0.7915306297791906,0.8206686930091185,0.7424242424242424,0.8543478260869565,0.11861835001993676,0.08777543302267662,147,393,67,51,0.5,1.0,1.4635258358662615,1.4635258358662615,0.21428571428571427,0.5864661654135338,0.12,963,963,133,525,78,63
hard,random_error_oracle,1,43,6,658,198,460,0.903343214756258,0.7900407305216135,0.8191489361702128,0.7424242424242424,0.8521739130434782,0.11957400574865812,0.0893951680729832,147,392,68,51,0.5,1.0,1.4680851063829787,1.4680851063829787,0.21580547112462006,0.5864661654135338,0.1219047619047619,966,966,133,525,78,64
hard,random_error_oracle,1,43,7,658,198,460,0.902849143610013,0.7900407305216135,0.8191489361702128,0.7424242424242424,0.8521739130434782,0.11987083060948461,0.08696343081317791,147,392,68,51,0.5,1.0,1.4696048632218845,1.4696048632218845,0.21580547112462006,0.5864661654135338,0.1219047619047619,967,967,133,525,78,64
hard,random_error_oracle,1,44,0,658,198,460,0.8401570048309178,0.7503843466107617,0.7978723404255319,0.601010101010101,0.8826086956521739,0.13351674514795986,0.04525037642258839,119,406,54,79,0.5,,0.0,0.0,0.0,0.0,0.0,0,0,133,525,0,0
hard,random_error_oracle,1,44,1,658,198,460,0.8742204655248134,0.7877659574468086,0.8267477203647416,0.6616161616161617,0.8978260869565218,0.1269131960108971,0.04463629890713652,131,413,47,67,0.5,1.0,0.7112462006079028,0.7112462006079028,0.10790273556231003,0.3383458646616541,0.049523809523809526,468,468,133,525,45,26
hard,random_error_oracle,1,44,2,658,198,460,0.8878897672375933,0.7645264653093584,0.8024316109422492,0.6666666666666666,0.8608695652173913,0.12700661160248386,0.06280660828963397,132,396,64,66,0.5,1.0,1.1443768996960486,1.1443768996960486,0.15653495440729484,0.39849624060150374,0.09523809523809523,753,753,133,525,53,50
hard,random_error_oracle,1,44,3,658,198,460,0.9013888888888888,0.7815191003407471,0.8145896656534954,0.7070707070707071,0.8608695652173913,0.12006302171662757,0.08609483866939222,140,396,64,58,0.5,1.0,1.3632218844984803,1.3632218844984803,0.19908814589665655,0.5338345864661654,0.11428571428571428,897,897,133,525,71,60
hard,random_error_oracle,1,44,4,658,198,460,0.9042215634606938,0.7930233495987418,0.8221884498480243,0.7424242424242424,0.8565217391304348,0.119052078924069,0.07895844812434971,147,394,66,51,0.5,1.0,1.4437689969604863,1.4437689969604863,0.2127659574468085,0.5864661654135338,0.1180952380952381,950,950,133,525,78,62
hard,random_error_oracle,1,44,5,658,198,460,0.9038812033377249,0.792077723148773,0.8206686930091185,0.7474747474747475,0.8521739130434782,0.11937674509452902,0.08672330876766633,148,392,68,50,0.5,1.0,1.4635258358662615,1.4635258358662615,0.21428571428571427,0.5864661654135338,0.12,963,963,133,525,78,63
hard,random_error_oracle,1,44,6,658,198,460,0.9030742204655247,0.7900407305216135,0.8191489361702128,0.7424242424242424,0.8521739130434782,0.1196958841894916,0.08947480524571556,147,392,68,51,0.5,1.0,1.4680851063829787,1.4680851063829787,0.21580547112462006,0.5864661654135338,0.1219047619047619,966,966,133,525,78,64
hard,random_error_oracle,1,44,7,658,198,460,0.902849143610013,0.7900407305216135,0.8191489361702128,0.7424242424242424,0.8521739130434782,0.11987083060948461,0.08696343081317791,147,392,68,51,0.5,1.0,1.4696048632218845,1.4696048632218845,0.21580547112462006,0.5864661654135338,0.1219047619047619,967,967,133,525,78,64
hard,random_error_oracle,1,45,0,658,198,460,0.8401570048309178,0.7503843466107617,0.7978723404255319,0.601010101010101,0.8826086956521739,0.13351674514795986,0.04525037642258839,119,406,54,79,0.5,,0.0,0.0,0.0,0.0,0.0,0,0,133,525,0,0
hard,random_error_oracle,1,45,1,658,198,460,0.8657663592446201,0.7750036436203012,0.8145896656534954,0.6565656565656566,0.8826086956521739,0.12867061485391965,0.07353191724313878,130,406,54,68,0.5,1.0,0.7112462006079028,0.7112462006079028,0.12310030395136778,0.3458646616541353,0.06666666666666667,468,468,133,525,46,35
hard,random_error_oracle,1,45,2,658,198,460,0.8846673254281949,0.7673465024681849,0.8039513677811551,0.6767676767676768,0.8586956521739131,0.12770387402593153,0.0596561529014719,134,395,65,64,0.5,1.0,1.1443768996960486,1.1443768996960486,0.1762917933130699,0.45112781954887216,0.10666666666666667,753,753,133,525,60,56
hard,random_error_oracle,1,45,3,658,198,460,0.9053414580588492,0.7847946956857847,0.8161094224924013,0.7222222222222222,0.8565217391304348,0.1184644086042989,0.08393481016306874,143,394,66,55,0.5,1.0,1.3632218844984803,1.3632218844984803,0.19756838905775076,0.5338345864661654,0.11238095238095239,897,897,133,525,71,59
hard,random_error_oracle,1,45,4,658,198,460,0.9046607378129117,0.7950640089354756,0.8237082066869301,0.7474747474747475,0.8565217391304348,0.11897123131884267,0.08233132874299147,148,394,66,50,0.5,1.0,1.4437689969604863,1.4437689969604863,0.21124620060790272,0.5864661654135338,0.11619047619047619,950,950,133,525,78,61
hard,random_error_oracle,1,45,5,658,198,460,0.9032334211682036,0.7900407305216135,0.8191489361702128,0.7424242424242424,0.8521739130434782,0.1196117715570864,0.08939607158134973,147,392,68,51,0.5,1.0,1.4635258358662615,1.4635258358662615,0.21580547112462006,0.5864661654135338,0.1219047619047619,963,963,133,525,78,64
hard,random_error_oracle,1,45,6,658,198,460,0.9032938076416337,0.7900407305216135,0.8191489361702128,0.7424242424242424,0.8521739130434782,0.1196051084685608,0.08941601804018354,147,392,68,51,0.5,1.0,1.4680851063829787,1.4680851063829787,0.21580547112462006,0.5864661654135338,0.1219047619047619,966,966,133,525,78,64
hard,random_error_oracle,1,45,7,658,198,460,0.902849143610013,0.7900407305216135,0.8191489361702128,0.7424242424242424,0.8521739130434782,0.11987083060948461,0.08696343081317791,147,392,68,51,0.5,1.0,1.4696048632218845,1.4696048632218845,0.21580547112462006,0.5864661654135338,0.1219047619047619,967,967,133,525,78,64
hard,random_error_oracle,1,46,0,658,198,460,0.8401570048309178,0.7503843466107617,0.7978723404255319,0.601010101010101,0.8826086956521739,0.13351674514795986,0.04525037642258839,119,406,54,79,0.5,,0.0,0.0,0.0,0.0,0.0,0,0,133,525,0,0
hard,random_error_oracle,1,46,1,658,198,460,0.8764108476064998,0.7781027275947574,0.8191489361702128,0.6464646464646465,0.8934782608695652,0.1266312631262551,0.05929891560775822,128,411,49,70,0.5,1.0,0.7112462006079028,0.7112462006079028,0.11246200607902736,0.3308270676691729,0.05714285714285714,468,468,133,525,44,30
hard,random_error_oracle,1,46,2,658,198,460,0.893917435221783,0.7637394714986994,0.8009118541033434,0.6717171717171717,0.8565217391304348,0.12373516600669565,0.08035150284481588,133,394,66,65,0.5,1.0,1.1443768996960486,1.1443768996960486,0.1519756838905775,0.38345864661654133,0.09333333333333334,753,753,133,525,51,49
hard,random_error_oracle,1,46,3,658,198,460,0.8983585858585859,0.7785521973249956,0.8115501519756839,0.7070707070707071,0.8565217391304348,0.12171628924391077,0.07778348664231852,140,394,66,58,0.5,1.0,1.3632218844984803,1.3632218844984803,0.20212765957446807,0.5338345864661654,0.1180952380952381,897,897,133,525,71,62
hard,random_error_oracle,1,46,4,658,198,460,0.9046113306982871,0.7935694577397376,0.8221884498480243,0.7474747474747475,0.8543478260869565,0.11915142158958394,0.08187063665051933,148,393,67,50,0.5,1.0,1.4437689969604863,1.4437689969604863,0.2127659574468085,0.5864661654135338,0.1180952380952381,950,950,133,525,78,62
hard,random_error_oracle,1,46,5,658,198,460,0.9052206851119894,0.792077723148773,0.8206686930091185,0.7474747474747475,0.8521739130434782,0.11857615252849193,0.08777350318320326,148,392,68,50,0.5,1.0,1.4635258358662615,1.4635258358662615,0.21428571428571427,0.5864661654135338,0.12,963,963,133,525,78,63
hard,random_error_oracle,1,46,6,658,198,460,0.9030742204655247,0.7900407305216135,0.8191489361702128,0.7424242424242424,0.8521739130434782,0.1196958841894916,0.08947480524571556,147,392,68,51,0.5,1.0,1.4680851063829787,1.4680851063829787,0.21580547112462006,0.5864661654135338,0.1219047619047619,966,966,133,525,78,64
hard,random_error_oracle,1,46,7,658,198,460,0.902849143610013,0.7900407305216135,0.8191489361702128,0.7424242424242424,0.8521739130434782,0.11987083060948461,0.08696343081317791,147,392,68,51,0.5,1.0,1.4696048632218845,1.4696048632218845,0.21580547112462006,0.5864661654135338,0.1219047619047619,967,967,133,525,78,64
hard,random_error_oracle,1,47,0,658,198,460,0.8401570048309178,0.7503843466107617,0.7978723404255319,0.601010101010101,0.8826086956521739,0.13351674514795986,0.04525037642258839,119,406,54,79,0.5,,0.0,0.0,0.0,0.0,0.0,0,0,133,525,0,0
hard,random_error_oracle,1,47,1,658,198,460,0.8693511198945982,0.7661436339162532,0.8069908814589666,0.6464646464646465,0.8760869565217392,0.13131789829489066,0.05362610676955617,128,403,57,70,0.5,1.0,0.7112462006079028,0.7112462006079028,0.10030395136778116,0.2706766917293233,0.05714285714285714,468,468,133,525,36,30
hard,random_error_oracle,1,47,2,658,198,460,0.8846947738252087,0.7665393013100437,0.8024316109422492,0.6818181818181818,0.8543478260869565,0.12710193918058493,0.06273535692226546,135,393,67,63,0.5,1.0,1.1443768996960486,1.1443768996960486,0.15653495440729484,0.39849624060150374,0.09523809523809523,753,753,133,525,53,50
hard,random_error_oracle,1,47,3,658,198,460,0.9024483970136146,0.7877735767234486,0.8191489361702128,0.7222222222222222,0.8608695652173913,0.11947113429268415,0.0794290479541157,143,396,64,55,0.5,1.0,1.3632218844984803,1.3632218844984803,0.19756838905775076,0.5413533834586466,0.11047619047619048,897,897,133,525,72,58
hard,random_error_oracle,1,47,4,658,198,460,0.9047156346069388,0.7915306297791906,0.8206686930091185,0.7424242424242424,0.8543478260869565,0.11891279425832003,0.08267822628618983,147,393,67,51,0.5,1.0,1.4437689969604863,1.4437689969604863,0.20820668693009117,0.5714285714285714,0.11619047619047619,950,950,133,525,76,61
hard,random_error_oracle,1,47,5,658,198,460,0.9039909969257796,0.792077723148773,0.8206686930091185,0.7474747474747475,0.8521739130434782,0.11927597354085924,0.08677781982146002,148,392,68,50,0.5,1.0,1.4635258358662615,1.4635258358662615,0.21428571428571427,0.5864661654135338,0.12,963,963,133,525,78,63
hard,random_error_oracle,1,47,6,658,198,460,0.9024978041282388,0.7900407305216135,0.8191489361702128,0.7424242424242424,0.8521739130434782,0.1201558540818666,0.08680724632722099,147,392,68,51,0.5,1.0,1.4680851063829787,1.4680851063829787,0.21580547112462006,0.5864661654135338,0.1219047619047619,966,966,133,525,78,64
hard,random_error_oracle,1,47,7,658,198,460,0.902849143610013,0.7900407305216135,0.8191489361702128,0.7424242424242424,0.8521739130434782,0.11987083060948461,0.08696343081317791,147,392,68,51,0.5,1.0,1.4696048632218845,1.4696048632218845,0.21580547112462006,0.5864661654135338,0.1219047619047619,967,967,133,525,78,64
hard,random_error_oracle,1,48,0,658,198,460,0.8401570048309178,0.7503843466107617,0.7978723404255319,0.601010101010101,0.8826086956521739,0.13351674514795986,0.04525037642258839,119,406,54,79,0.5,,0.0,0.0,0.0,0.0,0.0,0,0,133,525,0,0
hard,random_error_oracle,1,48,1,658,198,460,0.8574934123847169,0.7736446626618032,0.8161094224924013,0.6363636363636364,0.8934782608695652,0.1312512864841461,0.05178894931445277,126,411,49,72,0.5,1.0,0.7112462006079028,0.7112462006079028,0.10030395136778116,0.2932330827067669,0.05142857142857143,468,468,133,525,39,27
hard,random_error_oracle,1,48,2,658,198,460,0.8868467281510759,0.769479204300369,0.8054711246200608,0.6818181818181818,0.8586956521739131,0.12608953309050333,0.060652900811727674,135,395,65,63,0.5,1.0,1.1443768996960486,1.1443768996960486,0.1595744680851064,0.41353383458646614,0.09523809523809523,753,753,133,525,55,50
hard,random_error_oracle,1,48,3,658,198,460,0.8943840579710144,0.7755968169761274,0.8085106382978723,0.7070707070707071,0.8521739130434782,0.1239517736742785,0.08205568593535972,140,392,68,58,0.5,1.0,1.3632218844984803,1.3632218844984803,0.196048632218845,0.5112781954887218,0.11619047619047619,897,897,133,525,68,61
hard,random_error_oracle,1,48,4,658,198,460,0.9048967940272288,0.7900407305216135,0.8191489361702128,0.7424242424242424,0.8521739130434782,0.1188995052902019,0.08105067196863602,147,392,68,51,0.5,1.0,1.4437689969604863,1.4437689969604863,0.20972644376899696,0.5714285714285714,0.1180952380952381,950,950,133,525,76,62
hard,random_error_oracle,1,48,5,658,198,460,0.904040404040404,0.792077723148773,0.8206686930091185,0.7474747474747475,0.8521739130434782,0.11924685988866492,0.08570959036997186,148,392,68,50,0.5,1.0,1.4635258358662615,1.4635258358662615,0.21428571428571427,0.5864661654135338,0.12,963,963,133,525,78,63
hard,random_error_oracle,1,48,6,658,198,460,0.9037659200702677,0.7900407305216135,0.8191489361702128,0.7424242424242424,0.8521739130434782,0.11935838593906917,0.08730577130177206,147,392,68,51,0.5,1.0,1.4680851063829787,1.4680851063829787,0.21580547112462006,0.5864661654135338,0.1219047619047619,966,966,133,525,78,64
hard,random_error_oracle,1,48,7,658,198,460,0.902849143610013,0.7900407305216135,0.8191489361702128,0.7424242424242424,0.8521739130434782,0.11987083060948461,0.08696343081317791,147,392,68,51,0.5,1.0,1.4696048632218845,1.4696048632218845,0.21580547112462006,0.5864661654135338,0.1219047619047619,967,967,133,525,78,64
hard,random_error_oracle,1,49,0,658,198,460,0.8401570048309178,0.7503843466107617,0.7978723404255319,0.601010101010101,0.8826086956521739,0.13351674514795986,0.04525037642258839,119,406,54,79,0.5,,0.0,0.0,0.0,0.0,0.0,0,0,133,525,0,0
hard,random_error_oracle,1,49,1,658,198,460,0.8649538866930171,0.773592355681908,0.8145896656534954,0.6464646464646465,0.8869565217391304,0.13095497873643866,0.04055949318135053,128,408,52,70,0.5,1.0,0.7112462006079028,0.7112462006079028,0.11094224924012158,0.3157894736842105,0.05904761904761905,468,468,133,525,42,31
hard,random_error_oracle,1,49,2,658,198,460,0.8914745278875713,0.7702937093692876,0.8069908814589666,0.6767676767676768,0.8630434782608696,0.12450070540081329,0.0649845273709711,134,397,63,64,0.5,1.0,1.1443768996960486,1.1443768996960486,0.16109422492401215,0.42105263157894735,0.09523809523809523,753,753,133,525,56,50
hard,random_error_oracle,1,49,3,658,198,460,0.9036725955204215,0.7842067460801453,0.8161094224924013,0.7171717171717171,0.8586956521739131,0.11921705978810966,0.0863177213055262,142,395,65,56,0.5,1.0,1.3632218844984803,1.3632218844984803,0.19756838905775076,0.5338345864661654,0.11238095238095239,897,897,133,525,71,59
hard,random_error_oracle,1,49,4,658,198,460,0.9043862538427756,0.7935694577397376,0.8221884498480243,0.7474747474747475,0.8543478260869565,0.11907665528308674,0.07928560217441508,148,393,67,50,0.5,1.0,1.4437689969604863,1.4437689969604863,0.2127659574468085,0.5864661654135338,0.1180952380952381,950,950,133,525,78,62
hard,random_error_oracle,1,49,5,658,198,460,0.9030083443126921,0.792077723148773,0.8206686930091185,0.7474747474747475,0.8521739130434782,0.11991150969857967,0.08529764836825399,148,392,68,50,0.5,1.0,1.4635258358662615,1.4635258358662615,0.21428571428571427,0.5864661654135338,0.12,963,963,133,525,78,63
hard,random_error_oracle,1,49,6,658,198,460,0.9024978041282388,0.7900407305216135,0.8191489361702128,0.7424242424242424,0.8521739130434782,0.1201558540818666,0.08680724632722099,147,392,68,51,0.5,1.0,1.4680851063829787,1.4680851063829787,0.21580547112462006,0.5864661654135338,0.1219047619047619,966,966,133,525,78,64
hard,random_error_oracle,1,49,7,658,198,460,0.902849143610013,0.7900407305216135,0.8191489361702128,0.7424242424242424,0.8521739130434782,0.11987083060948461,0.08696343081317791,147,392,68,51,0.5,1.0,1.4696048632218845,1.4696048632218845,0.21580547112462006,0.5864661654135338,0.1219047619047619,967,967,133,525,78,64
hard,random_error_oracle,1,50,0,658,198,460,0.8401570048309178,0.7503843466107617,0.7978723404255319,0.601010101010101,0.8826086956521739,0.13351674514795986,0.04525037642258839,119,406,54,79,0.5,,0.0,0.0,0.0,0.0,0.0,0,0,133,525,0,0
hard,random_error_oracle,1,50,1,658,198,460,0.8805335968379445,0.7823805733376683,0.8206686930091185,0.6666666666666666,0.8869565217391304,0.12294925667900893,0.057128962350009575,132,408,52,66,0.5,1.0,0.7112462006079028,0.7112462006079028,0.10790273556231003,0.3233082706766917,0.05333333333333334,468,468,133,525,43,28
hard,random_error_oracle,1,50,2,658,198,460,0.8945761967501098,0.7830069634656529,0.8161094224924013,0.7070707070707071,0.8630434782608696,0.12293209666546791,0.07102841410132393,140,397,63,58,0.5,1.0,1.1443768996960486,1.1443768996960486,0.1458966565349544,0.40601503759398494,0.08,753,753,133,525,54,42
hard,random_error_oracle,1,50,3,658,198,460,0.9034090909090908,0.7898446381205002,0.8206686930091185,0.7272727272727273,0.8608695652173913,0.11950461921004431,0.07733458462503559,144,396,64,54,0.5,1.0,1.3632218844984803,1.3632218844984803,0.19300911854103345,0.5338345864661654,0.10666666666666667,897,897,133,525,71,56
hard,random_error_oracle,1,50,4,658,198,460,0.9059014053579271,0.7950640089354756,0.8237082066869301,0.7474747474747475,0.8565217391304348,0.1183393801124179,0.08258005969557103,148,394,66,50,0.5,1.0,1.4437689969604863,1.4437689969604863,0.21124620060790272,0.5864661654135338,0.11619047619047619,950,950,133,525,78,61
hard,random_error_oracle,1,50,5,658,198,460,0.9049187527448396,0.7935694577397376,0.8221884498480243,0.7474747474747475,0.8543478260869565,0.11867066001576107,0.08645330575786876,148,393,67,50,0.5,1.0,1.4635258358662615,1.4635258358662615,0.2127659574468085,0.5864661654135338,0.1180952380952381,963,963,133,525,78,62
hard,random_error_oracle,1,50,6,658,198,460,0.9037659200702677,0.7900407305216135,0.8191489361702128,0.7424242424242424,0.8521739130434782,0.11935838593906917,0.08730577130177206,147,392,68,51,0.5,1.0,1.4680851063829787,1.4680851063829787,0.21580547112462006,0.5864661654135338,0.1219047619047619,966,966,133,525,78,64
hard,random_error_oracle,1,50,7,658,198,460,0.902849143610013,0.7900407305216135,0.8191489361702128,0.7424242424242424,0.8521739130434782,0.11987083060948461,0.08696343081317791,147,392,68,51,0.5,1.0,1.4696048632218845,1.4696048632218845,0.21580547112462006,0.5864661654135338,0.1219047619047619,967,967,133,525,78,64
hard,random_error_oracle,1,51,0,658,198,460,0.8401570048309178,0.7503843466107617,0.7978723404255319,0.601010101010101,0.8826086956521739,0.13351674514795986,0.04525037642258839,119,406,54,79,0.5,,0.0,0.0,0.0,0.0,0.0,0,0,133,525,0,0
hard,random_error_oracle,1,51,1,658,198,460,0.8706741326306543,0.7832131402359183,0.8221884498480243,0.6616161616161617,0.8913043478260869,0.12766382703229534,0.05649860732544184,131,410,50,67,0.5,1.0,0.7112462006079028,0.7112462006079028,0.10638297872340426,0.3233082706766917,0.05142857142857143,468,468,133,525,43,27
hard,random_error_oracle,1,51,2,658,198,460,0.88854852876592,0.7565254095597285,0.7948328267477204,0.6616161616161617,0.8521739130434782,0.12649092329408734,0.07075615392266459,131,392,68,67,0.5,1.0,1.1443768996960486,1.1443768996960486,0.16109422492401215,0.39097744360902253,0.10285714285714286,753,753,133,525,52,54
hard,random_error_oracle,1,51,3,658,198,460,0.9027283706631533,0.7877735767234486,0.8191489361702128,0.7222222222222222,0.8608695652173913,0.11943671793349651,0.09136097777765559,143,396,64,55,0.5,1.0,1.3632218844984803,1.3632218844984803,0.19756838905775076,0.5413533834586466,0.11047619047619048,897,897,133,525,72,58
hard,random_error_oracle,1,51,4,658,198,460,0.9064668423364076,0.7915306297791906,0.8206686930091185,0.7424242424242424,0.8543478260869565,0.11791724776446322,0.08375821031060522,147,393,67,51,0.5,1.0,1.4437689969604863,1.4437689969604863,0.21428571428571427,0.5864661654135338,0.12,950,950,133,525,78,63
hard,random_error_oracle,1,51,5,658,198,460,0.9048364075537987,0.792077723148773,0.8206686930091185,0.7474747474747475,0.8521739130434782,0.11882728328385388,0.0859893314208995,148,392,68,50,0.5,1.0,1.4635258358662615,1.4635258358662615,0.21428571428571427,0.5864661654135338,0.12,963,963,133,525,78,63
hard,random_error_oracle,1,51,6,658,198,460,0.9037659200702677,0.7900407305216135,0.8191489361702128,0.7424242424242424,0.8521739130434782,0.11935838593906917,0.08730577130177206,147,392,68,51,0.5,1.0,1.4680851063829787,1.4680851063829787,0.21580547112462006,0.5864661654135338,0.1219047619047619,966,966,133,525,78,64
hard,random_error_oracle,1,51,7,658,198,460,0.902849143610013,0.7900407305216135,0.8191489361702128,0.7424242424242424,0.8521739130434782,0.11987083060948461,0.08696343081317791,147,392,68,51,0.5,1.0,1.4696048632218845,1.4696048632218845,0.21580547112462006,0.5864661654135338,0.1219047619047619,967,967,133,525,78,64
hard,random_error_oracle,1,52,0,658,198,460,0.8401570048309178,0.7503843466107617,0.7978723404255319,0.601010101010101,0.8826086956521739,0.13351674514795986,0.04525037642258839,119,406,54,79,0.5,,0.0,0.0,0.0,0.0,0.0,0,0,133,525,0,0
hard,random_error_oracle,1,52,1,658,198,460,0.8770421607378129,0.7736446626618032,0.8161094224924013,0.6363636363636364,0.8934782608695652,0.1257456053192129,0.059399784111579035,126,411,49,72,0.5,1.0,0.7112462006079028,0.7112462006079028,0.11246200607902736,0.3233082706766917,0.05904761904761905,468,468,133,525,43,31
hard,random_error_oracle,1,52,2,658,198,460,0.8914964866051822,0.7737227074235808,0.8085106382978723,0.6919191919191919,0.8586956521739131,0.12521142891670703,0.06370845711805814,137,395,65,61,0.5,1.0,1.1443768996960486,1.1443768996960486,0.1595744680851064,0.42105263157894735,0.09333333333333334,753,753,133,525,56,49
hard,random_error_oracle,1,52,3,658,198,460,0.8996596398770312,0.7847946956857847,0.8161094224924013,0.7222222222222222,0.8565217391304348,0.1216869399143624,0.07729133053226697,143,394,66,55,0.5,1.0,1.3632218844984803,1.3632218844984803,0.1945288753799392,0.5263157894736842,0.11047619047619048,897,897,133,525,70,58
hard,random_error_oracle,1,52,4,658,198,460,0.9034310496267017,0.7930233495987418,0.8221884498480243,0.7424242424242424,0.8565217391304348,0.11953720208935605,0.07991966749436336,147,394,66,51,0.5,1.0,1.4437689969604863,1.4437689969604863,0.2127659574468085,0.5864661654135338,0.1180952380952381,950,950,133,525,78,62
hard,random_error_oracle,1,52,5,658,198,460,0.9037055335968379,0.7900407305216135,0.8191489361702128,0.7424242424242424,0.8521739130434782,0.11933030092835047,0.08556039929465237,147,392,68,51,0.5,1.0,1.4635258358662615,1.4635258358662615,0.21580547112462006,0.5864661654135338,0.1219047619047619,963,963,133,525,78,64
hard,random_error_oracle,1,52,6,658,198,460,0.9037659200702677,0.7900407305216135,0.8191489361702128,0.7424242424242424,0.8521739130434782,0.11935838593906917,0.08730577130177206,147,392,68,51,0.5,1.0,1.4680851063829787,1.4680851063829787,0.21580547112462006,0.5864661654135338,0.1219047619047619,966,966,133,525,78,64
hard,random_error_oracle,1,52,7,658,198,460,0.902849143610013,0.7900407305216135,0.8191489361702128,0.7424242424242424,0.8521739130434782,0.11987083060948461,0.08696343081317791,147,392,68,51,0.5,1.0,1.4696048632218845,1.4696048632218845,0.21580547112462006,0.5864661654135338,0.1219047619047619,967,967,133,525,78,64
hard,random_error_oracle,1,53,0,658,198,460,0.8401570048309178,0.7503843466107617,0.7978723404255319,0.601010101010101,0.8826086956521739,0.13351674514795986,0.04525037642258839,119,406,54,79,0.5,,0.0,0.0,0.0,0.0,0.0,0,0,133,525,0,0
hard,random_error_oracle,1,53,1,658,198,460,0.8682202459376372,0.7796132929141546,0.8206686930091185,0.6464646464646465,0.8956521739130435,0.12701208510643142,0.06259394037345184,128,412,48,70,0.5,1.0,0.7112462006079028,0.7112462006079028,0.10790273556231003,0.3233082706766917,0.05333333333333334,468,468,133,525,43,28
hard,random_error_oracle,1,53,2,658,198,460,0.8906620553359683,0.7775285531686802,0.8130699088145896,0.6868686868686869,0.8673913043478261,0.12469658856105975,0.056508123216137615,136,399,61,62,0.5,1.0,1.1443768996960486,1.1443768996960486,0.1519756838905775,0.41353383458646614,0.08571428571428572,753,753,133,525,55,45
hard,random_error_oracle,1,53,3,658,198,460,0.8967830478700043,0.7730810917331756,0.8085106382978723,0.6868686868686869,0.8608695652173913,0.12234740135697815,0.08972064935427375,136,396,64,62,0.5,1.0,1.3632218844984803,1.3632218844984803,0.196048632218845,0.5112781954887218,0.11619047619047619,897,897,133,525,68,61
hard,random_error_oracle,1,53,4,658,198,460,0.9057476943346507,0.7939664852725231,0.8237082066869301,0.7373737373737373,0.8608695652173913,0.11804948458875437,0.0848890671657631,146,396,64,52,0.5,1.0,1.4437689969604863,1.4437689969604863,0.21124620060790272,0.5864661654135338,0.11619047619047619,950,950,133,525,78,61
hard,random_error_oracle,1,53,5,658,198,460,0.904177646025472,0.7900407305216135,0.8191489361702128,0.7424242424242424,0.8521739130434782,0.11907624319331622,0.0889801911639035,147,392,68,51,0.5,1.0,1.4635258358662615,1.4635258358662615,0.21580547112462006,0.5864661654135338,0.1219047619047619,963,963,133,525,78,64
hard,random_error_oracle,1,53,6,658,198,460,0.903343214756258,0.7900407305216135,0.8191489361702128,0.7424242424242424,0.8521739130434782,0.11957400574865812,0.0893951680729832,147,392,68,51,0.5,1.0,1.4680851063829787,1.4680851063829787,0.21580547112462006,0.5864661654135338,0.1219047619047619,966,966,133,525,78,64
hard,random_error_oracle,1,53,7,658,198,460,0.902849143610013,0.7900407305216135,0.8191489361702128,0.7424242424242424,0.8521739130434782,0.11987083060948461,0.08696343081317791,147,392,68,51,0.5,1.0,1.4696048632218845,1.4696048632218845,0.21580547112462006,0.5864661654135338,0.1219047619047619,967,967,133,525,78,64
hard,random_error_oracle,1,54,0,658,198,460,0.8401570048309178,0.7503843466107617,0.7978723404255319,0.601010101010101,0.8826086956521739,0.13351674514795986,0.04525037642258839,119,406,54,79,0.5,,0.0,0.0,0.0,0.0,0.0,0,0,133,525,0,0
hard,random_error_oracle,1,54,1,658,198,460,0.8613636363636362,0.7781027275947574,0.8191489361702128,0.6464646464646465,0.8934782608695652,0.13134172804613958,0.05366129744384201,128,411,49,70,0.5,1.0,0.7112462006079028,0.7112462006079028,0.1033434650455927,0.3082706766917293,0.05142857142857143,468,468,133,525,41,27
hard,random_error_oracle,1,54,2,658,198,460,0.8894378568291612,0.769479204300369,0.8054711246200608,0.6818181818181818,0.8586956521739131,0.1255390118486546,0.06771167245736759,135,395,65,63,0.5,1.0,1.1443768996960486,1.1443768996960486,0.1474164133738602,0.38345864661654133,0.08761904761904762,753,753,133,525,51,46
hard,random_error_oracle,1,54,3,658,198,460,0.902355072463768,0.7868618813164032,0.817629179331307,0.7272727272727273,0.8565217391304348,0.12047575572614774,0.08202307297050682,144,394,66,54,0.5,1.0,1.3632218844984803,1.3632218844984803,0.19908814589665655,0.5413533834586466,0.11238095238095239,897,897,133,525,72,59
hard,random_error_oracle,1,54,4,658,198,460,0.9078392621870883,0.7950640089354756,0.8237082066869301,0.7474747474747475,0.8565217391304348,0.1171117096014797,0.08433381761174923,148,394,66,50,0.5,1.0,1.4437689969604863,1.4437689969604863,0.21124620060790272,0.5864661654135338,0.11619047619047619,950,950,133,525,78,61
hard,random_error_oracle,1,54,5,658,198,460,0.9054183135704874,0.792077723148773,0.8206686930091185,0.7474747474747475,0.8521739130434782,0.11841812301172921,0.08892586294944353,148,392,68,50,0.5,1.0,1.4635258358662615,1.4635258358662615,0.21428571428571427,0.5864661654135338,0.12,963,963,133,525,78,63
hard,random_error_oracle,1,54,6,658,198,460,0.903343214756258,0.7900407305216135,0.8191489361702128,0.7424242424242424,0.8521739130434782,0.11957400574865812,0.0893951680729832,147,392,68,51,0.5,1.0,1.4680851063829787,1.4680851063829787,0.21580547112462006,0.5864661654135338,0.1219047619047619,966,966,133,525,78,64
hard,random_error_oracle,1,54,7,658,198,460,0.902849143610013,0.7900407305216135,0.8191489361702128,0.7424242424242424,0.8521739130434782,0.11987083060948461,0.08696343081317791,147,392,68,51,0.5,1.0,1.4696048632218845,1.4696048632218845,0.21580547112462006,0.5864661654135338,0.1219047619047619,967,967,133,525,78,64
hard,random_error_oracle,1,55,0,658,198,460,0.8401570048309178,0.7503843466107617,0.7978723404255319,0.601010101010101,0.8826086956521739,0.13351674514795986,0.04525037642258839,119,406,54,79,0.5,,0.0,0.0,0.0,0.0,0.0,0,0,133,525,0,0
hard,random_error_oracle,1,55,1,658,198,460,0.8726559068950374,0.7801956573610116,0.8191489361702128,0.6616161616161617,0.8869565217391304,0.12781087815571127,0.06317511055247567,131,408,52,67,0.5,1.0,0.7112462006079028,0.7112462006079028,0.11550151975683891,0.3383458646616541,0.05904761904761905,468,468,133,525,45,31
hard,random_error_oracle,1,55,2,658,198,460,0.8947463768115942,0.7805088507163553,0.8161094224924013,0.6868686868686869,0.8717391304347826,0.12226679859255599,0.06710805464295869,136,401,59,62,0.5,1.0,1.1443768996960486,1.1443768996960486,0.1641337386018237,0.45112781954887216,0.09142857142857143,753,753,133,525,60,48
hard,random_error_oracle,1,55,3,658,198,460,0.9061045234958278,0.7886824085262962,0.8206686930091185,0.7171717171717171,0.8652173913043478,0.11762750035597162,0.09259650252156511,142,398,62,56,0.5,1.0,1.3632218844984803,1.3632218844984803,0.20820668693009117,0.5714285714285714,0.11619047619047619,897,897,133,525,76,61
hard,random_error_oracle,1,55,4,658,198,460,0.9050065876152833,0.7950640089354756,0.8237082066869301,0.7474747474747475,0.8565217391304348,0.11864164882162649,0.08163339768725719,148,394,66,50,0.5,1.0,1.4437689969604863,1.4437689969604863,0.21428571428571427,0.5939849624060151,0.1180952380952381,950,950,133,525,79,62
hard,random_error_oracle,1,55,5,658,198,460,0.9037274923144487,0.7900407305216135,0.8191489361702128,0.7424242424242424,0.8521739130434782,0.11930345805574276,0.08954563373058742,147,392,68,51,0.5,1.0,1.4635258358662615,1.4635258358662615,0.21580547112462006,0.5864661654135338,0.1219047619047619,963,963,133,525,78,64
hard,random_error_oracle,1,55,6,658,198,460,0.903425559947299,0.7900407305216135,0.8191489361702128,0.7424242424242424,0.8521739130434782,0.11947267139077097,0.08721972865766618,147,392,68,51,0.5,1.0,1.4680851063829787,1.4680851063829787,0.21580547112462006,0.5864661654135338,0.1219047619047619,966,966,133,525,78,64
hard,random_error_oracle,1,55,7,658,198,460,0.902849143610013,0.7900407305216135,0.8191489361702128,0.7424242424242424,0.8521739130434782,0.11987083060948461,0.08696343081317791,147,392,68,51,0.5,1.0,1.4696048632218845,1.4696048632218845,0.21580547112462006,0.5864661654135338,0.1219047619047619,967,967,133,525,78,64
hard,random_error_oracle,1,56,0,658,198,460,0.8401570048309178,0.7503843466107617,0.7978723404255319,0.601010101010101,0.8826086956521739,0.13351674514795986,0.04525037642258839,119,406,54,79,0.5,,0.0,0.0,0.0,0.0,0.0,0,0,133,525,0,0
hard,random_error_oracle,1,56,1,658,198,460,0.8746541501976285,0.7832131402359183,0.8221884498480243,0.6616161616161617,0.8913043478260869,0.12728741069008842,0.0474334806107639,131,410,50,67,0.5,1.0,0.7112462006079028,0.7112462006079028,0.10638297872340426,0.3233082706766917,0.05142857142857143,468,468,133,525,43,27
hard,random_error_oracle,1,56,2,658,198,460,0.8857103645147124,0.768007805773977,0.8039513677811551,0.6818181818181818,0.8565217391304348,0.1277040159235565,0.05857876304020479,135,394,66,63,0.5,1.0,1.1443768996960486,1.1443768996960486,0.1580547112462006,0.40601503759398494,0.09523809523809523,753,753,133,525,54,50
hard,random_error_oracle,1,56,3,658,198,460,0.9038098375054896,0.7862826828344069,0.817629179331307,0.7222222222222222,0.8586956521739131,0.11922896588446487,0.07992439431771493,143,395,65,55,0.5,1.0,1.3632218844984803,1.3632218844984803,0.19300911854103345,0.5263157894736842,0.10857142857142857,897,897,133,525,70,57
hard,random_error_oracle,1,56,4,658,198,460,0.9039525691699604,0.7900407305216135,0.8191489361702128,0.7424242424242424,0.8521739130434782,0.11947237855544825,0.08041262911586163,147,392,68,51,0.5,1.0,1.4437689969604863,1.4437689969604863,0.20972644376899696,0.5714285714285714,0.1180952380952381,950,950,133,525,76,62
hard,random_error_oracle,1,56,5,658,198,460,0.9046113306982871,0.792077723148773,0.8206686930091185,0.7474747474747475,0.8521739130434782,0.1189015234181793,0.08840374983152532,148,392,68,50,0.5,1.0,1.4635258358662615,1.4635258358662615,0.21428571428571427,0.5864661654135338,0.12,963,963,133,525,78,63
hard,random_error_oracle,1,56,6,658,198,460,0.903343214756258,0.7900407305216135,0.8191489361702128,0.7424242424242424,0.8521739130434782,0.11957400574865812,0.0893951680729832,147,392,68,51,0.5,1.0,1.4680851063829787,1.4680851063829787,0.21580547112462006,0.5864661654135338,0.1219047619047619,966,966,133,525,78,64
hard,random_error_oracle,1,56,7,658,198,460,0.902849143610013,0.7900407305216135,0.8191489361702128,0.7424242424242424,0.8521739130434782,0.11987083060948461,0.08696343081317791,147,392,68,51,0.5,1.0,1.4696048632218845,1.4696048632218845,0.21580547112462006,0.5864661654135338,0.1219047619047619,967,967,133,525,78,64
hard,random_error_oracle,1,57,0,658,198,460,0.8401570048309178,0.7503843466107617,0.7978723404255319,0.601010101010101,0.8826086956521739,0.13351674514795986,0.04525037642258839,119,406,54,79,0.5,,0.0,0.0,0.0,0.0,0.0,0,0,133,525,0,0
hard,random_error_oracle,1,57,1,658,198,460,0.8657334211682037,0.7763775140676361,0.8145896656534954,0.6666666666666666,0.8782608695652174,0.13056958850650632,0.0599317768399584,132,404,56,66,0.5,1.0,0.7112462006079028,0.7112462006079028,0.11398176291793313,0.3233082706766917,0.06095238095238095,468,468,133,525,43,32
hard,random_error_oracle,1,57,2,658,198,460,0.8872255160298639,0.7658773168675622,0.8024316109422492,0.6767676767676768,0.8565217391304348,0.127005532781105,0.06430215388789041,134,394,66,64,0.5,1.0,1.1443768996960486,1.1443768996960486,0.16869300911854104,0.42857142857142855,0.10285714285714286,753,753,133,525,57,54
hard,random_error_oracle,1,57,3,658,198,460,0.9015645586297759,0.7815191003407471,0.8145896656534954,0.7070707070707071,0.8608695652173913,0.1203302061938656,0.08389317366532904,140,396,64,58,0.5,1.0,1.3632218844984803,1.3632218844984803,0.19300911854103345,0.518796992481203,0.11047619047619048,897,897,133,525,69,58
hard,random_error_oracle,1,57,4,658,198,460,0.9061374615722441,0.7965614119987633,0.8252279635258358,0.7474747474747475,0.8586956521739131,0.1181156137444487,0.0841658423426655,148,395,65,50,0.5,1.0,1.4437689969604863,1.4437689969604863,0.20972644376899696,0.5864661654135338,0.11428571428571428,950,950,133,525,78,60
hard,random_error_oracle,1,57,5,658,198,460,0.9035353535353535,0.7900407305216135,0.8191489361702128,0.7424242424242424,0.8521739130434782,0.11956383642046038,0.08708494607756286,147,392,68,51,0.5,1.0,1.4635258358662615,1.4635258358662615,0.21580547112462006,0.5864661654135338,0.1219047619047619,963,963,133,525,78,64
hard,random_error_oracle,1,57,6,658,198,460,0.903343214756258,0.7900407305216135,0.8191489361702128,0.7424242424242424,0.8521739130434782,0.11957400574865812,0.0893951680729832,147,392,68,51,0.5,1.0,1.4680851063829787,1.4680851063829787,0.21580547112462006,0.5864661654135338,0.1219047619047619,966,966,133,525,78,64
hard,random_error_oracle,1,57,7,658,198,460,0.902849143610013,0.7900407305216135,0.8191489361702128,0.7424242424242424,0.8521739130434782,0.11987083060948461,0.08696343081317791,147,392,68,51,0.5,1.0,1.4696048632218845,1.4696048632218845,0.21580547112462006,0.5864661654135338,0.1219047619047619,967,967,133,525,78,64
hard,random_error_oracle,1,58,0,658,198,460,0.8401570048309178,0.7503843466107617,0.7978723404255319,0.601010101010101,0.8826086956521739,0.13351674514795986,0.04525037642258839,119,406,54,79,0.5,,0.0,0.0,0.0,0.0,0.0,0,0,133,525,0,0
hard,random_error_oracle,1,58,1,658,198,460,0.8745772946859903,0.7773860731963189,0.8191489361702128,0.6414141414141414,0.8956521739130435,0.12679907678432445,0.05283078513062638,127,412,48,71,0.5,1.0,0.7112462006079028,0.7112462006079028,0.11550151975683891,0.3383458646616541,0.05904761904761905,468,468,133,525,45,31
hard,random_error_oracle,1,58,2,658,198,460,0.8979633289415897,0.779017144367244,0.8145896656534954,0.6868686868686869,0.8695652173913043,0.12096301238951213,0.06679724695069347,136,400,60,62,0.5,1.0,1.1443768996960486,1.1443768996960486,0.16261398176291794,0.44360902255639095,0.09142857142857143,753,753,133,525,59,48
hard,random_error_oracle,1,58,3,658,198,460,0.8984848484848484,0.7791587722622206,0.8115501519756839,0.7121212121212122,0.8543478260869565,0.1219631790215405,0.07904737926261403,141,393,67,57,0.5,1.0,1.3632218844984803,1.3632218844984803,0.196048632218845,0.518796992481203,0.11428571428571428,897,897,133,525,69,60
hard,random_error_oracle,1,58,4,658,198,460,0.9035463328941589,0.7924698689626728,0.8221884498480243,0.7373737373737373,0.8586956521739131,0.1193807885860589,0.0813856032061212,146,395,65,52,0.5,1.0,1.4437689969604863,1.4437689969604863,0.20972644376899696,0.5789473684210527,0.11619047619047619,950,950,133,525,77,61
hard,random_error_oracle,1,58,5,658,198,460,0.9043642951251646,0.792077723148773,0.8206686930091185,0.7474747474747475,0.8521739130434782,0.11897890077125169,0.08932311881793396,148,392,68,50,0.5,1.0,1.4635258358662615,1.4635258358662615,0.21428571428571427,0.5864661654135338,0.12,963,963,133,525,78,63
hard,random_error_oracle,1,58,6,658,198,460,0.9032938076416337,0.7900407305216135,0.8191489361702128,0.7424242424242424,0.8521739130434782,0.1196051084685608,0.08941601804018354,147,392,68,51,0.5,1.0,1.4680851063829787,1.4680851063829787,0.21580547112462006,0.5864661654135338,0.1219047619047619,966,966,133,525,78,64
hard,random_error_oracle,1,58,7,658,198,460,0.902849143610013,0.7900407305216135,0.8191489361702128,0.7424242424242424,0.8521739130434782,0.11987083060948461,0.08696343081317791,147,392,68,51,0.5,1.0,1.4696048632218845,1.4696048632218845,0.21580547112462006,0.5864661654135338,0.1219047619047619,967,967,133,525,78,64
hard,random_error_oracle,1,59,0,658,198,460,0.8401570048309178,0.7503843466107617,0.7978723404255319,0.601010101010101,0.8826086956521739,0.13351674514795986,0.04525037642258839,119,406,54,79,0.5,,0.0,0.0,0.0,0.0,0.0,0,0,133,525,0,0
hard,random_error_oracle,1,59,1,658,198,460,0.8661780851998244,0.7771919661721782,0.8161094224924013,0.6616161616161617,0.8826086956521739,0.13004103410940704,0.07212784234645687,131,406,54,67,0.5,1.0,0.7112462006079028,0.7112462006079028,0.10638297872340426,0.3082706766917293,0.05523809523809524,468,468,133,525,41,29
hard,random_error_oracle,1,59,2,658,198,460,0.8906236275801493,0.7724308300395257,0.8085106382978723,0.6818181818181818,0.8630434782608696,0.12551415248349007,0.06466276088007414,135,397,63,63,0.5,1.0,1.1443768996960486,1.1443768996960486,0.15653495440729484,0.41353383458646614,0.09142857142857143,753,753,133,525,55,48
hard,random_error_oracle,1,59,3,658,198,460,0.9013285024154589,0.7853748217477214,0.8161094224924013,0.7272727272727273,0.8543478260869565,0.12077460611121146,0.0774280617455283,144,393,67,54,0.5,1.0,1.3632218844984803,1.3632218844984803,0.2066869300911854,0.556390977443609,0.1180952380952381,897,897,133,525,74,62
hard,random_error_oracle,1,59,4,658,198,460,0.9025252525252525,0.7909761481720777,0.8206686930091185,0.7373737373737373,0.8565217391304348,0.11995250960122424,0.08095385182403944,146,394,66,52,0.5,1.0,1.4437689969604863,1.4437689969604863,0.21428571428571427,0.5864661654135338,0.12,950,950,133,525,78,63
hard,random_error_oracle,1,59,5,658,198,460,0.9032608695652173,0.7900407305216135,0.8191489361702128,0.7424242424242424,0.8521739130434782,0.11957949167273846,0.08718478363573713,147,392,68,51,0.5,1.0,1.4635258358662615,1.4635258358662615,0.21580547112462006,0.5864661654135338,0.1219047619047619,963,963,133,525,78,64
hard,random_error_oracle,1,59,6,658,198,460,0.9032938076416337,0.7900407305216135,0.8191489361702128,0.7424242424242424,0.8521739130434782,0.1196051084685608,0.08941601804018354,147,392,68,51,0.5,1.0,1.4680851063829787,1.4680851063829787,0.21580547112462006,0.5864661654135338,0.1219047619047619,966,966,133,525,78,64
hard,random_error_oracle,1,59,7,658,198,460,0.902849143610013,0.7900407305216135,0.8191489361702128,0.7424242424242424,0.8521739130434782,0.11987083060948461,0.08696343081317791,147,392,68,51,0.5,1.0,1.4696048632218845,1.4696048632218845,0.21580547112462006,0.5864661654135338,0.1219047619047619,967,967,133,525,78,64
hard,random_error_oracle,1,60,0,658,198,460,0.8401570048309178,0.7503843466107617,0.7978723404255319,0.601010101010101,0.8826086956521739,0.13351674514795986,0.04525037642258839,119,406,54,79,0.5,,0.0,0.0,0.0,0.0,0.0,0,0,133,525,0,0
hard,random_error_oracle,1,60,1,658,198,460,0.8691040843214755,0.7624204310582563,0.8069908814589666,0.6212121212121212,0.8869565217391304,0.13082805461369637,0.04427324125686376,123,408,52,75,0.5,1.0,0.7112462006079028,0.7112462006079028,0.11246200607902736,0.3007518796992481,0.06476190476190476,468,468,133,525,40,34
hard,random_error_oracle,1,60,2,658,198,460,0.8880270092226614,0.774560564407156,0.8100303951367781,0.6868686868686869,0.8630434782608696,0.1254323026047573,0.0610346823194425,136,397,63,62,0.5,1.0,1.1443768996960486,1.1443768996960486,0.16109422492401215,0.42857142857142855,0.09333333333333334,753,753,133,525,57,49
hard,random_error_oracle,1,60,3,658,198,460,0.9007685551163812,0.7862826828344069,0.817629179331307,0.7222222222222222,0.8586956521739131,0.12049543464554138,0.07976816184839232,143,395,65,55,0.5,1.0,1.3632218844984803,1.3632218844984803,0.196048632218845,0.5338345864661654,0.11047619047619048,897,897,133,525,71,58
hard,random_error_oracle,1,60,4,658,198,460,0.9033322353974527,0.7930233495987418,0.8221884498480243,0.7424242424242424,0.8565217391304348,0.11966677751222374,0.08446341950345962,147,394,66,51,0.5,1.0,1.4437689969604863,1.4437689969604863,0.20972644376899696,0.5789473684210527,0.11619047619047619,950,950,133,525,77,61
hard,random_error_oracle,1,60,5,658,198,460,0.9043093983311373,0.7915306297791906,0.8206686930091185,0.7424242424242424,0.8543478260869565,0.11890242574768,0.08714920086235417,147,393,67,51,0.5,1.0,1.4635258358662615,1.4635258358662615,0.21428571428571427,0.5864661654135338,0.12,963,963,133,525,78,63
hard,random_error_oracle,1,60,6,658,198,460,0.903425559947299,0.7900407305216135,0.8191489361702128,0.7424242424242424,0.8521739130434782,0.11947267139077097,0.08721972865766618,147,392,68,51,0.5,1.0,1.4680851063829787,1.4680851063829787,0.21580547112462006,0.5864661654135338,0.1219047619047619,966,966,133,525,78,64
hard,random_error_oracle,1,60,7,658,198,460,0.902849143610013,0.7900407305216135,0.8191489361702128,0.7424242424242424,0.8521739130434782,0.11987083060948461,0.08696343081317791,147,392,68,51,0.5,1.0,1.4696048632218845,1.4696048632218845,0.21580547112462006,0.5864661654135338,0.1219047619047619,967,967,133,525,78,64
hard,random_error_oracle,1,61,0,658,198,460,0.8401570048309178,0.7503843466107617,0.7978723404255319,0.601010101010101,0.8826086956521739,0.13351674514795986,0.04525037642258839,119,406,54,79,0.5,,0.0,0.0,0.0,0.0,0.0,0,0,133,525,0,0
hard,random_error_oracle,1,61,1,658,198,460,0.872403381642512,0.7773039564084341,0.817629179331307,0.6515151515151515,0.8891304347826087,0.12735836527030306,0.05644616727753707,129,409,51,69,0.5,1.0,0.7112462006079028,0.7112462006079028,0.11398176291793313,0.3308270676691729,0.05904761904761905,468,468,133,525,44,31
hard,random_error_oracle,1,61,2,658,198,460,0.8889767237593325,0.7773144104803493,0.8115501519756839,0.696969696969697,0.8608695652173913,0.12517974774399654,0.06048122015169977,138,396,64,60,0.5,1.0,1.1443768996960486,1.1443768996960486,0.16261398176291794,0.43609022556390975,0.09333333333333334,753,753,133,525,58,49
hard,random_error_oracle,1,61,3,658,198,460,0.9054677206851119,0.7889223453551972,0.8191489361702128,0.7323232323232324,0.8565217391304348,0.11854340995669593,0.08152891664951464,145,394,66,53,0.5,1.0,1.3632218844984803,1.3632218844984803,0.19756838905775076,0.5413533834586466,0.11047619047619048,897,897,133,525,72,58
hard,random_error_oracle,1,61,4,658,198,460,0.9051163812033376,0.7945189253217035,0.8237082066869301,0.7424242424242424,0.8586956521739131,0.11858521316283008,0.08128000573541082,147,395,65,51,0.5,1.0,1.4437689969604863,1.4437689969604863,0.21124620060790272,0.5864661654135338,0.11619047619047619,950,950,133,525,78,61
hard,random_error_oracle,1,61,5,658,198,460,0.9046168203776899,0.792077723148773,0.8206686930091185,0.7474747474747475,0.8521739130434782,0.11894077280766147,0.08811075081835733,148,392,68,50,0.5,1.0,1.4635258358662615,1.4635258358662615,0.21428571428571427,0.5864661654135338,0.12,963,963,133,525,78,63
hard,random_error_oracle,1,61,6,658,198,460,0.9028162055335966,0.7900407305216135,0.8191489361702128,0.7424242424242424,0.8521739130434782,0.11991755871682708,0.08693657277883937,147,392,68,51,0.5,1.0,1.4680851063829787,1.4680851063829787,0.21580547112462006,0.5864661654135338,0.1219047619047619,966,966,133,525,78,64
hard,random_error_oracle,1,61,7,658,198,460,0.902849143610013,0.7900407305216135,0.8191489361702128,0.7424242424242424,0.8521739130434782,0.11987083060948461,0.08696343081317791,147,392,68,51,0.5,1.0,1.4696048632218845,1.4696048632218845,0.21580547112462006,0.5864661654135338,0.1219047619047619,967,967,133,525,78,64
hard,random_error_oracle,1,62,0,658,198,460,0.8401570048309178,0.7503843466107617,0.7978723404255319,0.601010101010101,0.8826086956521739,0.13351674514795986,0.04525037642258839,119,406,54,79,0.5,,0.0,0.0,0.0,0.0,0.0,0,0,133,525,0,0
hard,random_error_oracle,1,62,1,658,198,460,0.8724802371541502,0.7860690381963519,0.8237082066869301,0.6717171717171717,0.8891304347826087,0.12933058161535943,0.047129700252467495,133,409,51,65,0.5,1.0,0.7112462006079028,0.7112462006079028,0.11702127659574468,0.3533834586466165,0.05714285714285714,468,468,133,525,47,30
hard,random_error_oracle,1,62,2,658,198,460,0.9014822134387351,0.7868796662274923,0.8206686930091185,0.702020202020202,0.8717391304347826,0.11943556939131493,0.08059729752362507,139,401,59,59,0.5,1.0,1.1443768996960486,1.1443768996960486,0.1534954407294833,0.43609022556390975,0.08190476190476191,753,753,133,525,58,43
hard,random_error_oracle,1,62,3,658,198,460,0.9019543258673693,0.7844638714666208,0.8145896656534954,0.7323232323232324,0.85,0.1204468660771075,0.0873839663075662,145,391,69,53,0.5,1.0,1.3632218844984803,1.3632218844984803,0.19300911854103345,0.518796992481203,0.11047619047619048,897,897,133,525,69,58
hard,random_error_oracle,1,62,4,658,198,460,0.904122749231445,0.7935694577397376,0.8221884498480243,0.7474747474747475,0.8543478260869565,0.11920278164994406,0.08049880003861978,148,393,67,50,0.5,1.0,1.4437689969604863,1.4437689969604863,0.2127659574468085,0.5864661654135338,0.1180952380952381,950,950,133,525,78,62
hard,random_error_oracle,1,62,5,658,198,460,0.9037988581466841,0.7900407305216135,0.8191489361702128,0.7424242424242424,0.8521739130434782,0.11932918224934587,0.08722061835787696,147,392,68,51,0.5,1.0,1.4635258358662615,1.4635258358662615,0.21580547112462006,0.5864661654135338,0.1219047619047619,963,963,133,525,78,64
hard,random_error_oracle,1,62,6,658,198,460,0.9030742204655247,0.7900407305216135,0.8191489361702128,0.7424242424242424,0.8521739130434782,0.1196958841894916,0.08947480524571556,147,392,68,51,0.5,1.0,1.4680851063829787,1.4680851063829787,0.21580547112462006,0.5864661654135338,0.1219047619047619,966,966,133,525,78,64
hard,random_error_oracle,1,62,7,658,198,460,0.902849143610013,0.7900407305216135,0.8191489361702128,0.7424242424242424,0.8521739130434782,0.11987083060948461,0.08696343081317791,147,392,68,51,0.5,1.0,1.4696048632218845,1.4696048632218845,0.21580547112462006,0.5864661654135338,0.1219047619047619,967,967,133,525,78,64
hard,random_error_oracle,1,63,0,658,198,460,0.8401570048309178,0.7503843466107617,0.7978723404255319,0.601010101010101,0.8826086956521739,0.13351674514795986,0.04525037642258839,119,406,54,79,0.5,,0.0,0.0,0.0,0.0,0.0,0,0,133,525,0,0
hard,random_error_oracle,1,63,1,658,198,460,0.8738965744400526,0.7793723175965666,0.817629179331307,0.6666666666666666,0.8826086956521739,0.1257344669356744,0.06628626543580697,132,406,54,66,0.5,1.0,0.7112462006079028,0.7112462006079028,0.11702127659574468,0.3383458646616541,0.06095238095238095,468,468,133,525,45,32
hard,random_error_oracle,1,63,2,658,198,460,0.8895531400966183,0.7666762874695914,0.8039513677811551,0.6717171717171717,0.8608695652173913,0.12493367206775537,0.0615757647055219,133,396,64,65,0.5,1.0,1.1443768996960486,1.1443768996960486,0.1641337386018237,0.42105263157894735,0.09904761904761905,753,753,133,525,56,52
hard,random_error_oracle,1,63,3,658,198,460,0.9053634167764602,0.7821239360778183,0.8145896656534954,0.7121212121212122,0.8586956521739131,0.11827717782131641,0.08963594065346589,141,395,65,57,0.5,1.0,1.3632218844984803,1.3632218844984803,0.196048632218845,0.5263157894736842,0.11238095238095239,897,897,133,525,70,59
hard,random_error_oracle,1,63,4,658,198,460,0.9034145805884934,0.7894852871987204,0.8191489361702128,0.7373737373737373,0.8543478260869565,0.11950921832706414,0.08076474602988241,146,393,67,52,0.5,1.0,1.4437689969604863,1.4437689969604863,0.20972644376899696,0.5714285714285714,0.1180952380952381,950,950,133,525,76,62
hard,random_error_oracle,1,63,5,658,198,460,0.9040623627580149,0.792077723148773,0.8206686930091185,0.7474747474747475,0.8521739130434782,0.1192776812720293,0.08585072766795238,148,392,68,50,0.5,1.0,1.4635258358662615,1.4635258358662615,0.21428571428571427,0.5864661654135338,0.12,963,963,133,525,78,63
hard,random_error_oracle,1,63,6,658,198,460,0.9024978041282388,0.7900407305216135,0.8191489361702128,0.7424242424242424,0.8521739130434782,0.1201558540818666,0.08680724632722099,147,392,68,51,0.5,1.0,1.4680851063829787,1.4680851063829787,0.21580547112462006,0.5864661654135338,0.1219047619047619,966,966,133,525,78,64
hard,random_error_oracle,1,63,7,658,198,460,0.902849143610013,0.7900407305216135,0.8191489361702128,0.7424242424242424,0.8521739130434782,0.11987083060948461,0.08696343081317791,147,392,68,51,0.5,1.0,1.4696048632218845,1.4696048632218845,0.21580547112462006,0.5864661654135338,0.1219047619047619,967,967,133,525,78,64
hard,random_error_oracle,1,64,0,658,198,460,0.8401570048309178,0.7503843466107617,0.7978723404255319,0.601010101010101,0.8826086956521739,0.13351674514795986,0.04525037642258839,119,406,54,79,0.5,,0.0,0.0,0.0,0.0,0.0,0,0,133,525,0,0
hard,random_error_oracle,1,64,1,658,198,460,0.8735397452788758,0.7788097840978748,0.8191489361702128,0.6515151515151515,0.8913043478260869,0.1271295543023928,0.06517601335669156,129,410,50,69,0.5,1.0,0.7112462006079028,0.7112462006079028,0.10638297872340426,0.3157894736842105,0.05333333333333334,468,468,133,525,42,28
hard,random_error_oracle,1,64,2,658,198,460,0.8888559508124726,0.7737227074235808,0.8085106382978723,0.6919191919191919,0.8586956521739131,0.1258371965511464,0.0626183805954461,137,395,65,61,0.5,1.0,1.1443768996960486,1.1443768996960486,0.1595744680851064,0.42105263157894735,0.09333333333333334,753,753,133,525,56,49
hard,random_error_oracle,1,64,3,658,198,460,0.8976394378568293,0.7747322509252944,0.8069908814589666,0.7121212121212122,0.8478260869565217,0.12258340259342304,0.07967166139646745,141,390,70,57,0.5,1.0,1.3632218844984803,1.3632218844984803,0.19148936170212766,0.49624060150375937,0.11428571428571428,897,897,133,525,66,60
hard,random_error_oracle,1,64,4,658,198,460,0.9041501976284584,0.7935694577397376,0.8221884498480243,0.7474747474747475,0.8543478260869565,0.11939946881069739,0.08027186163788896,148,393,67,50,0.5,1.0,1.4437689969604863,1.4437689969604863,0.2127659574468085,0.5864661654135338,0.1180952380952381,950,950,133,525,78,62
hard,random_error_oracle,1,64,5,658,198,460,0.9029205094422484,0.792077723148773,0.8206686930091185,0.7474747474747475,0.8521739130434782,0.11998893691545828,0.0852571353796329,148,392,68,50,0.5,1.0,1.4635258358662615,1.4635258358662615,0.21428571428571427,0.5864661654135338,0.12,963,963,133,525,78,63
hard,random_error_oracle,1,64,6,658,198,460,0.9024978041282388,0.7900407305216135,0.8191489361702128,0.7424242424242424,0.8521739130434782,0.1201558540818666,0.08680724632722099,147,392,68,51,0.5,1.0,1.4680851063829787,1.4680851063829787,0.21580547112462006,0.5864661654135338,0.1219047619047619,966,966,133,525,78,64
hard,random_error_oracle,1,64,7,658,198,460,0.902849143610013,0.7900407305216135,0.8191489361702128,0.7424242424242424,0.8521739130434782,0.11987083060948461,0.08696343081317791,147,392,68,51,0.5,1.0,1.4696048632218845,1.4696048632218845,0.21580547112462006,0.5864661654135338,0.1219047619047619,967,967,133,525,78,64
hard,random_error_oracle,1,65,0,658,198,460,0.8401570048309178,0.7503843466107617,0.7978723404255319,0.601010101010101,0.8826086956521739,0.13351674514795986,0.04525037642258839,119,406,54,79,0.5,,0.0,0.0,0.0,0.0,0.0,0,0,133,525,0,0
hard,random_error_oracle,1,65,1,658,198,460,0.8639273166447079,0.7676573362372635,0.8100303951367781,0.6363636363636364,0.8847826086956522,0.13040992695248213,0.06631442789844583,126,407,53,72,0.5,1.0,0.7112462006079028,0.7112462006079028,0.1094224924012158,0.3007518796992481,0.06095238095238095,468,468,133,525,40,32
hard,random_error_oracle,1,65,2,658,198,460,0.8861056214317083,0.7622754294347555,0.7993920972644377,0.6717171717171717,0.8543478260869565,0.12670226730485504,0.06132999853971753,133,393,67,65,0.5,1.0,1.1443768996960486,1.1443768996960486,0.1656534954407295,0.41353383458646614,0.10285714285714286,753,753,133,525,55,54
hard,random_error_oracle,1,65,3,658,198,460,0.9022727272727271,0.7871875501102085,0.8191489361702128,0.7171717171717171,0.8630434782608696,0.11937639412854947,0.07726514687779719,142,397,63,56,0.5,1.0,1.3632218844984803,1.3632218844984803,0.2006079027355623,0.5488721804511278,0.11238095238095239,897,897,133,525,73,59
hard,random_error_oracle,1,65,4,658,198,460,0.9047705314009662,0.7915306297791906,0.8206686930091185,0.7424242424242424,0.8543478260869565,0.11889904255616134,0.08434140954504872,147,393,67,51,0.5,1.0,1.4437689969604863,1.4437689969604863,0.21124620060790272,0.5789473684210527,0.1180952380952381,950,950,133,525,77,62
hard,random_error_oracle,1,65,5,658,198,460,0.9036122090469916,0.792077723148773,0.8206686930091185,0.7474747474747475,0.8521739130434782,0.1195500007583356,0.0889315502495048,148,392,68,50,0.5,1.0,1.4635258358662615,1.4635258358662615,0.21428571428571427,0.5864661654135338,0.12,963,963,133,525,78,63
hard,random_error_oracle,1,65,6,658,198,460,0.9024978041282388,0.7900407305216135,0.8191489361702128,0.7424242424242424,0.8521739130434782,0.1201558540818666,0.08680724632722099,147,392,68,51,0.5,1.0,1.4680851063829787,1.4680851063829787,0.21580547112462006,0.5864661654135338,0.1219047619047619,966,966,133,525,78,64
hard,random_error_oracle,1,65,7,658,198,460,0.902849143610013,0.7900407305216135,0.8191489361702128,0.7424242424242424,0.8521739130434782,0.11987083060948461,0.08696343081317791,147,392,68,51,0.5,1.0,1.4696048632218845,1.4696048632218845,0.21580547112462006,0.5864661654135338,0.1219047619047619,967,967,133,525,78,64
hard,random_error_oracle,1,66,0,658,198,460,0.8401570048309178,0.7503843466107617,0.7978723404255319,0.601010101010101,0.8826086956521739,0.13351674514795986,0.04525037642258839,119,406,54,79,0.5,,0.0,0.0,0.0,0.0,0.0,0,0,133,525,0,0
hard,random_error_oracle,1,66,1,658,198,460,0.8733476064997804,0.7796132929141546,0.8206686930091185,0.6464646464646465,0.8956521739130435,0.12740111900002557,0.060884068149658604,128,412,48,70,0.5,1.0,0.7112462006079028,0.7112462006079028,0.09878419452887538,0.3007518796992481,0.047619047619047616,468,468,133,525,40,25
hard,random_error_oracle,1,66,2,658,198,460,0.8935770750988142,0.7796552481335091,0.8145896656534954,0.6919191919191919,0.8673913043478261,0.12273740465413965,0.06335337164956595,137,399,61,61,0.5,1.0,1.1443768996960486,1.1443768996960486,0.15653495440729484,0.42857142857142855,0.08761904761904762,753,753,133,525,57,46
hard,random_error_oracle,1,66,3,658,198,460,0.9033212560386473,0.7862826828344069,0.817629179331307,0.7222222222222222,0.8586956521739131,0.11953059000507442,0.08590128338432686,143,395,65,55,0.5,1.0,1.3632218844984803,1.3632218844984803,0.20516717325227962,0.556390977443609,0.11619047619047619,897,897,133,525,74,61
hard,random_error_oracle,1,66,4,658,198,460,0.9072079490557751,0.7945189253217035,0.8237082066869301,0.7424242424242424,0.8586956521739131,0.11729149081948739,0.08439379444035755,147,395,65,51,0.5,1.0,1.4437689969604863,1.4437689969604863,0.20820668693009117,0.5789473684210527,0.11428571428571428,950,950,133,525,77,60
hard,random_error_oracle,1,66,5,658,198,460,0.9047979797979797,0.792077723148773,0.8206686930091185,0.7474747474747475,0.8521739130434782,0.11878981611503114,0.08929287486394452,148,392,68,50,0.5,1.0,1.4635258358662615,1.4635258358662615,0.21428571428571427,0.5864661654135338,0.12,963,963,133,525,78,63
hard,random_error_oracle,1,66,6,658,198,460,0.9032938076416337,0.7900407305216135,0.8191489361702128,0.7424242424242424,0.8521739130434782,0.1196051084685608,0.08941601804018354,147,392,68,51,0.5,1.0,1.4680851063829787,1.4680851063829787,0.21580547112462006,0.5864661654135338,0.1219047619047619,966,966,133,525,78,64
hard,random_error_oracle,1,66,7,658,198,460,0.902849143610013,0.7900407305216135,0.8191489361702128,0.7424242424242424,0.8521739130434782,0.11987083060948461,0.08696343081317791,147,392,68,51,0.5,1.0,1.4696048632218845,1.4696048632218845,0.21580547112462006,0.5864661654135338,0.1219047619047619,967,967,133,525,78,64
hard,random_error_oracle,1,67,0,658,198,460,0.8401570048309178,0.7503843466107617,0.7978723404255319,0.601010101010101,0.8826086956521739,0.13351674514795986,0.04525037642258839,119,406,54,79,0.5,,0.0,0.0,0.0,0.0,0.0,0,0,133,525,0,0
hard,random_error_oracle,1,67,1,658,198,460,0.8648111550285463,0.7773860731963189,0.8191489361702128,0.6414141414141414,0.8956521739130435,0.1304008124171456,0.04394004334397576,127,412,48,71,0.5,1.0,0.7112462006079028,0.7112462006079028,0.11246200607902736,0.3308270676691729,0.05714285714285714,468,468,133,525,44,30
hard,random_error_oracle,1,67,2,658,198,460,0.8853700043917436,0.7645264653093584,0.8024316109422492,0.6666666666666666,0.8608695652173913,0.12629371603035733,0.06515217140703726,132,396,64,66,0.5,1.0,1.1443768996960486,1.1443768996960486,0.15653495440729484,0.39849624060150374,0.09523809523809523,753,753,133,525,53,50
hard,random_error_oracle,1,67,3,658,198,460,0.8947244180939833,0.7678369810665278,0.8024316109422492,0.6919191919191919,0.85,0.12383723143354207,0.08050085785072726,137,391,69,61,0.5,1.0,1.3632218844984803,1.3632218844984803,0.196048632218845,0.49624060150375937,0.12,897,897,133,525,66,63
hard,random_error_oracle,1,67,4,658,198,460,0.904891304347826,0.7915306297791906,0.8206686930091185,0.7424242424242424,0.8543478260869565,0.11875606331552714,0.08006319463033212,147,393,67,51,0.5,1.0,1.4437689969604863,1.4437689969604863,0.21428571428571427,0.5864661654135338,0.12,950,950,133,525,78,63
hard,random_error_oracle,1,67,5,658,198,460,0.903623188405797,0.7915306297791906,0.8206686930091185,0.7424242424242424,0.8543478260869565,0.11929407132008935,0.08689046646710268,147,393,67,51,0.5,1.0,1.4635258358662615,1.4635258358662615,0.21428571428571427,0.5864661654135338,0.12,963,963,133,525,78,63
hard,random_error_oracle,1,67,6,658,198,460,0.9037659200702677,0.7900407305216135,0.8191489361702128,0.7424242424242424,0.8521739130434782,0.11935838593906917,0.08730577130177206,147,392,68,51,0.5,1.0,1.4680851063829787,1.4680851063829787,0.21580547112462006,0.5864661654135338,0.1219047619047619,966,966,133,525,78,64
hard,random_error_oracle,1,67,7,658,198,460,0.902849143610013,0.7900407305216135,0.8191489361702128,0.7424242424242424,0.8521739130434782,0.11987083060948461,0.08696343081317791,147,392,68,51,0.5,1.0,1.4696048632218845,1.4696048632218845,0.21580547112462006,0.5864661654135338,0.1219047619047619,967,967,133,525,78,64
hard,random_error_oracle,1,68,0,658,198,460,0.8401570048309178,0.7503843466107617,0.7978723404255319,0.601010101010101,0.8826086956521739,0.13351674514795986,0.04525037642258839,119,406,54,79,0.5,,0.0,0.0,0.0,0.0,0.0,0,0,133,525,0,0
hard,random_error_oracle,1,68,1,658,198,460,0.8768170838823013,0.7698807549553819,0.8115501519756839,0.6414141414141414,0.8847826086956522,0.12681099277851463,0.06466856898018405,127,407,53,71,0.5,1.0,0.7112462006079028,0.7112462006079028,0.09574468085106383,0.2706766917293233,0.05142857142857143,468,468,133,525,36,27
hard,random_error_oracle,1,68,2,658,198,460,0.8905961791831356,0.7766829791659824,0.8115501519756839,0.6919191919191919,0.8630434782608696,0.12502919147339106,0.0620478441849019,137,397,63,61,0.5,1.0,1.1443768996960486,1.1443768996960486,0.16261398176291794,0.43609022556390975,0.09333333333333334,753,753,133,525,58,49
hard,random_error_oracle,1,68,3,658,198,460,0.9015206411945542,0.7779374462479725,0.8115501519756839,0.702020202020202,0.8586956521739131,0.12019589561599384,0.08666723567689362,139,395,65,59,0.5,1.0,1.3632218844984803,1.3632218844984803,0.19300911854103345,0.5112781954887218,0.11238095238095239,897,897,133,525,68,59
hard,random_error_oracle,1,68,4,658,198,460,0.9055281071585419,0.7945189253217035,0.8237082066869301,0.7424242424242424,0.8586956521739131,0.11835295316812725,0.08361221313671248,147,395,65,51,0.5,1.0,1.4437689969604863,1.4437689969604863,0.21428571428571427,0.5939849624060151,0.1180952380952381,950,950,133,525,79,62
hard,random_error_oracle,1,68,5,658,198,460,0.9040623627580149,0.7900407305216135,0.8191489361702128,0.7424242424242424,0.8521739130434782,0.11911730881335177,0.08955110822759772,147,392,68,51,0.5,1.0,1.4635258358662615,1.4635258358662615,0.21580547112462006,0.5864661654135338,0.1219047619047619,963,963,133,525,78,64
hard,random_error_oracle,1,68,6,658,198,460,0.903425559947299,0.7900407305216135,0.8191489361702128,0.7424242424242424,0.8521739130434782,0.11947267139077097,0.08721972865766618,147,392,68,51,0.5,1.0,1.4680851063829787,1.4680851063829787,0.21580547112462006,0.5864661654135338,0.1219047619047619,966,966,133,525,78,64
hard,random_error_oracle,1,68,7,658,198,460,0.902849143610013,0.7900407305216135,0.8191489361702128,0.7424242424242424,0.8521739130434782,0.11987083060948461,0.08696343081317791,147,392,68,51,0.5,1.0,1.4696048632218845,1.4696048632218845,0.21580547112462006,0.5864661654135338,0.1219047619047619,967,967,133,525,78,64
hard,random_error_oracle,1,69,0,658,198,460,0.8401570048309178,0.7503843466107617,0.7978723404255319,0.601010101010101,0.8826086956521739,0.13351674514795986,0.04525037642258839,119,406,54,79,0.5,,0.0,0.0,0.0,0.0,0.0,0,0,133,525,0,0
hard,random_error_oracle,1,69,1,658,198,460,0.8666886253842775,0.7713748188574673,0.8130699088145896,0.6414141414141414,0.8869565217391304,0.13080515794464612,0.05922209068312698,127,408,52,71,0.5,1.0,0.7112462006079028,0.7112462006079028,0.10638297872340426,0.3007518796992481,0.05714285714285714,468,468,133,525,40,30
hard,random_error_oracle,1,69,2,658,198,460,0.8907663592446201,0.774560564407156,0.8100303951367781,0.6868686868686869,0.8630434782608696,0.12445981916122166,0.056674913642599876,136,397,63,62,0.5,1.0,1.1443768996960486,1.1443768996960486,0.1641337386018237,0.43609022556390975,0.09523809523809523,753,753,133,525,58,50
hard,random_error_oracle,1,69,3,658,198,460,0.9014822134387351,0.7827207275483138,0.8145896656534954,0.7171717171717171,0.8565217391304348,0.12020153374891719,0.07948193798772463,142,394,66,56,0.5,1.0,1.3632218844984803,1.3632218844984803,0.20516717325227962,0.5488721804511278,0.1180952380952381,897,897,133,525,73,62
hard,random_error_oracle,1,69,4,658,198,460,0.9056488801054018,0.7915306297791906,0.8206686930091185,0.7424242424242424,0.8543478260869565,0.1183869833670503,0.08077074536533177,147,393,67,51,0.5,1.0,1.4437689969604863,1.4437689969604863,0.21428571428571427,0.5864661654135338,0.12,950,950,133,525,78,63
hard,random_error_oracle,1,69,5,658,198,460,0.9030577514273166,0.7900407305216135,0.8191489361702128,0.7424242424242424,0.8521739130434782,0.11962503744738957,0.08772726068752598,147,392,68,51,0.5,1.0,1.4635258358662615,1.4635258358662615,0.21580547112462006,0.5864661654135338,0.1219047619047619,963,963,133,525,78,64
hard,random_error_oracle,1,69,6,658,198,460,0.9028162055335966,0.7900407305216135,0.8191489361702128,0.7424242424242424,0.8521739130434782,0.11991755871682708,0.08693657277883937,147,392,68,51,0.5,1.0,1.4680851063829787,1.4680851063829787,0.21580547112462006,0.5864661654135338,0.1219047619047619,966,966,133,525,78,64
hard,random_error_oracle,1,69,7,658,198,460,0.902849143610013,0.7900407305216135,0.8191489361702128,0.7424242424242424,0.8521739130434782,0.11987083060948461,0.08696343081317791,147,392,68,51,0.5,1.0,1.4696048632218845,1.4696048632218845,0.21580547112462006,0.5864661654135338,0.1219047619047619,967,967,133,525,78,64
hard,random_error_oracle,1,70,0,658,198,460,0.8401570048309178,0.7503843466107617,0.7978723404255319,0.601010101010101,0.8826086956521739,0.13351674514795986,0.04525037642258839,119,406,54,79,0.5,,0.0,0.0,0.0,0.0,0.0,0,0,133,525,0,0
hard,random_error_oracle,1,70,1,658,198,460,0.8775087834870443,0.7743733616719801,0.8161094224924013,0.6414141414141414,0.8913043478260869,0.1267044363799646,0.055888717458119165,127,410,50,71,0.5,1.0,0.7112462006079028,0.7112462006079028,0.1033434650455927,0.3007518796992481,0.05333333333333334,468,468,133,525,40,28
hard,random_error_oracle,1,70,2,658,198,460,0.8915294246815986,0.7823949185941954,0.8161094224924013,0.702020202020202,0.8652173913043478,0.12412013646414463,0.0659541722282312,139,398,62,59,0.5,1.0,1.1443768996960486,1.1443768996960486,0.1641337386018237,0.45112781954887216,0.09142857142857143,753,753,133,525,60,48
hard,random_error_oracle,1,70,3,658,198,460,0.9047650417215635,0.7868618813164032,0.817629179331307,0.7272727272727273,0.8565217391304348,0.1190452711485977,0.08821171963717735,144,394,66,54,0.5,1.0,1.3632218844984803,1.3632218844984803,0.19908814589665655,0.5413533834586466,0.11238095238095239,897,897,133,525,72,59
hard,random_error_oracle,1,70,4,658,198,460,0.9038976723759332,0.7915306297791906,0.8206686930091185,0.7424242424242424,0.8543478260869565,0.11942782340417168,0.08291375809136287,147,393,67,51,0.5,1.0,1.4437689969604863,1.4437689969604863,0.20820668693009117,0.5714285714285714,0.11619047619047619,950,950,133,525,76,61
hard,random_error_oracle,1,70,5,658,198,460,0.9036561264822133,0.792077723148773,0.8206686930091185,0.7474747474747475,0.8521739130434782,0.1194728265729507,0.08777382574185157,148,392,68,50,0.5,1.0,1.4635258358662615,1.4635258358662615,0.21428571428571427,0.5864661654135338,0.12,963,963,133,525,78,63
hard,random_error_oracle,1,70,6,658,198,460,0.9024978041282388,0.7900407305216135,0.8191489361702128,0.7424242424242424,0.8521739130434782,0.1201558540818666,0.08680724632722099,147,392,68,51,0.5,1.0,1.4680851063829787,1.4680851063829787,0.21580547112462006,0.5864661654135338,0.1219047619047619,966,966,133,525,78,64
hard,random_error_oracle,1,70,7,658,198,460,0.902849143610013,0.7900407305216135,0.8191489361702128,0.7424242424242424,0.8521739130434782,0.11987083060948461,0.08696343081317791,147,392,68,51,0.5,1.0,1.4696048632218845,1.4696048632218845,0.21580547112462006,0.5864661654135338,0.1219047619047619,967,967,133,525,78,64
hard,random_error_oracle,1,71,0,658,198,460,0.8401570048309178,0.7503843466107617,0.7978723404255319,0.601010101010101,0.8826086956521739,0.13351674514795986,0.04525037642258839,119,406,54,79,0.5,,0.0,0.0,0.0,0.0,0.0,0,0,133,525,0,0
hard,random_error_oracle,1,71,1,658,198,460,0.871096837944664,0.7691130854632475,0.8100303951367781,0.6464646464646465,0.8804347826086957,0.12929454793089618,0.058614393574875676,128,405,55,70,0.5,1.0,0.7112462006079028,0.7112462006079028,0.1094224924012158,0.3007518796992481,0.06095238095238095,468,468,133,525,40,32
hard,random_error_oracle,1,71,2,658,198,460,0.8916117698726395,0.7644110275689222,0.8009118541033434,0.6767676767676768,0.8543478260869565,0.12415222793564364,0.07377130617721381,134,393,67,64,0.5,1.0,1.1443768996960486,1.1443768996960486,0.16109422492401215,0.40601503759398494,0.09904761904761905,753,753,133,525,54,52
hard,random_error_oracle,1,71,3,658,198,460,0.905193236714976,0.7928391523362863,0.8237082066869301,0.7272727272727273,0.8652173913043478,0.11821785978300225,0.08595550659790298,144,398,62,54,0.5,1.0,1.3632218844984803,1.3632218844984803,0.19300911854103345,0.5413533834586466,0.10476190476190476,897,897,133,525,72,55
hard,random_error_oracle,1,71,4,658,198,460,0.9079874835309618,0.7965614119987633,0.8252279635258358,0.7474747474747475,0.8586956521739131,0.11709762402850116,0.08527448952710727,148,395,65,50,0.5,1.0,1.4437689969604863,1.4437689969604863,0.20972644376899696,0.5864661654135338,0.11428571428571428,950,950,133,525,78,60
hard,random_error_oracle,1,71,5,658,198,460,0.9048089591567853,0.792077723148773,0.8206686930091185,0.7474747474747475,0.8521739130434782,0.11884834299002532,0.08844338103615725,148,392,68,50,0.5,1.0,1.4635258358662615,1.4635258358662615,0.21428571428571427,0.5864661654135338,0.12,963,963,133,525,78,63
hard,random_error_oracle,1,71,6,658,198,460,0.903343214756258,0.7900407305216135,0.8191489361702128,0.7424242424242424,0.8521739130434782,0.11957400574865812,0.0893951680729832,147,392,68,51,0.5,1.0,1.4680851063829787,1.4680851063829787,0.21580547112462006,0.5864661654135338,0.1219047619047619,966,966,133,525,78,64
hard,random_error_oracle,1,71,7,658,198,460,0.902849143610013,0.7900407305216135,0.8191489361702128,0.7424242424242424,0.8521739130434782,0.11987083060948461,0.08696343081317791,147,392,68,51,0.5,1.0,1.4696048632218845,1.4696048632218845,0.21580547112462006,0.5864661654135338,0.1219047619047619,967,967,133,525,78,64
hard,random_error_oracle,1,72,0,658,198,460,0.8401570048309178,0.7503843466107617,0.7978723404255319,0.601010101010101,0.8826086956521739,0.13351674514795986,0.04525037642258839,119,406,54,79,0.5,,0.0,0.0,0.0,0.0,0.0,0,0,133,525,0,0
hard,random_error_oracle,1,72,1,658,198,460,0.8693675889328063,0.7875840386261878,0.8252279635258358,0.6717171717171717,0.8913043478260869,0.1269326329993205,0.054211002106078945,133,410,50,65,0.5,1.0,0.7112462006079028,0.7112462006079028,0.1094224924012158,0.3383458646616541,0.05142857142857143,468,468,133,525,45,27
hard,random_error_oracle,1,72,2,658,198,460,0.8842061923583664,0.7638373531230674,0.8024316109422492,0.6616161616161617,0.8630434782608696,0.12768030104943281,0.05775344729586876,131,397,63,67,0.5,1.0,1.1443768996960486,1.1443768996960486,0.15653495440729484,0.39849624060150374,0.09523809523809523,753,753,133,525,53,50
hard,random_error_oracle,1,72,3,658,198,460,0.8968873517786562,0.7785521973249956,0.8115501519756839,0.7070707070707071,0.8565217391304348,0.12294137353074377,0.08138125608491438,140,394,66,58,0.5,1.0,1.3632218844984803,1.3632218844984803,0.19300911854103345,0.5112781954887218,0.11238095238095239,897,897,133,525,68,59
hard,random_error_oracle,1,72,4,658,198,460,0.9034530083443126,0.7909761481720777,0.8206686930091185,0.7373737373737373,0.8565217391304348,0.11954539511627248,0.08303735152520418,146,394,66,52,0.5,1.0,1.4437689969604863,1.4437689969604863,0.20820668693009117,0.5714285714285714,0.11619047619047619,950,950,133,525,76,61
hard,random_error_oracle,1,72,5,658,198,460,0.9022452788757136,0.7900407305216135,0.8191489361702128,0.7424242424242424,0.8521739130434782,0.1202190630348178,0.0872135223691648,147,392,68,51,0.5,1.0,1.4635258358662615,1.4635258358662615,0.21580547112462006,0.5864661654135338,0.1219047619047619,963,963,133,525,78,64
hard,random_error_oracle,1,72,6,658,198,460,0.9024978041282388,0.7900407305216135,0.8191489361702128,0.7424242424242424,0.8521739130434782,0.1201558540818666,0.08680724632722099,147,392,68,51,0.5,1.0,1.4680851063829787,1.4680851063829787,0.21580547112462006,0.5864661654135338,0.1219047619047619,966,966,133,525,78,64
hard,random_error_oracle,1,72,7,658,198,460,0.902849143610013,0.7900407305216135,0.8191489361702128,0.7424242424242424,0.8521739130434782,0.11987083060948461,0.08696343081317791,147,392,68,51,0.5,1.0,1.4696048632218845,1.4696048632218845,0.21580547112462006,0.5864661654135338,0.1219047619047619,967,967,133,525,78,64
hard,random_error_oracle,1,73,0,658,198,460,0.8401570048309178,0.7503843466107617,0.7978723404255319,0.601010101010101,0.8826086956521739,0.13351674514795986,0.04525037642258839,119,406,54,79,0.5,,0.0,0.0,0.0,0.0,0.0,0,0,133,525,0,0
hard,random_error_oracle,1,73,1,658,198,460,0.8628732981993852,0.7780026990553306,0.817629179331307,0.6565656565656566,0.8869565217391304,0.13136841896524842,0.05489446200746011,130,408,52,68,0.5,1.0,0.7112462006079028,0.7112462006079028,0.10486322188449848,0.3082706766917293,0.05333333333333334,468,468,133,525,41,28
hard,random_error_oracle,1,73,2,658,198,460,0.8912714097496706,0.7658773168675622,0.8024316109422492,0.6767676767676768,0.8565217391304348,0.12471539230778969,0.07266252623957176,134,394,66,64,0.5,1.0,1.1443768996960486,1.1443768996960486,0.16261398176291794,0.41353383458646614,0.09904761904761905,753,753,133,525,55,52
hard,random_error_oracle,1,73,3,658,198,460,0.8963548528765919,0.7785521973249956,0.8115501519756839,0.7070707070707071,0.8565217391304348,0.12284344403690958,0.0856308770888979,140,394,66,58,0.5,1.0,1.3632218844984803,1.3632218844984803,0.19300911854103345,0.5112781954887218,0.11238095238095239,897,897,133,525,68,59
hard,random_error_oracle,1,73,4,658,198,460,0.90554457619675,0.7930233495987418,0.8221884498480243,0.7424242424242424,0.8565217391304348,0.11841624629339,0.08374029847098834,147,394,66,51,0.5,1.0,1.4437689969604863,1.4437689969604863,0.2066869300911854,0.5714285714285714,0.11428571428571428,950,950,133,525,76,60
hard,random_error_oracle,1,73,5,658,198,460,0.9051932367149758,0.7935694577397376,0.8221884498480243,0.7474747474747475,0.8543478260869565,0.1185374684075806,0.08980034484600295,148,393,67,50,0.5,1.0,1.4635258358662615,1.4635258358662615,0.2127659574468085,0.5864661654135338,0.1180952380952381,963,963,133,525,78,62
hard,random_error_oracle,1,73,6,658,198,460,0.9037659200702677,0.7900407305216135,0.8191489361702128,0.7424242424242424,0.8521739130434782,0.11935838593906917,0.08730577130177206,147,392,68,51,0.5,1.0,1.4680851063829787,1.4680851063829787,0.21580547112462006,0.5864661654135338,0.1219047619047619,966,966,133,525,78,64
hard,random_error_oracle,1,73,7,658,198,460,0.902849143610013,0.7900407305216135,0.8191489361702128,0.7424242424242424,0.8521739130434782,0.11987083060948461,0.08696343081317791,147,392,68,51,0.5,1.0,1.4696048632218845,1.4696048632218845,0.21580547112462006,0.5864661654135338,0.1219047619047619,967,967,133,525,78,64
hard,random_error_oracle,1,74,0,658,198,460,0.8401570048309178,0.7503843466107617,0.7978723404255319,0.601010101010101,0.8826086956521739,0.13351674514795986,0.04525037642258839,119,406,54,79,0.5,,0.0,0.0,0.0,0.0,0.0,0,0,133,525,0,0
hard,random_error_oracle,1,74,1,658,198,460,0.8729029424681599,0.7728723404255319,0.8145896656534954,0.6414141414141414,0.8891304347826087,0.12768289119911064,0.056476630261875146,127,409,51,71,0.5,1.0,0.7112462006079028,0.7112462006079028,0.10182370820668693,0.2932330827067669,0.05333333333333334,468,468,133,525,39,28
hard,random_error_oracle,1,74,2,658,198,460,0.8893115942028985,0.7686603164220596,0.8039513677811551,0.6868686868686869,0.8543478260869565,0.12534174010279386,0.06737519560162808,136,393,67,62,0.5,1.0,1.1443768996960486,1.1443768996960486,0.1580547112462006,0.40601503759398494,0.09523809523809523,753,753,133,525,54,50
hard,random_error_oracle,1,74,3,658,198,460,0.8982927097057531,0.7735062541502351,0.8069908814589666,0.702020202020202,0.8521739130434782,0.1220691996885325,0.08061060746084867,139,392,68,59,0.5,1.0,1.3632218844984803,1.3632218844984803,0.19148936170212766,0.49624060150375937,0.11428571428571428,897,897,133,525,66,60
hard,random_error_oracle,1,74,4,658,198,460,0.9067468159859464,0.7950640089354756,0.8237082066869301,0.7474747474747475,0.8565217391304348,0.11783966120989067,0.08528884808679982,148,394,66,50,0.5,1.0,1.4437689969604863,1.4437689969604863,0.21124620060790272,0.5864661654135338,0.11619047619047619,950,950,133,525,78,61
hard,random_error_oracle,1,74,5,658,198,460,0.903107158541941,0.7900407305216135,0.8191489361702128,0.7424242424242424,0.8521739130434782,0.11980260984543582,0.08925209497054656,147,392,68,51,0.5,1.0,1.4635258358662615,1.4635258358662615,0.21580547112462006,0.5864661654135338,0.1219047619047619,963,963,133,525,78,64
hard,random_error_oracle,1,74,6,658,198,460,0.9024978041282388,0.7900407305216135,0.8191489361702128,0.7424242424242424,0.8521739130434782,0.1201558540818666,0.08680724632722099,147,392,68,51,0.5,1.0,1.4680851063829787,1.4680851063829787,0.21580547112462006,0.5864661654135338,0.1219047619047619,966,966,133,525,78,64
hard,random_error_oracle,1,74,7,658,198,460,0.902849143610013,0.7900407305216135,0.8191489361702128,0.7424242424242424,0.8521739130434782,0.11987083060948461,0.08696343081317791,147,392,68,51,0.5,1.0,1.4696048632218845,1.4696048632218845,0.21580547112462006,0.5864661654135338,0.1219047619047619,967,967,133,525,78,64
hard,random_error_oracle,1,75,0,658,198,460,0.8401570048309178,0.7503843466107617,0.7978723404255319,0.601010101010101,0.8826086956521739,0.13351674514795986,0.04525037642258839,119,406,54,79,0.5,,0.0,0.0,0.0,0.0,0.0,0,0,133,525,0,0
hard,random_error_oracle,1,75,1,658,198,460,0.8616216512955642,0.7631871887510986,0.8039513677811551,0.6464646464646465,0.8717391304347826,0.13372945888938156,0.06303500896630133,128,401,59,70,0.5,1.0,0.7112462006079028,0.7112462006079028,0.11246200607902736,0.2932330827067669,0.06666666666666667,468,468,133,525,39,35
hard,random_error_oracle,1,75,2,658,198,460,0.8823945981554677,0.7606935035608824,0.7963525835866262,0.6818181818181818,0.8456521739130435,0.12999229095140502,0.056448068334202114,135,389,71,63,0.5,1.0,1.1443768996960486,1.1443768996960486,0.15653495440729484,0.38345864661654133,0.09904761904761905,753,753,133,525,51,52
hard,random_error_oracle,1,75,3,658,198,460,0.8976943346508565,0.7797572773602833,0.8115501519756839,0.7171717171717171,0.8521739130434782,0.12254041683984702,0.08298419017973115,142,392,68,56,0.5,1.0,1.3632218844984803,1.3632218844984803,0.19908814589665655,0.5263157894736842,0.11619047619047619,897,897,133,525,70,61
hard,random_error_oracle,1,75,4,658,198,460,0.9050889328063241,0.7915306297791906,0.8206686930091185,0.7424242424242424,0.8543478260869565,0.11871764257045143,0.08039865792188759,147,393,67,51,0.5,1.0,1.4437689969604863,1.4437689969604863,0.21124620060790272,0.5789473684210527,0.1180952380952381,950,950,133,525,77,62
hard,random_error_oracle,1,75,5,658,198,460,0.9034255599472989,0.7900407305216135,0.8191489361702128,0.7424242424242424,0.8521739130434782,0.11959176745286206,0.08706393942188671,147,392,68,51,0.5,1.0,1.4635258358662615,1.4635258358662615,0.21580547112462006,0.5864661654135338,0.1219047619047619,963,963,133,525,78,64
hard,random_error_oracle,1,75,6,658,198,460,0.903343214756258,0.7900407305216135,0.8191489361702128,0.7424242424242424,0.8521739130434782,0.11957400574865812,0.0893951680729832,147,392,68,51,0.5,1.0,1.4680851063829787,1.4680851063829787,0.21580547112462006,0.5864661654135338,0.1219047619047619,966,966,133,525,78,64
hard,random_error_oracle,1,75,7,658,198,460,0.902849143610013,0.7900407305216135,0.8191489361702128,0.7424242424242424,0.8521739130434782,0.11987083060948461,0.08696343081317791,147,392,68,51,0.5,1.0,1.4696048632218845,1.4696048632218845,0.21580547112462006,0.5864661654135338,0.1219047619047619,967,967,133,525,78,64
hard,random_error_oracle,1,76,0,658,198,460,0.8401570048309178,0.7503843466107617,0.7978723404255319,0.601010101010101,0.8826086956521739,0.13351674514795986,0.04525037642258839,119,406,54,79,0.5,,0.0,0.0,0.0,0.0,0.0,0,0,133,525,0,0
hard,random_error_oracle,1,76,1,658,198,460,0.8785408432147561,0.7803191489361703,0.8206686930091185,0.6515151515151515,0.8934782608695652,0.12636866617499648,0.05232512797934208,129,411,49,69,0.5,1.0,0.7112462006079028,0.7112462006079028,0.10790273556231003,0.3233082706766917,0.05333333333333334,468,468,133,525,43,28
hard,random_error_oracle,1,76,2,658,198,460,0.8937033377250769,0.7851007544335217,0.817629179331307,0.7121212121212122,0.8630434782608696,0.12332025651608208,0.06380706000089446,141,397,63,57,0.5,1.0,1.1443768996960486,1.1443768996960486,0.1534954407294833,0.42857142857142855,0.0838095238095238,753,753,133,525,57,44
hard,random_error_oracle,1,76,3,658,198,460,0.9017896354852877,0.7842067460801453,0.8161094224924013,0.7171717171717171,0.8586956521739131,0.11987657311858663,0.08315855492768623,142,395,65,56,0.5,1.0,1.3632218844984803,1.3632218844984803,0.2006079027355623,0.5413533834586466,0.11428571428571428,897,897,133,525,72,60
hard,random_error_oracle,1,76,4,658,198,460,0.9071036451471234,0.7915306297791906,0.8206686930091185,0.7424242424242424,0.8543478260869565,0.11752138963208603,0.08452626511162287,147,393,67,51,0.5,1.0,1.4437689969604863,1.4437689969604863,0.20820668693009117,0.5714285714285714,0.11619047619047619,950,950,133,525,76,61
hard,random_error_oracle,1,76,5,658,198,460,0.9055281071585418,0.7935694577397376,0.8221884498480243,0.7474747474747475,0.8543478260869565,0.118304263839104,0.08669341560416446,148,393,67,50,0.5,1.0,1.4635258358662615,1.4635258358662615,0.2127659574468085,0.5864661654135338,0.1180952380952381,963,963,133,525,78,62
hard,random_error_oracle,1,76,6,658,198,460,0.903343214756258,0.7900407305216135,0.8191489361702128,0.7424242424242424,0.8521739130434782,0.11957400574865812,0.0893951680729832,147,392,68,51,0.5,1.0,1.4680851063829787,1.4680851063829787,0.21580547112462006,0.5864661654135338,0.1219047619047619,966,966,133,525,78,64
hard,random_error_oracle,1,76,7,658,198,460,0.902849143610013,0.7900407305216135,0.8191489361702128,0.7424242424242424,0.8521739130434782,0.11987083060948461,0.08696343081317791,147,392,68,51,0.5,1.0,1.4696048632218845,1.4696048632218845,0.21580547112462006,0.5864661654135338,0.1219047619047619,967,967,133,525,78,64
hard,random_error_oracle,1,77,0,658,198,460,0.8401570048309178,0.7503843466107617,0.7978723404255319,0.601010101010101,0.8826086956521739,0.13351674514795986,0.04525037642258839,119,406,54,79,0.5,,0.0,0.0,0.0,0.0,0.0,0,0,133,525,0,0
hard,random_error_oracle,1,77,1,658,198,460,0.8662659200702679,0.7654188948306595,0.8069908814589666,0.6414141414141414,0.8782608695652174,0.1313011822267424,0.061986296688710675,127,404,56,71,0.5,1.0,0.7112462006079028,0.7112462006079028,0.11246200607902736,0.3007518796992481,0.06476190476190476,468,468,133,525,40,34
hard,random_error_oracle,1,77,2,658,198,460,0.8979797979797979,0.7732529449549125,0.8100303951367781,0.6767676767676768,0.8673913043478261,0.12127937698848805,0.07350322624718549,134,399,61,64,0.5,1.0,1.1443768996960486,1.1443768996960486,0.15501519756838905,0.41353383458646614,0.08952380952380952,753,753,133,525,55,47
hard,random_error_oracle,1,77,3,658,198,460,0.9072408871321914,0.7934065934065935,0.8237082066869301,0.7323232323232324,0.8630434782608696,0.11702593316455988,0.08947085794148589,145,397,63,53,0.5,1.0,1.3632218844984803,1.3632218844984803,0.19300911854103345,0.5413533834586466,0.10476190476190476,897,897,133,525,72,55
hard,random_error_oracle,1,77,4,658,198,460,0.9061484409310495,0.7930233495987418,0.8221884498480243,0.7424242424242424,0.8565217391304348,0.11803035742133995,0.07944482268776737,147,394,66,51,0.5,1.0,1.4437689969604863,1.4437689969604863,0.2127659574468085,0.5864661654135338,0.1180952380952381,950,950,133,525,78,62
hard,random_error_oracle,1,77,5,658,198,460,0.9050779534475186,0.792077723148773,0.8206686930091185,0.7474747474747475,0.8521739130434782,0.1186809185174028,0.0878690830516883,148,392,68,50,0.5,1.0,1.4635258358662615,1.4635258358662615,0.21428571428571427,0.5864661654135338,0.12,963,963,133,525,78,63
hard,random_error_oracle,1,77,6,658,198,460,0.903425559947299,0.7900407305216135,0.8191489361702128,0.7424242424242424,0.8521739130434782,0.11947267139077097,0.08721972865766618,147,392,68,51,0.5,1.0,1.4680851063829787,1.4680851063829787,0.21580547112462006,0.5864661654135338,0.1219047619047619,966,966,133,525,78,64
hard,random_error_oracle,1,77,7,658,198,460,0.902849143610013,0.7900407305216135,0.8191489361702128,0.7424242424242424,0.8521739130434782,0.11987083060948461,0.08696343081317791,147,392,68,51,0.5,1.0,1.4696048632218845,1.4696048632218845,0.21580547112462006,0.5864661654135338,0.1219047619047619,967,967,133,525,78,64
hard,random_error_oracle,1,78,0,658,198,460,0.8401570048309178,0.7503843466107617,0.7978723404255319,0.601010101010101,0.8826086956521739,0.13351674514795986,0.04525037642258839,119,406,54,79,0.5,,0.0,0.0,0.0,0.0,0.0,0,0,133,525,0,0
hard,random_error_oracle,1,78,1,658,198,460,0.8686100131752306,0.7729060596985124,0.8161094224924013,0.6313131313131313,0.8956521739130435,0.12961973408662608,0.05903628097380667,125,412,48,73,0.5,1.0,0.7112462006079028,0.7112462006079028,0.1033434650455927,0.3007518796992481,0.05333333333333334,468,468,133,525,40,28
hard,random_error_oracle,1,78,2,658,198,460,0.8866765480895916,0.7666762874695914,0.8039513677811551,0.6717171717171717,0.8608695652173913,0.12668446214827928,0.0597782465899318,133,396,64,65,0.5,1.0,1.1443768996960486,1.1443768996960486,0.1580547112462006,0.40601503759398494,0.09523809523809523,753,753,133,525,54,50
hard,random_error_oracle,1,78,3,658,198,460,0.9038372859025031,0.7862826828344069,0.817629179331307,0.7222222222222222,0.8586956521739131,0.11936256989643713,0.08791106270623537,143,395,65,55,0.5,1.0,1.3632218844984803,1.3632218844984803,0.19908814589665655,0.5413533834586466,0.11238095238095239,897,897,133,525,72,59
hard,random_error_oracle,1,78,4,658,198,460,0.9073342116820377,0.7954660330897955,0.8252279635258358,0.7373737373737373,0.8630434782608696,0.11703592684781697,0.08684732209140354,146,397,63,52,0.5,1.0,1.4437689969604863,1.4437689969604863,0.20972644376899696,0.5864661654135338,0.11428571428571428,950,950,133,525,78,60
hard,random_error_oracle,1,78,5,658,198,460,0.9026240667545015,0.7900407305216135,0.8191489361702128,0.7424242424242424,0.8521739130434782,0.11998529504189973,0.08514753657043699,147,392,68,51,0.5,1.0,1.4635258358662615,1.4635258358662615,0.21580547112462006,0.5864661654135338,0.1219047619047619,963,963,133,525,78,64
hard,random_error_oracle,1,78,6,658,198,460,0.9032938076416337,0.7900407305216135,0.8191489361702128,0.7424242424242424,0.8521739130434782,0.1196051084685608,0.08941601804018354,147,392,68,51,0.5,1.0,1.4680851063829787,1.4680851063829787,0.21580547112462006,0.5864661654135338,0.1219047619047619,966,966,133,525,78,64
hard,random_error_oracle,1,78,7,658,198,460,0.902849143610013,0.7900407305216135,0.8191489361702128,0.7424242424242424,0.8521739130434782,0.11987083060948461,0.08696343081317791,147,392,68,51,0.5,1.0,1.4696048632218845,1.4696048632218845,0.21580547112462006,0.5864661654135338,0.1219047619047619,967,967,133,525,78,64
hard,random_error_oracle,1,79,0,658,198,460,0.8401570048309178,0.7503843466107617,0.7978723404255319,0.601010101010101,0.8826086956521739,0.13351674514795986,0.04525037642258839,119,406,54,79,0.5,,0.0,0.0,0.0,0.0,0.0,0,0,133,525,0,0
hard,random_error_oracle,1,79,1,658,198,460,0.8691809398331137,0.7765957446808511,0.817629179331307,0.6464646464646465,0.8913043478260869,0.12977841321038303,0.061344698315006684,128,410,50,70,0.5,1.0,0.7112462006079028,0.7112462006079028,0.09878419452887538,0.2932330827067669,0.049523809523809526,468,468,133,525,39,26
hard,random_error_oracle,1,79,2,658,198,460,0.8948012736056215,0.7823949185941954,0.8161094224924013,0.702020202020202,0.8652173913043478,0.12272521293581712,0.06621802951172716,139,398,62,59,0.5,1.0,1.1443768996960486,1.1443768996960486,0.1519756838905775,0.42105263157894735,0.0838095238095238,753,753,133,525,56,44
hard,random_error_oracle,1,79,3,658,198,460,0.9046662274923144,0.7821239360778183,0.8145896656534954,0.7121212121212122,0.8586956521739131,0.11879592455256968,0.08702526470507309,141,395,65,57,0.5,1.0,1.3632218844984803,1.3632218844984803,0.196048632218845,0.5263157894736842,0.11238095238095239,897,897,133,525,70,59
hard,random_error_oracle,1,79,4,658,198,460,0.9064888010540184,0.7950640089354756,0.8237082066869301,0.7474747474747475,0.8565217391304348,0.11791546111256569,0.08278031369798676,148,394,66,50,0.5,1.0,1.4437689969604863,1.4437689969604863,0.21124620060790272,0.5864661654135338,0.11619047619047619,950,950,133,525,78,61
hard,random_error_oracle,1,79,5,658,198,460,0.9053085199824329,0.7935694577397376,0.8221884498480243,0.7474747474747475,0.8543478260869565,0.11846713146411587,0.09093321454142199,148,393,67,50,0.5,1.0,1.4635258358662615,1.4635258358662615,0.2127659574468085,0.5864661654135338,0.1180952380952381,963,963,133,525,78,62
hard,random_error_oracle,1,79,6,658,198,460,0.9037659200702677,0.7900407305216135,0.8191489361702128,0.7424242424242424,0.8521739130434782,0.11935838593906917,0.08730577130177206,147,392,68,51,0.5,1.0,1.4680851063829787,1.4680851063829787,0.21580547112462006,0.5864661654135338,0.1219047619047619,966,966,133,525,78,64
hard,random_error_oracle,1,79,7,658,198,460,0.902849143610013,0.7900407305216135,0.8191489361702128,0.7424242424242424,0.8521739130434782,0.11987083060948461,0.08696343081317791,147,392,68,51,0.5,1.0,1.4696048632218845,1.4696048632218845,0.21580547112462006,0.5864661654135338,0.1219047619047619,967,967,133,525,78,64
hard,random_error_oracle,1,80,0,658,198,460,0.8401570048309178,0.7503843466107617,0.7978723404255319,0.601010101010101,0.8826086956521739,0.13351674514795986,0.04525037642258839,119,406,54,79,0.5,,0.0,0.0,0.0,0.0,0.0,0,0,133,525,0,0
hard,random_error_oracle,1,80,1,658,198,460,0.8717610891523935,0.775092301477671,0.8161094224924013,0.6464646464646465,0.8891304347826087,0.12804792005354687,0.05704621586424441,128,409,51,70,0.5,1.0,0.7112462006079028,0.7112462006079028,0.1094224924012158,0.3157894736842105,0.05714285714285714,468,468,133,525,42,30
hard,random_error_oracle,1,80,2,658,198,460,0.8892127799736494,0.7716045839790315,0.8069908814589666,0.6868686868686869,0.8586956521739131,0.12554795721487716,0.060058425777209774,136,395,65,62,0.5,1.0,1.1443768996960486,1.1443768996960486,0.16109422492401215,0.42105263157894735,0.09523809523809523,753,753,133,525,56,50
hard,random_error_oracle,1,80,3,658,198,460,0.8981554677206851,0.7762049753822233,0.8085106382978723,0.7121212121212122,0.85,0.12246518410645385,0.08212062553186768,141,391,69,57,0.5,1.0,1.3632218844984803,1.3632218844984803,0.19908814589665655,0.518796992481203,0.1180952380952381,897,897,133,525,69,62
hard,random_error_oracle,1,80,4,658,198,460,0.9023276240667545,0.792077723148773,0.8206686930091185,0.7474747474747475,0.8521739130434782,0.12031019042103148,0.08218595082755129,148,392,68,50,0.5,1.0,1.4437689969604863,1.4437689969604863,0.21428571428571427,0.5864661654135338,0.12,950,950,133,525,78,63
hard,random_error_oracle,1,80,5,658,198,460,0.9034036012296881,0.792077723148773,0.8206686930091185,0.7474747474747475,0.8521739130434782,0.11972011524709592,0.08894998318509452,148,392,68,50,0.5,1.0,1.4635258358662615,1.4635258358662615,0.21428571428571427,0.5864661654135338,0.12,963,963,133,525,78,63
hard,random_error_oracle,1,80,6,658,198,460,0.9028162055335966,0.7900407305216135,0.8191489361702128,0.7424242424242424,0.8521739130434782,0.11991755871682708,0.08693657277883937,147,392,68,51,0.5,1.0,1.4680851063829787,1.4680851063829787,0.21580547112462006,0.5864661654135338,0.1219047619047619,966,966,133,525,78,64
hard,random_error_oracle,1,80,7,658,198,460,0.902849143610013,0.7900407305216135,0.8191489361702128,0.7424242424242424,0.8521739130434782,0.11987083060948461,0.08696343081317791,147,392,68,51,0.5,1.0,1.4696048632218845,1.4696048632218845,0.21580547112462006,0.5864661654135338,0.1219047619047619,967,967,133,525,78,64
hard,random_error_oracle,1,81,0,658,198,460,0.8401570048309178,0.7503843466107617,0.7978723404255319,0.601010101010101,0.8826086956521739,0.13351674514795986,0.04525037642258839,119,406,54,79,0.5,,0.0,0.0,0.0,0.0,0.0,0,0,133,525,0,0
hard,random_error_oracle,1,81,1,658,198,460,0.8763504611330699,0.7773860731963189,0.8191489361702128,0.6414141414141414,0.8956521739130435,0.12688209619791796,0.048567525231236065,127,412,48,71,0.5,1.0,0.7112462006079028,0.7112462006079028,0.0972644376899696,0.2932330827067669,0.047619047619047616,468,468,133,525,39,25
hard,random_error_oracle,1,81,2,658,198,460,0.8881642512077295,0.7739111312689839,0.8100303951367781,0.6818181818181818,0.8652173913043478,0.12570855685855567,0.06651299986980899,135,398,62,63,0.5,1.0,1.1443768996960486,1.1443768996960486,0.15501519756838905,0.41353383458646614,0.08952380952380952,753,753,133,525,55,47
hard,random_error_oracle,1,81,3,658,198,460,0.8994729907773386,0.7785521973249956,0.8115501519756839,0.7070707070707071,0.8565217391304348,0.1209970955833033,0.08289771135270521,140,394,66,58,0.5,1.0,1.3632218844984803,1.3632218844984803,0.1899696048632219,0.5037593984962406,0.11047619047619048,897,897,133,525,67,58
hard,random_error_oracle,1,81,4,658,198,460,0.9040458937198067,0.7909761481720777,0.8206686930091185,0.7373737373737373,0.8565217391304348,0.11912954164217258,0.08257403127705684,146,394,66,52,0.5,1.0,1.4437689969604863,1.4437689969604863,0.21124620060790272,0.5789473684210527,0.1180952380952381,950,950,133,525,77,62
hard,random_error_oracle,1,81,5,658,198,460,0.9037549407114623,0.792077723148773,0.8206686930091185,0.7474747474747475,0.8521739130434782,0.11948227739740314,0.08557646869668412,148,392,68,50,0.5,1.0,1.4635258358662615,1.4635258358662615,0.21428571428571427,0.5864661654135338,0.12,963,963,133,525,78,63
hard,random_error_oracle,1,81,6,658,198,460,0.9032938076416337,0.7900407305216135,0.8191489361702128,0.7424242424242424,0.8521739130434782,0.1196051084685608,0.08941601804018354,147,392,68,51,0.5,1.0,1.4680851063829787,1.4680851063829787,0.21580547112462006,0.5864661654135338,0.1219047619047619,966,966,133,525,78,64
hard,random_error_oracle,1,81,7,658,198,460,0.902849143610013,0.7900407305216135,0.8191489361702128,0.7424242424242424,0.8521739130434782,0.11987083060948461,0.08696343081317791,147,392,68,51,0.5,1.0,1.4696048632218845,1.4696048632218845,0.21580547112462006,0.5864661654135338,0.1219047619047619,967,967,133,525,78,64
hard,random_error_oracle,1,82,0,658,198,460,0.8401570048309178,0.7503843466107617,0.7978723404255319,0.601010101010101,0.8826086956521739,0.13351674514795986,0.04525037642258839,119,406,54,79,0.5,,0.0,0.0,0.0,0.0,0.0,0,0,133,525,0,0
hard,random_error_oracle,1,82,1,658,198,460,0.8684727711901624,0.772157404784185,0.8161094224924013,0.6262626262626263,0.8978260869565218,0.12887404174997702,0.0587858950981204,124,413,47,74,0.5,1.0,0.7112462006079028,0.7112462006079028,0.11854103343465046,0.3383458646616541,0.06285714285714286,468,468,133,525,45,33
hard,random_error_oracle,1,82,2,658,198,460,0.8905083443126921,0.7686603164220596,0.8039513677811551,0.6868686868686869,0.8543478260869565,0.125495985193836,0.07020562206227728,136,393,67,62,0.5,1.0,1.1443768996960486,1.1443768996960486,0.16717325227963525,0.42857142857142855,0.10095238095238095,753,753,133,525,57,53
hard,random_error_oracle,1,82,3,658,198,460,0.8992314448836187,0.7711847273178187,0.8039513677811551,0.7070707070707071,0.8456521739130435,0.12177801886750349,0.09522055422910058,140,389,71,58,0.5,1.0,1.3632218844984803,1.3632218844984803,0.20364741641337386,0.518796992481203,0.12380952380952381,897,897,133,525,69,65
hard,random_error_oracle,1,82,4,658,198,460,0.9033102766798419,0.7894852871987204,0.8191489361702128,0.7373737373737373,0.8543478260869565,0.11949456823359626,0.08296410373350234,146,393,67,52,0.5,1.0,1.4437689969604863,1.4437689969604863,0.2127659574468085,0.5789473684210527,0.12,950,950,133,525,77,63
hard,random_error_oracle,1,82,5,658,198,460,0.9037055335968378,0.792077723148773,0.8206686930091185,0.7474747474747475,0.8521739130434782,0.11950238918668048,0.08803140110528195,148,392,68,50,0.5,1.0,1.4635258358662615,1.4635258358662615,0.21428571428571427,0.5864661654135338,0.12,963,963,133,525,78,63
hard,random_error_oracle,1,82,6,658,198,460,0.9024978041282388,0.7900407305216135,0.8191489361702128,0.7424242424242424,0.8521739130434782,0.1201558540818666,0.08680724632722099,147,392,68,51,0.5,1.0,1.4680851063829787,1.4680851063829787,0.21580547112462006,0.5864661654135338,0.1219047619047619,966,966,133,525,78,64
hard,random_error_oracle,1,82,7,658,198,460,0.902849143610013,0.7900407305216135,0.8191489361702128,0.7424242424242424,0.8521739130434782,0.11987083060948461,0.08696343081317791,147,392,68,51,0.5,1.0,1.4696048632218845,1.4696048632218845,0.21580547112462006,0.5864661654135338,0.1219047619047619,967,967,133,525,78,64
hard,random_error_oracle,1,83,0,658,198,460,0.8401570048309178,0.7503843466107617,0.7978723404255319,0.601010101010101,0.8826086956521739,0.13351674514795986,0.04525037642258839,119,406,54,79,0.5,,0.0,0.0,0.0,0.0,0.0,0,0,133,525,0,0
hard,random_error_oracle,1,83,1,658,198,460,0.8656071585419413,0.7765957446808511,0.817629179331307,0.6464646464646465,0.8913043478260869,0.13013729139971894,0.050757772910982546,128,410,50,70,0.5,1.0,0.7112462006079028,0.7112462006079028,0.09270516717325228,0.2781954887218045,0.045714285714285714,468,468,133,525,37,24
hard,random_error_oracle,1,83,2,658,198,460,0.8875109793588054,0.7724308300395257,0.8085106382978723,0.6818181818181818,0.8630434782608696,0.12559178699588558,0.06070557443161512,135,397,63,63,0.5,1.0,1.1443768996960486,1.1443768996960486,0.1534954407294833,0.40601503759398494,0.08952380952380952,753,753,133,525,54,47
hard,random_error_oracle,1,83,3,658,198,460,0.8999505928853754,0.783610870280128,0.8161094224924013,0.7121212121212122,0.8608695652173913,0.12078600606420777,0.08353335947796602,141,396,64,57,0.5,1.0,1.3632218844984803,1.3632218844984803,0.1884498480243161,0.5112781954887218,0.10666666666666667,897,897,133,525,68,56
hard,random_error_oracle,1,83,4,658,198,460,0.9061813790074659,0.7930233495987418,0.8221884498480243,0.7424242424242424,0.8565217391304348,0.11803557027815384,0.08135269056406184,147,394,66,51,0.5,1.0,1.4437689969604863,1.4437689969604863,0.20972644376899696,0.5789473684210527,0.11619047619047619,950,950,133,525,77,61
hard,random_error_oracle,1,83,5,658,198,460,0.9043368467281511,0.792077723148773,0.8206686930091185,0.7474747474747475,0.8521739130434782,0.11906667227796663,0.08701514654718458,148,392,68,50,0.5,1.0,1.4635258358662615,1.4635258358662615,0.21428571428571427,0.5864661654135338,0.12,963,963,133,525,78,63
hard,random_error_oracle,1,83,6,658,198,460,0.9028162055335966,0.7900407305216135,0.8191489361702128,0.7424242424242424,0.8521739130434782,0.11991755871682708,0.08693657277883937,147,392,68,51,0.5,1.0,1.4680851063829787,1.4680851063829787,0.21580547112462006,0.5864661654135338,0.1219047619047619,966,966,133,525,78,64
hard,random_error_oracle,1,83,7,658,198,460,0.902849143610013,0.7900407305216135,0.8191489361702128,0.7424242424242424,0.8521739130434782,0.11987083060948461,0.08696343081317791,147,392,68,51,0.5,1.0,1.4696048632218845,1.4696048632218845,0.21580547112462006,0.5864661654135338,0.1219047619047619,967,967,133,525,78,64
hard,random_error_oracle,1,84,0,658,198,460,0.8401570048309178,0.7503843466107617,0.7978723404255319,0.601010101010101,0.8826086956521739,0.13351674514795986,0.04525037642258839,119,406,54,79,0.5,,0.0,0.0,0.0,0.0,0.0,0,0,133,525,0,0
hard,random_error_oracle,1,84,1,658,198,460,0.86477821695213,0.7676553672316384,0.8115501519756839,0.6262626262626263,0.8913043478260869,0.1283939554682103,0.07464188951565331,124,410,50,74,0.5,1.0,0.7112462006079028,0.7112462006079028,0.12006079027355623,0.3308270676691729,0.06666666666666667,468,468,133,525,44,35
hard,random_error_oracle,1,84,2,658,198,460,0.8855950812472553,0.7658773168675622,0.8024316109422492,0.6767676767676768,0.8565217391304348,0.12769822405769946,0.055973385930016877,134,394,66,64,0.5,1.0,1.1443768996960486,1.1443768996960486,0.15045592705167174,0.38345864661654133,0.09142857142857143,753,753,133,525,51,48
hard,random_error_oracle,1,84,3,658,198,460,0.8995223978919631,0.7853748217477214,0.8161094224924013,0.7272727272727273,0.8543478260869565,0.12178008496085645,0.07727522358296021,144,393,67,54,0.5,1.0,1.3632218844984803,1.3632218844984803,0.1945288753799392,0.5263157894736842,0.11047619047619048,897,897,133,525,70,58
hard,random_error_oracle,1,84,4,658,198,460,0.9059617918313569,0.7945189253217035,0.8237082066869301,0.7424242424242424,0.8586956521739131,0.118047348896607,0.08444290950183828,147,395,65,51,0.5,1.0,1.4437689969604863,1.4437689969604863,0.20820668693009117,0.5789473684210527,0.11428571428571428,950,950,133,525,77,60
hard,random_error_oracle,1,84,5,658,198,460,0.9055665349143609,0.7935694577397376,0.8221884498480243,0.7474747474747475,0.8543478260869565,0.11831138961465662,0.08882409085015158,148,393,67,50,0.5,1.0,1.4635258358662615,1.4635258358662615,0.2127659574468085,0.5864661654135338,0.1180952380952381,963,963,133,525,78,62
hard,random_error_oracle,1,84,6,658,198,460,0.9037659200702677,0.7900407305216135,0.8191489361702128,0.7424242424242424,0.8521739130434782,0.11935838593906917,0.08730577130177206,147,392,68,51,0.5,1.0,1.4680851063829787,1.4680851063829787,0.21580547112462006,0.5864661654135338,0.1219047619047619,966,966,133,525,78,64
hard,random_error_oracle,1,84,7,658,198,460,0.902849143610013,0.7900407305216135,0.8191489361702128,0.7424242424242424,0.8521739130434782,0.11987083060948461,0.08696343081317791,147,392,68,51,0.5,1.0,1.4696048632218845,1.4696048632218845,0.21580547112462006,0.5864661654135338,0.1219047619047619,967,967,133,525,78,64
hard,random_error_oracle,1,85,0,658,198,460,0.8401570048309178,0.7503843466107617,0.7978723404255319,0.601010101010101,0.8826086956521739,0.13351674514795986,0.04525037642258839,119,406,54,79,0.5,,0.0,0.0,0.0,0.0,0.0,0,0,133,525,0,0
hard,random_error_oracle,1,85,1,658,198,460,0.8529040404040406,0.7714028613085475,0.8145896656534954,0.6313131313131313,0.8934782608695652,0.1346164562331452,0.05573841082165956,125,411,49,73,0.5,1.0,0.7112462006079028,0.7112462006079028,0.10790273556231003,0.3082706766917293,0.05714285714285714,468,468,133,525,41,30
hard,random_error_oracle,1,85,2,658,198,460,0.884744180939833,0.7686603164220596,0.8039513677811551,0.6868686868686869,0.8543478260869565,0.1275440971348667,0.06337076129840728,136,393,67,62,0.5,1.0,1.1443768996960486,1.1443768996960486,0.1519756838905775,0.39097744360902253,0.09142857142857143,753,753,133,525,52,48
hard,random_error_oracle,1,85,3,658,198,460,0.9022068511198945,0.783610870280128,0.8161094224924013,0.7121212121212122,0.8608695652173913,0.12033863324951317,0.08661153729973209,141,396,64,57,0.5,1.0,1.3632218844984803,1.3632218844984803,0.19756838905775076,0.5338345864661654,0.11238095238095239,897,897,133,525,71,59
hard,random_error_oracle,1,85,4,658,198,460,0.9052591128678085,0.7950640089354756,0.8237082066869301,0.7474747474747475,0.8565217391304348,0.11845930285755225,0.08497564352500213,148,394,66,50,0.5,1.0,1.4437689969604863,1.4437689969604863,0.21124620060790272,0.5864661654135338,0.11619047619047619,950,950,133,525,78,61
hard,random_error_oracle,1,85,5,658,198,460,0.9036671058410188,0.792077723148773,0.8206686930091185,0.7474747474747475,0.8521739130434782,0.1195075267931554,0.08555784414772832,148,392,68,50,0.5,1.0,1.4635258358662615,1.4635258358662615,0.21428571428571427,0.5864661654135338,0.12,963,963,133,525,78,63
hard,random_error_oracle,1,85,6,658,198,460,0.9024978041282388,0.7900407305216135,0.8191489361702128,0.7424242424242424,0.8521739130434782,0.1201558540818666,0.08680724632722099,147,392,68,51,0.5,1.0,1.4680851063829787,1.4680851063829787,0.21580547112462006,0.5864661654135338,0.1219047619047619,966,966,133,525,78,64
hard,random_error_oracle,1,85,7,658,198,460,0.902849143610013,0.7900407305216135,0.8191489361702128,0.7424242424242424,0.8521739130434782,0.11987083060948461,0.08696343081317791,147,392,68,51,0.5,1.0,1.4696048632218845,1.4696048632218845,0.21580547112462006,0.5864661654135338,0.1219047619047619,967,967,133,525,78,64
hard,random_error_oracle,1,86,0,658,198,460,0.8401570048309178,0.7503843466107617,0.7978723404255319,0.601010101010101,0.8826086956521739,0.13351674514795986,0.04525037642258839,119,406,54,79,0.5,,0.0,0.0,0.0,0.0,0.0,0,0,133,525,0,0
hard,random_error_oracle,1,86,1,658,198,460,0.8832949055775143,0.7877659574468086,0.8267477203647416,0.6616161616161617,0.8978260869565218,0.12315844139804971,0.048261181117837705,131,413,47,67,0.5,1.0,0.7112462006079028,0.7112462006079028,0.11094224924012158,0.3458646616541353,0.05142857142857143,468,468,133,525,46,27
hard,random_error_oracle,1,86,2,658,198,460,0.8843050065876153,0.7650736546611614,0.8009118541033434,0.6818181818181818,0.8521739130434782,0.1276054419413244,0.0704073791360696,135,392,68,63,0.5,1.0,1.1443768996960486,1.1443768996960486,0.1702127659574468,0.42857142857142855,0.10476190476190476,753,753,133,525,57,55
hard,random_error_oracle,1,86,3,658,198,460,0.9025197628458498,0.7904141832944631,0.8206686930091185,0.7323232323232324,0.8586956521739131,0.12002000223125132,0.07904966843833953,145,395,65,53,0.5,1.0,1.3632218844984803,1.3632218844984803,0.196048632218845,0.5413533834586466,0.10857142857142857,897,897,133,525,72,57
hard,random_error_oracle,1,86,4,658,198,460,0.9043862538427755,0.7950640089354756,0.8237082066869301,0.7474747474747475,0.8565217391304348,0.11929040279803847,0.08170753205153077,148,394,66,50,0.5,1.0,1.4437689969604863,1.4437689969604863,0.21428571428571427,0.5939849624060151,0.1180952380952381,950,950,133,525,79,62
hard,random_error_oracle,1,86,5,658,198,460,0.9044356609574,0.792077723148773,0.8206686930091185,0.7474747474747475,0.8521739130434782,0.11901509606851311,0.08600740660394263,148,392,68,50,0.5,1.0,1.4635258358662615,1.4635258358662615,0.21428571428571427,0.5864661654135338,0.12,963,963,133,525,78,63
hard,random_error_oracle,1,86,6,658,198,460,0.9030742204655247,0.7900407305216135,0.8191489361702128,0.7424242424242424,0.8521739130434782,0.1196958841894916,0.08947480524571556,147,392,68,51,0.5,1.0,1.4680851063829787,1.4680851063829787,0.21580547112462006,0.5864661654135338,0.1219047619047619,966,966,133,525,78,64
hard,random_error_oracle,1,86,7,658,198,460,0.902849143610013,0.7900407305216135,0.8191489361702128,0.7424242424242424,0.8521739130434782,0.11987083060948461,0.08696343081317791,147,392,68,51,0.5,1.0,1.4696048632218845,1.4696048632218845,0.21580547112462006,0.5864661654135338,0.1219047619047619,967,967,133,525,78,64
hard,random_error_oracle,1,87,0,658,198,460,0.8401570048309178,0.7503843466107617,0.7978723404255319,0.601010101010101,0.8826086956521739,0.13351674514795986,0.04525037642258839,119,406,54,79,0.5,,0.0,0.0,0.0,0.0,0.0,0,0,133,525,0,0
hard,random_error_oracle,1,87,1,658,198,460,0.8773331137461572,0.7780026990553306,0.817629179331307,0.6565656565656566,0.8869565217391304,0.12543022147228097,0.060290407800037214,130,408,52,68,0.5,1.0,0.7112462006079028,0.7112462006079028,0.11398176291793313,0.3308270676691729,0.05904761904761905,468,468,133,525,44,31
hard,random_error_oracle,1,87,2,658,198,460,0.9022891963109355,0.7851007544335217,0.817629179331307,0.7121212121212122,0.8630434782608696,0.11954875087266663,0.07208148988464452,141,397,63,57,0.5,1.0,1.1443768996960486,1.1443768996960486,0.16869300911854104,0.46616541353383456,0.09333333333333334,753,753,133,525,62,49
hard,random_error_oracle,1,87,3,658,198,460,0.9001756697408871,0.7833095793383432,0.8145896656534954,0.7222222222222222,0.8543478260869565,0.12103456238114499,0.08412725906778955,143,393,67,55,0.5,1.0,1.3632218844984803,1.3632218844984803,0.20516717325227962,0.5488721804511278,0.1180952380952381,897,897,133,525,73,62
hard,random_error_oracle,1,87,4,658,198,460,0.9028491436100132,0.7915306297791906,0.8206686930091185,0.7424242424242424,0.8543478260869565,0.11994102040842165,0.08161117943976903,147,393,67,51,0.5,1.0,1.4437689969604863,1.4437689969604863,0.21124620060790272,0.5789473684210527,0.1180952380952381,950,950,133,525,77,62
hard,random_error_oracle,1,87,5,658,198,460,0.9033596837944663,0.7900407305216135,0.8191489361702128,0.7424242424242424,0.8521739130434782,0.11969271588818359,0.08701686504443287,147,392,68,51,0.5,1.0,1.4635258358662615,1.4635258358662615,0.21580547112462006,0.5864661654135338,0.1219047619047619,963,963,133,525,78,64
hard,random_error_oracle,1,87,6,658,198,460,0.9028162055335966,0.7900407305216135,0.8191489361702128,0.7424242424242424,0.8521739130434782,0.11991755871682708,0.08693657277883937,147,392,68,51,0.5,1.0,1.4680851063829787,1.4680851063829787,0.21580547112462006,0.5864661654135338,0.1219047619047619,966,966,133,525,78,64
hard,random_error_oracle,1,87,7,658,198,460,0.902849143610013,0.7900407305216135,0.8191489361702128,0.7424242424242424,0.8521739130434782,0.11987083060948461,0.08696343081317791,147,392,68,51,0.5,1.0,1.4696048632218845,1.4696048632218845,0.21580547112462006,0.5864661654135338,0.1219047619047619,967,967,133,525,78,64
hard,random_error_oracle,1,88,0,658,198,460,0.8401570048309178,0.7503843466107617,0.7978723404255319,0.601010101010101,0.8826086956521739,0.13351674514795986,0.04525037642258839,119,406,54,79,0.5,,0.0,0.0,0.0,0.0,0.0,0,0,133,525,0,0
hard,random_error_oracle,1,88,1,658,198,460,0.8593544137022399,0.7713748188574673,0.8130699088145896,0.6414141414141414,0.8869565217391304,0.13153048714195914,0.054615623114472815,127,408,52,71,0.5,1.0,0.7112462006079028,0.7112462006079028,0.09422492401215805,0.2706766917293233,0.049523809523809526,468,468,133,525,36,26
hard,random_error_oracle,1,88,2,658,198,460,0.8829765041721563,0.760204081632653,0.7993920972644377,0.6565656565656566,0.8608695652173913,0.12772321732761832,0.06110451131022444,130,396,64,68,0.5,1.0,1.1443768996960486,1.1443768996960486,0.14437689969604864,0.3609022556390977,0.08952380952380952,753,753,133,525,48,47
hard,random_error_oracle,1,88,3,658,198,460,0.8983476064997803,0.7827207275483138,0.8145896656534954,0.7171717171717171,0.8565217391304348,0.12191646586548201,0.0814417968910488,142,394,66,56,0.5,1.0,1.3632218844984803,1.3632218844984803,0.19300911854103345,0.518796992481203,0.11047619047619048,897,897,133,525,69,58
hard,random_error_oracle,1,88,4,658,198,460,0.9060935441370223,0.7930233495987418,0.8221884498480243,0.7424242424242424,0.8565217391304348,0.11802296373839292,0.0829542688158536,147,394,66,51,0.5,1.0,1.4437689969604863,1.4437689969604863,0.20972644376899696,0.5789473684210527,0.11619047619047619,950,950,133,525,77,61
hard,random_error_oracle,1,88,5,658,198,460,0.9034694773825208,0.792077723148773,0.8206686930091185,0.7474747474747475,0.8521739130434782,0.11955498749479136,0.0856552834860105,148,392,68,50,0.5,1.0,1.4635258358662615,1.4635258358662615,0.21428571428571427,0.5864661654135338,0.12,963,963,133,525,78,63
hard,random_error_oracle,1,88,6,658,198,460,0.9037659200702677,0.7900407305216135,0.8191489361702128,0.7424242424242424,0.8521739130434782,0.11935838593906917,0.08730577130177206,147,392,68,51,0.5,1.0,1.4680851063829787,1.4680851063829787,0.21580547112462006,0.5864661654135338,0.1219047619047619,966,966,133,525,78,64
hard,random_error_oracle,1,88,7,658,198,460,0.902849143610013,0.7900407305216135,0.8191489361702128,0.7424242424242424,0.8521739130434782,0.11987083060948461,0.08696343081317791,147,392,68,51,0.5,1.0,1.4696048632218845,1.4696048632218845,0.21580547112462006,0.5864661654135338,0.1219047619047619,967,967,133,525,78,64
hard,random_error_oracle,1,89,0,658,198,460,0.8401570048309178,0.7503843466107617,0.7978723404255319,0.601010101010101,0.8826086956521739,0.13351674514795986,0.04525037642258839,119,406,54,79,0.5,,0.0,0.0,0.0,0.0,0.0,0,0,133,525,0,0
hard,random_error_oracle,1,89,1,658,198,460,0.8654534475186649,0.7788097840978748,0.8191489361702128,0.6515151515151515,0.8913043478260869,0.12941626897838326,0.06495805406171631,129,410,50,69,0.5,1.0,0.7112462006079028,0.7112462006079028,0.1094224924012158,0.3233082706766917,0.05523809523809524,468,468,133,525,43,29
hard,random_error_oracle,1,89,2,658,198,460,0.8906455862977601,0.7775285531686802,0.8130699088145896,0.6868686868686869,0.8673913043478261,0.12359887428098944,0.06736849586904689,136,399,61,62,0.5,1.0,1.1443768996960486,1.1443768996960486,0.16109422492401215,0.43609022556390975,0.09142857142857143,753,753,133,525,58,48
hard,random_error_oracle,1,89,3,658,198,460,0.9020970575318401,0.7853748217477214,0.8161094224924013,0.7272727272727273,0.8543478260869565,0.11989887643733088,0.08167818698765174,144,393,67,54,0.5,1.0,1.3632218844984803,1.3632218844984803,0.1945288753799392,0.5263157894736842,0.11047619047619048,897,897,133,525,70,58
hard,random_error_oracle,1,89,4,658,198,460,0.9059672815107598,0.7965614119987633,0.8252279635258358,0.7474747474747475,0.8586956521739131,0.11826752271626978,0.08404203204264639,148,395,65,50,0.5,1.0,1.4437689969604863,1.4437689969604863,0.20972644376899696,0.5864661654135338,0.11428571428571428,950,950,133,525,78,60
hard,random_error_oracle,1,89,5,658,198,460,0.9040349143610011,0.7900407305216135,0.8191489361702128,0.7424242424242424,0.8521739130434782,0.11919591966734851,0.08909033727030911,147,392,68,51,0.5,1.0,1.4635258358662615,1.4635258358662615,0.21580547112462006,0.5864661654135338,0.1219047619047619,963,963,133,525,78,64
hard,random_error_oracle,1,89,6,658,198,460,0.903425559947299,0.7900407305216135,0.8191489361702128,0.7424242424242424,0.8521739130434782,0.11947267139077097,0.08721972865766618,147,392,68,51,0.5,1.0,1.4680851063829787,1.4680851063829787,0.21580547112462006,0.5864661654135338,0.1219047619047619,966,966,133,525,78,64
hard,random_error_oracle,1,89,7,658,198,460,0.902849143610013,0.7900407305216135,0.8191489361702128,0.7424242424242424,0.8521739130434782,0.11987083060948461,0.08696343081317791,147,392,68,51,0.5,1.0,1.4696048632218845,1.4696048632218845,0.21580547112462006,0.5864661654135338,0.1219047619047619,967,967,133,525,78,64
hard,random_error_oracle,1,90,0,658,198,460,0.8401570048309178,0.7503843466107617,0.7978723404255319,0.601010101010101,0.8826086956521739,0.13351674514795986,0.04525037642258839,119,406,54,79,0.5,,0.0,0.0,0.0,0.0,0.0,0,0,133,525,0,0
hard,random_error_oracle,1,90,1,658,198,460,0.8712285902503294,0.7742017381115125,0.8130699088145896,0.6616161616161617,0.8782608695652174,0.1294176473260254,0.06072573838690524,131,404,56,67,0.5,1.0,0.7112462006079028,0.7112462006079028,0.08814589665653495,0.2556390977443609,0.045714285714285714,468,468,133,525,34,24
hard,random_error_oracle,1,90,2,658,198,460,0.8913043478260869,0.7659970391934696,0.8039513677811551,0.6666666666666666,0.8630434782608696,0.12456549404121209,0.061418148526496685,132,397,63,66,0.5,1.0,1.1443768996960486,1.1443768996960486,0.14893617021276595,0.38345864661654133,0.08952380952380952,753,753,133,525,51,47
hard,random_error_oracle,1,90,3,658,198,460,0.9081247255160299,0.7924698689626728,0.8221884498480243,0.7373737373737373,0.8586956521739131,0.11744028044625424,0.08199377546857375,146,395,65,52,0.5,1.0,1.3632218844984803,1.3632218844984803,0.1945288753799392,0.5413533834586466,0.10666666666666667,897,897,133,525,72,56
hard,random_error_oracle,1,90,4,658,198,460,0.9058849363197189,0.7945189253217035,0.8237082066869301,0.7424242424242424,0.8586956521739131,0.11816992854843138,0.08380659412273223,147,395,65,51,0.5,1.0,1.4437689969604863,1.4437689969604863,0.21124620060790272,0.5864661654135338,0.11619047619047619,950,950,133,525,78,61
hard,random_error_oracle,1,90,5,658,198,460,0.903743961352657,0.792077723148773,0.8206686930091185,0.7474747474747475,0.8521739130434782,0.11944788757014616,0.087949744343971,148,392,68,50,0.5,1.0,1.4635258358662615,1.4635258358662615,0.21428571428571427,0.5864661654135338,0.12,963,963,133,525,78,63
hard,random_error_oracle,1,90,6,658,198,460,0.9024978041282388,0.7900407305216135,0.8191489361702128,0.7424242424242424,0.8521739130434782,0.1201558540818666,0.08680724632722099,147,392,68,51,0.5,1.0,1.4680851063829787,1.4680851063829787,0.21580547112462006,0.5864661654135338,0.1219047619047619,966,966,133,525,78,64
hard,random_error_oracle,1,90,7,658,198,460,0.902849143610013,0.7900407305216135,0.8191489361702128,0.7424242424242424,0.8521739130434782,0.11987083060948461,0.08696343081317791,147,392,68,51,0.5,1.0,1.4696048632218845,1.4696048632218845,0.21580547112462006,0.5864661654135338,0.1219047619047619,967,967,133,525,78,64
hard,random_error_oracle,1,91,0,658,198,460,0.8401570048309178,0.7503843466107617,0.7978723404255319,0.601010101010101,0.8826086956521739,0.13351674514795986,0.04525037642258839,119,406,54,79,0.5,,0.0,0.0,0.0,0.0,0.0,0,0,133,525,0,0
hard,random_error_oracle,1,91,1,658,198,460,0.869806763285024,0.7756951895565093,0.8145896656534954,0.6616161616161617,0.8804347826086957,0.12878841144920639,0.06189667997752127,131,405,55,67,0.5,1.0,0.7112462006079028,0.7112462006079028,0.11702127659574468,0.3308270676691729,0.06285714285714286,468,468,133,525,44,33
hard,random_error_oracle,1,91,2,658,198,460,0.8887736056214317,0.768007805773977,0.8039513677811551,0.6818181818181818,0.8565217391304348,0.12595478237561736,0.0673854639404147,135,394,66,63,0.5,1.0,1.1443768996960486,1.1443768996960486,0.1519756838905775,0.39097744360902253,0.09142857142857143,753,753,133,525,52,48
hard,random_error_oracle,1,91,3,658,198,460,0.9061649099692577,0.7898446381205002,0.8206686930091185,0.7272727272727273,0.8608695652173913,0.1180356218411688,0.08271453317281396,144,396,64,54,0.5,1.0,1.3632218844984803,1.3632218844984803,0.196048632218845,0.5413533834586466,0.10857142857142857,897,897,133,525,72,57
hard,random_error_oracle,1,91,4,658,198,460,0.9054512516469038,0.7915306297791906,0.8206686930091185,0.7424242424242424,0.8543478260869565,0.11846026131511006,0.08428009450494796,147,393,67,51,0.5,1.0,1.4437689969604863,1.4437689969604863,0.20820668693009117,0.5714285714285714,0.11619047619047619,950,950,133,525,76,61
hard,random_error_oracle,1,91,5,658,198,460,0.9046662274923143,0.792077723148773,0.8206686930091185,0.7474747474747475,0.8521739130434782,0.1188781087714426,0.08846260087834303,148,392,68,50,0.5,1.0,1.4635258358662615,1.4635258358662615,0.21428571428571427,0.5864661654135338,0.12,963,963,133,525,78,63
hard,random_error_oracle,1,91,6,658,198,460,0.9028162055335966,0.7900407305216135,0.8191489361702128,0.7424242424242424,0.8521739130434782,0.11991755871682708,0.08693657277883937,147,392,68,51,0.5,1.0,1.4680851063829787,1.4680851063829787,0.21580547112462006,0.5864661654135338,0.1219047619047619,966,966,133,525,78,64
hard,random_error_oracle,1,91,7,658,198,460,0.902849143610013,0.7900407305216135,0.8191489361702128,0.7424242424242424,0.8521739130434782,0.11987083060948461,0.08696343081317791,147,392,68,51,0.5,1.0,1.4696048632218845,1.4696048632218845,0.21580547112462006,0.5864661654135338,0.1219047619047619,967,967,133,525,78,64
hard,random_error_oracle,1,92,0,658,198,460,0.8401570048309178,0.7503843466107617,0.7978723404255319,0.601010101010101,0.8826086956521739,0.13351674514795986,0.04525037642258839,119,406,54,79,0.5,,0.0,0.0,0.0,0.0,0.0,0,0,133,525,0,0
hard,random_error_oracle,1,92,1,658,198,460,0.8732707509881422,0.7714028613085475,0.8145896656534954,0.6313131313131313,0.8934782608695652,0.12880374176406958,0.05123358638365498,125,411,49,73,0.5,1.0,0.7112462006079028,0.7112462006079028,0.10182370820668693,0.2932330827067669,0.05333333333333334,468,468,133,525,39,28
hard,random_error_oracle,1,92,2,658,198,460,0.8850955204216074,0.7645264653093584,0.8024316109422492,0.6666666666666666,0.8608695652173913,0.12719871885510536,0.06625675167027761,132,396,64,66,0.5,1.0,1.1443768996960486,1.1443768996960486,0.1595744680851064,0.40601503759398494,0.09714285714285714,753,753,133,525,54,51
hard,random_error_oracle,1,92,3,658,198,460,0.9008399209486164,0.7791587722622206,0.8115501519756839,0.7121212121212122,0.8543478260869565,0.1211706784185134,0.07923685513963735,141,393,67,57,0.5,1.0,1.3632218844984803,1.3632218844984803,0.19908814589665655,0.5263157894736842,0.11619047619047619,897,897,133,525,70,61
hard,random_error_oracle,1,92,4,658,198,460,0.9021684233640755,0.792077723148773,0.8206686930091185,0.7474747474747475,0.8521739130434782,0.12052161130932808,0.08181547578491936,148,392,68,50,0.5,1.0,1.4437689969604863,1.4437689969604863,0.21124620060790272,0.5789473684210527,0.1180952380952381,950,950,133,525,77,62
hard,random_error_oracle,1,92,5,658,198,460,0.9035408432147561,0.792077723148773,0.8206686930091185,0.7474747474747475,0.8521739130434782,0.11948624888277766,0.0867354054962569,148,392,68,50,0.5,1.0,1.4635258358662615,1.4635258358662615,0.21428571428571427,0.5864661654135338,0.12,963,963,133,525,78,63
hard,random_error_oracle,1,92,6,658,198,460,0.9030742204655247,0.7900407305216135,0.8191489361702128,0.7424242424242424,0.8521739130434782,0.1196958841894916,0.08947480524571556,147,392,68,51,0.5,1.0,1.4680851063829787,1.4680851063829787,0.21580547112462006,0.5864661654135338,0.1219047619047619,966,966,133,525,78,64
hard,random_error_oracle,1,92,7,658,198,460,0.902849143610013,0.7900407305216135,0.8191489361702128,0.7424242424242424,0.8521739130434782,0.11987083060948461,0.08696343081317791,147,392,68,51,0.5,1.0,1.4696048632218845,1.4696048632218845,0.21580547112462006,0.5864661654135338,0.1219047619047619,967,967,133,525,78,64
hard,random_error_oracle,1,93,0,658,198,460,0.8401570048309178,0.7503843466107617,0.7978723404255319,0.601010101010101,0.8826086956521739,0.13351674514795986,0.04525037642258839,119,406,54,79,0.5,,0.0,0.0,0.0,0.0,0.0,0,0,133,525,0,0
hard,random_error_oracle,1,93,1,658,198,460,0.8714042599912165,0.7744128906919605,0.817629179331307,0.6313131313131313,0.8978260869565218,0.12777659735763947,0.070842876286904,125,413,47,73,0.5,1.0,0.7112462006079028,0.7112462006079028,0.08662613981762918,0.2631578947368421,0.0419047619047619,468,468,133,525,35,22
hard,random_error_oracle,1,93,2,658,198,460,0.8965689503732981,0.7853816573156125,0.8191489361702128,0.702020202020202,0.8695652173913043,0.12183343682103938,0.06578824824984682,139,400,60,59,0.5,1.0,1.1443768996960486,1.1443768996960486,0.1641337386018237,0.45864661654135336,0.08952380952380952,753,753,133,525,61,47
hard,random_error_oracle,1,93,3,658,198,460,0.9040184453227931,0.7892674135834636,0.8206686930091185,0.7222222222222222,0.8630434782608696,0.11912717979243834,0.08219265464824994,143,397,63,55,0.5,1.0,1.3632218844984803,1.3632218844984803,0.19300911854103345,0.5338345864661654,0.10666666666666667,897,897,133,525,71,56
hard,random_error_oracle,1,93,4,658,198,460,0.9075483091787441,0.7945189253217035,0.8237082066869301,0.7424242424242424,0.8586956521739131,0.11719540913417441,0.0831954148811264,147,395,65,51,0.5,1.0,1.4437689969604863,1.4437689969604863,0.21124620060790272,0.5864661654135338,0.11619047619047619,950,950,133,525,78,61
hard,random_error_oracle,1,93,5,658,198,460,0.9036231884057971,0.7900407305216135,0.8191489361702128,0.7424242424242424,0.8521739130434782,0.11934244813964906,0.08555180746405322,147,392,68,51,0.5,1.0,1.4635258358662615,1.4635258358662615,0.21580547112462006,0.5864661654135338,0.1219047619047619,963,963,133,525,78,64
hard,random_error_oracle,1,93,6,658,198,460,0.9030742204655247,0.7900407305216135,0.8191489361702128,0.7424242424242424,0.8521739130434782,0.1196958841894916,0.08947480524571556,147,392,68,51,0.5,1.0,1.4680851063829787,1.4680851063829787,0.21580547112462006,0.5864661654135338,0.1219047619047619,966,966,133,525,78,64
hard,random_error_oracle,1,93,7,658,198,460,0.902849143610013,0.7900407305216135,0.8191489361702128,0.7424242424242424,0.8521739130434782,0.11987083060948461,0.08696343081317791,147,392,68,51,0.5,1.0,1.4696048632218845,1.4696048632218845,0.21580547112462006,0.5864661654135338,0.1219047619047619,967,967,133,525,78,64
hard,random_error_oracle,1,94,0,658,198,460,0.8401570048309178,0.7503843466107617,0.7978723404255319,0.601010101010101,0.8826086956521739,0.13351674514795986,0.04525037642258839,119,406,54,79,0.5,,0.0,0.0,0.0,0.0,0.0,0,0,133,525,0,0
hard,random_error_oracle,1,94,1,658,198,460,0.8683794466403162,0.7691130854632475,0.8100303951367781,0.6464646464646465,0.8804347826086957,0.13016822479541426,0.05093878262660447,128,405,55,70,0.5,1.0,0.7112462006079028,0.7112462006079028,0.11854103343465046,0.3233082706766917,0.06666666666666667,468,468,133,525,43,35
hard,random_error_oracle,1,94,2,658,198,460,0.8910628019323671,0.7657274711297253,0.8009118541033434,0.6868686868686869,0.85,0.12526672478132392,0.07139152121833567,136,391,69,62,0.5,1.0,1.1443768996960486,1.1443768996960486,0.1580547112462006,0.39849624060150374,0.09714285714285714,753,753,133,525,53,51
hard,random_error_oracle,1,94,3,658,198,460,0.9007081686429512,0.7847946956857847,0.8161094224924013,0.7222222222222222,0.8565217391304348,0.12105772208000457,0.07934715114469788,143,394,66,55,0.5,1.0,1.3632218844984803,1.3632218844984803,0.1945288753799392,0.5263157894736842,0.11047619047619048,897,897,133,525,70,58
hard,random_error_oracle,1,94,4,658,198,460,0.9062747035573123,0.7935694577397376,0.8221884498480243,0.7474747474747475,0.8543478260869565,0.11816939178078636,0.08172773851098589,148,393,67,50,0.5,1.0,1.4437689969604863,1.4437689969604863,0.20972644376899696,0.5789473684210527,0.11619047619047619,950,950,133,525,77,61
hard,random_error_oracle,1,94,5,658,198,460,0.9050559947299077,0.792077723148773,0.8206686930091185,0.7474747474747475,0.8521739130434782,0.11869369458641266,0.08727059046952579,148,392,68,50,0.5,1.0,1.4635258358662615,1.4635258358662615,0.21428571428571427,0.5864661654135338,0.12,963,963,133,525,78,63
hard,random_error_oracle,1,94,6,658,198,460,0.9030742204655247,0.7900407305216135,0.8191489361702128,0.7424242424242424,0.8521739130434782,0.1196958841894916,0.08947480524571556,147,392,68,51,0.5,1.0,1.4680851063829787,1.4680851063829787,0.21580547112462006,0.5864661654135338,0.1219047619047619,966,966,133,525,78,64
hard,random_error_oracle,1,94,7,658,198,460,0.902849143610013,0.7900407305216135,0.8191489361702128,0.7424242424242424,0.8521739130434782,0.11987083060948461,0.08696343081317791,147,392,68,51,0.5,1.0,1.4696048632218845,1.4696048632218845,0.21580547112462006,0.5864661654135338,0.1219047619047619,967,967,133,525,78,64
hard,random_error_oracle,1,95,0,658,198,460,0.8401570048309178,0.7503843466107617,0.7978723404255319,0.601010101010101,0.8826086956521739,0.13351674514795986,0.04525037642258839,119,406,54,79,0.5,,0.0,0.0,0.0,0.0,0.0,0,0,133,525,0,0
hard,random_error_oracle,1,95,1,658,198,460,0.8735507246376812,0.7904037017167382,0.8267477203647416,0.6818181818181818,0.8891304347826087,0.12699150690664002,0.057785856618671784,135,409,51,63,0.5,1.0,0.7112462006079028,0.7112462006079028,0.11094224924012158,0.3458646616541353,0.05142857142857143,468,468,133,525,46,27
hard,random_error_oracle,1,95,2,658,198,460,0.894609134826526,0.7775285531686802,0.8130699088145896,0.6868686868686869,0.8673913043478261,0.12256283291489238,0.06734615709380093,136,399,61,62,0.5,1.0,1.1443768996960486,1.1443768996960486,0.1580547112462006,0.42857142857142855,0.08952380952380952,753,753,133,525,57,47
hard,random_error_oracle,1,95,3,658,198,460,0.9077129995608255,0.7949072380100555,0.8252279635258358,0.7323232323232324,0.8652173913043478,0.11718826733953921,0.0847651788580365,145,398,62,53,0.5,1.0,1.3632218844984803,1.3632218844984803,0.2006079027355623,0.5639097744360902,0.10857142857142857,897,897,133,525,75,57
hard,random_error_oracle,1,95,4,658,198,460,0.9055939833113746,0.7930233495987418,0.8221884498480243,0.7424242424242424,0.8565217391304348,0.11833623033445806,0.0838368892245763,147,394,66,51,0.5,1.0,1.4437689969604863,1.4437689969604863,0.20972644376899696,0.5789473684210527,0.11619047619047619,950,950,133,525,77,61
hard,random_error_oracle,1,95,5,658,198,460,0.9038647342995169,0.792077723148773,0.8206686930091185,0.7474747474747475,0.8521739130434782,0.11945434636500145,0.08559747535236026,148,392,68,50,0.5,1.0,1.4635258358662615,1.4635258358662615,0.21428571428571427,0.5864661654135338,0.12,963,963,133,525,78,63
hard,random_error_oracle,1,95,6,658,198,460,0.9024978041282388,0.7900407305216135,0.8191489361702128,0.7424242424242424,0.8521739130434782,0.1201558540818666,0.08680724632722099,147,392,68,51,0.5,1.0,1.4680851063829787,1.4680851063829787,0.21580547112462006,0.5864661654135338,0.1219047619047619,966,966,133,525,78,64
hard,random_error_oracle,1,95,7,658,198,460,0.902849143610013,0.7900407305216135,0.8191489361702128,0.7424242424242424,0.8521739130434782,0.11987083060948461,0.08696343081317791,147,392,68,51,0.5,1.0,1.4696048632218845,1.4696048632218845,0.21580547112462006,0.5864661654135338,0.1219047619047619,967,967,133,525,78,64
hard,random_error_oracle,1,96,0,658,198,460,0.8401570048309178,0.7503843466107617,0.7978723404255319,0.601010101010101,0.8826086956521739,0.13351674514795986,0.04525037642258839,119,406,54,79,0.5,,0.0,0.0,0.0,0.0,0.0,0,0,133,525,0,0
hard,random_error_oracle,1,96,1,658,198,460,0.872106938954765,0.7800434564599699,0.817629179331307,0.6717171717171717,0.8804347826086957,0.12852774971895664,0.05476209057569605,133,405,55,65,0.5,1.0,0.7112462006079028,0.7112462006079028,0.10486322188449848,0.3082706766917293,0.05333333333333334,468,468,133,525,41,28
hard,random_error_oracle,1,96,2,658,198,460,0.8879336846728151,0.7671924839696485,0.8024316109422492,0.6868686868686869,0.8521739130434782,0.12676975588130893,0.05924390497225817,136,392,68,62,0.5,1.0,1.1443768996960486,1.1443768996960486,0.1534954407294833,0.39097744360902253,0.09333333333333334,753,753,133,525,52,49
hard,random_error_oracle,1,96,3,658,198,460,0.899802371541502,0.7749804585721729,0.8085106382978723,0.702020202020202,0.8543478260869565,0.1209478941972167,0.0875211285370487,139,393,67,59,0.5,1.0,1.3632218844984803,1.3632218844984803,0.19300911854103345,0.5037593984962406,0.11428571428571428,897,897,133,525,67,60
hard,random_error_oracle,1,96,4,658,198,460,0.905050505050505,0.7930233495987418,0.8221884498480243,0.7424242424242424,0.8565217391304348,0.11863309799762321,0.08256121128021315,147,394,66,51,0.5,1.0,1.4437689969604863,1.4437689969604863,0.20972644376899696,0.5789473684210527,0.11619047619047619,950,950,133,525,77,61
hard,random_error_oracle,1,96,5,658,198,460,0.9053304787000439,0.7935694577397376,0.8221884498480243,0.7474747474747475,0.8543478260869565,0.11843165094865382,0.08769985180825343,148,393,67,50,0.5,1.0,1.4635258358662615,1.4635258358662615,0.2127659574468085,0.5864661654135338,0.1180952380952381,963,963,133,525,78,62
hard,random_error_oracle,1,96,6,658,198,460,0.9037659200702677,0.7900407305216135,0.8191489361702128,0.7424242424242424,0.8521739130434782,0.11935838593906917,0.08730577130177206,147,392,68,51,0.5,1.0,1.4680851063829787,1.4680851063829787,0.21580547112462006,0.5864661654135338,0.1219047619047619,966,966,133,525,78,64
hard,random_error_oracle,1,96,7,658,198,460,0.902849143610013,0.7900407305216135,0.8191489361702128,0.7424242424242424,0.8521739130434782,0.11987083060948461,0.08696343081317791,147,392,68,51,0.5,1.0,1.4696048632218845,1.4696048632218845,0.21580547112462006,0.5864661654135338,0.1219047619047619,967,967,133,525,78,64
hard,random_error_oracle,1,97,0,658,198,460,0.8401570048309178,0.7503843466107617,0.7978723404255319,0.601010101010101,0.8826086956521739,0.13351674514795986,0.04525037642258839,119,406,54,79,0.5,,0.0,0.0,0.0,0.0,0.0,0,0,133,525,0,0
hard,random_error_oracle,1,97,1,658,198,460,0.8705588493631972,0.7750036436203012,0.8145896656534954,0.6565656565656566,0.8826086956521739,0.12974947256870148,0.06418182546446746,130,406,54,68,0.5,1.0,0.7112462006079028,0.7112462006079028,0.10486322188449848,0.3007518796992481,0.05523809523809524,468,468,133,525,40,29
hard,random_error_oracle,1,97,2,658,198,460,0.8858750548967941,0.7684729064039408,0.8024316109422492,0.696969696969697,0.8478260869565217,0.12761863581388364,0.06754746975003878,138,390,70,60,0.5,1.0,1.1443768996960486,1.1443768996960486,0.1656534954407295,0.42105263157894735,0.10095238095238095,753,753,133,525,56,53
hard,random_error_oracle,1,97,3,658,198,460,0.8961791831357048,0.7738637339977661,0.8054711246200608,0.7171717171717171,0.8434782608695652,0.12420008847362742,0.08463754953025089,142,388,72,56,0.5,1.0,1.3632218844984803,1.3632218844984803,0.196048632218845,0.5037593984962406,0.1180952380952381,897,897,133,525,67,62
hard,random_error_oracle,1,97,4,658,198,460,0.9036451471234079,0.7894852871987204,0.8191489361702128,0.7373737373737373,0.8543478260869565,0.11938075815013058,0.08159936870278377,146,393,67,52,0.5,1.0,1.4437689969604863,1.4437689969604863,0.20972644376899696,0.5714285714285714,0.1180952380952381,950,950,133,525,76,62
hard,random_error_oracle,1,97,5,658,198,460,0.903463987703118,0.792077723148773,0.8206686930091185,0.7474747474747475,0.8521739130434782,0.11963861817344258,0.08768296748403302,148,392,68,50,0.5,1.0,1.4635258358662615,1.4635258358662615,0.21428571428571427,0.5864661654135338,0.12,963,963,133,525,78,63
hard,random_error_oracle,1,97,6,658,198,460,0.9024978041282388,0.7900407305216135,0.8191489361702128,0.7424242424242424,0.8521739130434782,0.1201558540818666,0.08680724632722099,147,392,68,51,0.5,1.0,1.4680851063829787,1.4680851063829787,0.21580547112462006,0.5864661654135338,0.1219047619047619,966,966,133,525,78,64
hard,random_error_oracle,1,97,7,658,198,460,0.902849143610013,0.7900407305216135,0.8191489361702128,0.7424242424242424,0.8521739130434782,0.11987083060948461,0.08696343081317791,147,392,68,51,0.5,1.0,1.4696048632218845,1.4696048632218845,0.21580547112462006,0.5864661654135338,0.1219047619047619,967,967,133,525,78,64
hard,random_error_oracle,1,98,0,658,198,460,0.8401570048309178,0.7503843466107617,0.7978723404255319,0.601010101010101,0.8826086956521739,0.13351674514795986,0.04525037642258839,119,406,54,79,0.5,,0.0,0.0,0.0,0.0,0.0,0,0,133,525,0,0
hard,random_error_oracle,1,98,1,658,198,460,0.8655357927097058,0.7796132929141546,0.8206686930091185,0.6464646464646465,0.8956521739130435,0.12859060563290892,0.0516059201522098,128,412,48,70,0.5,1.0,0.7112462006079028,0.7112462006079028,0.10182370820668693,0.3082706766917293,0.049523809523809526,468,468,133,525,41,26
hard,random_error_oracle,1,98,2,658,198,460,0.8807751427316644,0.7608142493638677,0.7978723404255319,0.6717171717171717,0.8521739130434782,0.12912745166038583,0.06086204836009084,133,392,68,65,0.5,1.0,1.1443768996960486,1.1443768996960486,0.16109422492401215,0.39849624060150374,0.10095238095238095,753,753,133,525,53,53
hard,random_error_oracle,1,98,3,658,198,460,0.9003348704435662,0.7782797745327701,0.8100303951367781,0.7171717171717171,0.85,0.12126846729586857,0.08872797273140731,142,391,69,56,0.5,1.0,1.3632218844984803,1.3632218844984803,0.19756838905775076,0.518796992481203,0.11619047619047619,897,897,133,525,69,61
hard,random_error_oracle,1,98,4,658,198,460,0.9056543697848045,0.7909761481720777,0.8206686930091185,0.7373737373737373,0.8565217391304348,0.11829725126840802,0.08509430626987591,146,394,66,52,0.5,1.0,1.4437689969604863,1.4437689969604863,0.21124620060790272,0.5789473684210527,0.1180952380952381,950,950,133,525,77,62
hard,random_error_oracle,1,98,5,658,198,460,0.9034914361001316,0.7900407305216135,0.8191489361702128,0.7424242424242424,0.8521739130434782,0.11949557311200981,0.08778385603038823,147,392,68,51,0.5,1.0,1.4635258358662615,1.4635258358662615,0.21580547112462006,0.5864661654135338,0.1219047619047619,963,963,133,525,78,64
hard,random_error_oracle,1,98,6,658,198,460,0.9030742204655247,0.7900407305216135,0.8191489361702128,0.7424242424242424,0.8521739130434782,0.1196958841894916,0.08947480524571556,147,392,68,51,0.5,1.0,1.4680851063829787,1.4680851063829787,0.21580547112462006,0.5864661654135338,0.1219047619047619,966,966,133,525,78,64
hard,random_error_oracle,1,98,7,658,198,460,0.902849143610013,0.7900407305216135,0.8191489361702128,0.7424242424242424,0.8521739130434782,0.11987083060948461,0.08696343081317791,147,392,68,51,0.5,1.0,1.4696048632218845,1.4696048632218845,0.21580547112462006,0.5864661654135338,0.1219047619047619,967,967,133,525,78,64
hard,random_error_oracle,1,99,0,658,198,460,0.8401570048309178,0.7503843466107617,0.7978723404255319,0.601010101010101,0.8826086956521739,0.13351674514795986,0.04525037642258839,119,406,54,79,0.5,,0.0,0.0,0.0,0.0,0.0,0,0,133,525,0,0
hard,random_error_oracle,1,99,1,658,198,460,0.8635375494071147,0.7748850560325765,0.8130699088145896,0.6666666666666666,0.8760869565217392,0.1301827670592089,0.06027608376186595,132,403,57,66,0.5,1.0,0.7112462006079028,0.7112462006079028,0.12158054711246201,0.3383458646616541,0.06666666666666667,468,468,133,525,45,35
hard,random_error_oracle,1,99,2,658,198,460,0.8868796662274923,0.7622754294347555,0.7993920972644377,0.6717171717171717,0.8543478260869565,0.12544740125718573,0.07209004162553688,133,393,67,65,0.5,1.0,1.1443768996960486,1.1443768996960486,0.1595744680851064,0.39849624060150374,0.09904761904761905,753,753,133,525,53,52
hard,random_error_oracle,1,99,3,658,198,460,0.9019323671497583,0.7842067460801453,0.8161094224924013,0.7171717171717171,0.8586956521739131,0.11985385742708358,0.08344805195056991,142,395,65,56,0.5,1.0,1.3632218844984803,1.3632218844984803,0.19756838905775076,0.5338345864661654,0.11238095238095239,897,897,133,525,71,59
hard,random_error_oracle,1,99,4,658,198,460,0.9045125164690382,0.7904141832944631,0.8206686930091185,0.7323232323232324,0.8586956521739131,0.11880932074573278,0.08117489478811447,145,395,65,53,0.5,1.0,1.4437689969604863,1.4437689969604863,0.21124620060790272,0.5789473684210527,0.1180952380952381,950,950,133,525,77,62
hard,random_error_oracle,1,99,5,658,198,460,0.9025362318840581,0.7900407305216135,0.8191489361702128,0.7424242424242424,0.8521739130434782,0.12001054443765198,0.0851289120214812,147,392,68,51,0.5,1.0,1.4635258358662615,1.4635258358662615,0.21580547112462006,0.5864661654135338,0.1219047619047619,963,963,133,525,78,64
hard,random_error_oracle,1,99,6,658,198,460,0.9032938076416337,0.7900407305216135,0.8191489361702128,0.7424242424242424,0.8521739130434782,0.1196051084685608,0.08941601804018354,147,392,68,51,0.5,1.0,1.4680851063829787,1.4680851063829787,0.21580547112462006,0.5864661654135338,0.1219047619047619,966,966,133,525,78,64
hard,random_error_oracle,1,99,7,658,198,460,0.902849143610013,0.7900407305216135,0.8191489361702128,0.7424242424242424,0.8521739130434782,0.11987083060948461,0.08696343081317791,147,392,68,51,0.5,1.0,1.4696048632218845,1.4696048632218845,0.21580547112462006,0.5864661654135338,0.1219047619047619,967,967,133,525,78,64
hard,confidently_wrong_oracle,1,0,0,658,198,460,0.8401570048309178,0.7503843466107617,0.7978723404255319,0.601010101010101,0.8826086956521739,0.13351674514795986,0.04525037642258839,119,406,54,79,0.5,,0.0,0.0,0.0,0.0,0.0,0,0,133,525,0,0
hard,confidently_wrong_oracle,1,0,1,658,198,460,0.8559233640755379,0.7624608564976115,0.8039513677811551,0.6414141414141414,0.8739130434782608,0.13660694902218604,0.0661360981727875,127,402,58,71,0.5,1.0,0.7112462006079028,0.7112462006079028,0.11854103343465046,0.3082706766917293,0.07047619047619047,468,468,133,525,41,37
hard,confidently_wrong_oracle,1,0,2,658,198,460,0.8820377689942908,0.7650736546611614,0.8009118541033434,0.6818181818181818,0.8521739130434782,0.1294982883677488,0.05985992620538358,135,392,68,63,0.5,1.0,1.1443768996960486,1.1443768996960486,0.1641337386018237,0.41353383458646614,0.10095238095238095,753,753,133,525,55,53
hard,confidently_wrong_oracle,1,0,3,658,198,460,0.8961517347386913,0.7764575106199669,0.8100303951367781,0.702020202020202,0.8565217391304348,0.12298255053685998,0.07762520882536515,139,394,66,59,0.5,1.0,1.3632218844984803,1.3632218844984803,0.19148936170212766,0.5037593984962406,0.11238095238095239,897,897,133,525,67,59
hard,confidently_wrong_oracle,1,0,4,658,198,460,0.9053359683794466,0.7930233495987418,0.8221884498480243,0.7424242424242424,0.8565217391304348,0.11842433320660159,0.08298487770974501,147,394,66,51,0.5,1.0,1.4437689969604863,1.4437689969604863,0.2066869300911854,0.5714285714285714,0.11428571428571428,950,950,133,525,76,60
hard,confidently_wrong_oracle,1,0,5,658,198,460,0.9047101449275361,0.792077723148773,0.8206686930091185,0.7474747474747475,0.8521739130434782,0.11882467906925999,0.0886816947921126,148,392,68,50,0.5,1.0,1.4635258358662615,1.4635258358662615,0.21428571428571427,0.5864661654135338,0.12,963,963,133,525,78,63
hard,confidently_wrong_oracle,1,0,6,658,198,460,0.9030742204655247,0.7900407305216135,0.8191489361702128,0.7424242424242424,0.8521739130434782,0.1196958841894916,0.08947480524571556,147,392,68,51,0.5,1.0,1.4680851063829787,1.4680851063829787,0.21580547112462006,0.5864661654135338,0.1219047619047619,966,966,133,525,78,64
hard,confidently_wrong_oracle,1,0,7,658,198,460,0.902849143610013,0.7900407305216135,0.8191489361702128,0.7424242424242424,0.8521739130434782,0.11987083060948461,0.08696343081317791,147,392,68,51,0.5,1.0,1.4696048632218845,1.4696048632218845,0.21580547112462006,0.5864661654135338,0.1219047619047619,967,967,133,525,78,64
hard,active,0,0,0,658,198,460,0.8401570048309178,0.7503843466107617,0.7978723404255319,0.601010101010101,0.8826086956521739,0.13351674514795986,0.04525037642258839,119,406,54,79,0.5,,0.0,0.0,0.0,0.0,0.0,0,0,133,525,0,0
hard,active,0,0,1,658,198,460,0.8698671497584543,0.7565048883766522,0.8009118541033434,0.6212121212121212,0.8782608695652174,0.12917526161475337,0.05691423033364349,123,404,56,75,0.5,0.3541033434650456,0.3541033434650456,1.0,0.08814589665653495,0.22556390977443608,0.05333333333333334,658,233,133,525,30,28
hard,active,0,0,2,658,198,460,0.8888888888888888,0.7801956573610116,0.8191489361702128,0.6616161616161617,0.8869565217391304,0.12227114087042082,0.05321407677341374,131,408,52,67,0.5,0.3282674772036474,0.6565349544072948,2.0,0.1276595744680851,0.3684210526315789,0.06666666666666667,1316,432,133,525,49,35
hard,active,0,0,3,658,198,460,0.8988252086078173,0.7762245109559688,0.8130699088145896,0.6767676767676768,0.8717391304347826,0.11949743325275126,0.0736220204725104,134,401,59,64,0.5,0.30547112462006076,0.9164133738601824,3.0,0.1519756838905775,0.41353383458646614,0.08571428571428572,1974,603,133,525,55,45
hard,active,0,0,4,658,198,460,0.9028052261747913,0.7815191003407471,0.8145896656534954,0.7070707070707071,0.8608695652173913,0.11922504070333075,0.07708585017679809,140,396,64,58,0.5,0.2815349544072948,1.1261398176291793,4.0,0.19300911854103345,0.518796992481203,0.11047619047619048,2632,741,133,525,69,58
hard,active,0,0,5,658,198,460,0.9037165129556434,0.7827207275483138,0.8145896656534954,0.7171717171717171,0.8565217391304348,0.11901331471513009,0.08307470063087728,142,394,66,56,0.5,0.25835866261398177,1.2917933130699089,5.0,0.20212765957446807,0.5413533834586466,0.11619047619047619,3290,850,133,525,72,61
hard,active,0,0,6,658,198,460,0.9027887571365834,0.7879972506229058,0.817629179331307,0.7373737373737373,0.8521739130434782,0.1199234999316205,0.08505526028228819,146,392,68,52,0.5,0.23328267477203649,1.3996960486322187,6.0,0.21124620060790272,0.5714285714285714,0.12,3948,921,133,525,76,63
hard,active,0,0,7,658,198,460,0.902849143610013,0.7900407305216135,0.8191489361702128,0.7424242424242424,0.8521739130434782,0.11987083060948461,0.08696343081317791,147,392,68,51,0.5,0.20994355188884065,1.4696048632218845,7.0,0.21580547112462006,0.5864661654135338,0.1219047619047619,4606,967,133,525,78,64
